{"display":{"head":{},"firstperson_righthand":{},"thirdperson_lefthand":{},"firstperson_lefthand":{},"fixed":{},"ground":{},"thirdperson_righthand":{},"gui":{"rotation":[-150.0,-45.0,180.0]}},"elements":[{"from":[2.054851,8.001118,2.2115145],"to":[8.311451,8.001118,27.237915],"faces":{"up":{"uv":[0.4375,5.3125,0.0,3.5625],"texture":"#0","tintindex":0},"down":{"uv":[0.4375,3.5625,0.0,5.3125],"texture":"#0","tintindex":0}}},{"from":[3.060814,7.5653896,5.7675114],"to":[8.4236145,8.01229,7.5551114],"rotation":{"origin":[5.742214,8.01229,6.8847613],"axis":"y","angle":-22.5},"faces":{"east":{"uv":[4.78125,1.3125,4.90625,1.34375],"texture":"#0","tintindex":0},"south":{"uv":[6.15625,3.25,6.53125,3.28125],"texture":"#0","tintindex":0},"north":{"uv":[3.59375,3.5,3.96875,3.53125],"texture":"#0","tintindex":0},"west":{"uv":[5.03125,0.96875,5.15625,1.0],"texture":"#0","tintindex":0},"up":{"uv":[5.875,1.75,5.5,1.625],"texture":"#0","tintindex":0},"down":{"uv":[5.875,1.625,5.5,1.75],"texture":"#0","tintindex":0}}}],"textures":{"particle":"#0","0":"modelengine:c4a3b6c9-c7bb-4f72-a774-5d541daff17e"}}