{"display":{"head":{},"firstperson_righthand":{},"thirdperson_lefthand":{},"firstperson_lefthand":{},"fixed":{},"ground":{},"thirdperson_righthand":{},"gui":{"rotation":[-150.0,-45.0,180.0]}},"elements":[{"from":[3.687416,-5.580846,3.1824074],"to":[12.625415,8.719954,13.908009],"faces":{"east":{"uv":[5.59375,2.625,5.78125,2.875],"texture":"#0","tintindex":0},"south":{"uv":[5.0625,5.65625,5.21875,5.90625],"texture":"#0","tintindex":0},"north":{"uv":[5.0625,5.65625,5.21875,5.90625],"texture":"#0","tintindex":0},"west":{"uv":[5.59375,2.625,5.78125,2.875],"texture":"#0","tintindex":0},"up":{"uv":[6.03125,5.65625,5.875,5.46875],"texture":"#0","tintindex":0},"down":{"uv":[6.03125,5.65625,5.875,5.46875],"texture":"#0","tintindex":0}}}],"textures":{"particle":"#0","0":"modelengine:c4a3b6c9-c7bb-4f72-a774-5d541daff17e"}}