{"display":{"head":{},"firstperson_righthand":{},"thirdperson_lefthand":{},"firstperson_lefthand":{},"fixed":{},"ground":{},"thirdperson_righthand":{},"gui":{"rotation":[-150.0,-45.0,180.0]}},"elements":[{"from":[5.4179106,-4.768529,-1.8794556],"to":[8.993111,4.169471,1.6957455],"rotation":{"origin":[3.63031,1.488071,-0.091854095],"axis":"x","angle":22.5},"faces":{"east":{"uv":[6.34375,5.0,6.28125,5.15625],"texture":"#0","tintindex":0},"south":{"uv":[4.9375,6.28125,5.0,6.4375],"texture":"#0","tintindex":0},"north":{"uv":[4.84375,6.28125,4.90625,6.4375],"texture":"#0","tintindex":0},"west":{"uv":[6.28125,5.0,6.34375,5.15625],"texture":"#0","tintindex":0},"up":{"uv":[5.0,2.15625,4.9375,2.09375],"texture":"#0","tintindex":0},"down":{"uv":[3.875,5.78125,3.8125,5.84375],"texture":"#0","tintindex":0}}},{"from":[8.993111,-4.768529,-1.8794556],"to":[12.568311,4.169471,1.6957455],"rotation":{"origin":[3.63031,1.488071,-0.091854095],"axis":"x","angle":22.5},"faces":{"east":{"uv":[6.34375,5.0,6.28125,5.15625],"texture":"#0","tintindex":0},"south":{"uv":[4.9375,6.28125,5.0,6.4375],"texture":"#0","tintindex":0},"north":{"uv":[4.84375,6.28125,4.90625,6.4375],"texture":"#0","tintindex":0},"west":{"uv":[6.28125,5.0,6.34375,5.15625],"texture":"#0","tintindex":0},"up":{"uv":[5.0,2.15625,4.9375,2.09375],"texture":"#0","tintindex":0},"down":{"uv":[3.875,5.78125,3.8125,5.84375],"texture":"#0","tintindex":0}}},{"from":[1.8427105,-4.768529,-1.8794556],"to":[5.4179106,4.169471,1.6957455],"rotation":{"origin":[3.63031,1.488071,-0.091854095],"axis":"x","angle":22.5},"faces":{"east":{"uv":[6.34375,5.0,6.28125,5.15625],"texture":"#0","tintindex":0},"south":{"uv":[4.9375,6.28125,5.0,6.4375],"texture":"#0","tintindex":0},"north":{"uv":[4.84375,6.28125,4.90625,6.4375],"texture":"#0","tintindex":0},"west":{"uv":[6.28125,5.0,6.34375,5.15625],"texture":"#0","tintindex":0},"up":{"uv":[5.0,2.15625,4.9375,2.09375],"texture":"#0","tintindex":0},"down":{"uv":[3.875,5.78125,3.8125,5.84375],"texture":"#0","tintindex":0}}},{"from":[2.7365112,1.7062583,0.50185394],"to":[11.674511,8.856659,9.439854],"rotation":{"origin":[7.205511,5.281459,4.970854],"axis":"x","angle":-45.0},"faces":{"east":{"uv":[6.03125,4.625,6.1875,4.75],"texture":"#0","tintindex":0},"south":{"uv":[6.0,6.03125,6.15625,6.15625],"texture":"#0","tintindex":0},"north":{"uv":[6.03125,3.4375,6.1875,3.5625],"texture":"#0","tintindex":0},"west":{"uv":[6.0625,0.0,6.21875,0.125],"texture":"#0","tintindex":0},"up":{"uv":[5.03125,5.25,4.875,5.09375],"texture":"#0","tintindex":0},"down":{"uv":[6.09375,1.28125,5.9375,1.4375],"texture":"#0","tintindex":0}}},{"from":[7.205511,-10.616909,-3.9317093],"to":[7.205511,-3.4665098,1.4310913],"faces":{"east":{"uv":[6.28125,2.6875,6.1875,2.8125],"texture":"#0","tintindex":0},"west":{"uv":[6.1875,2.6875,6.28125,2.8125],"texture":"#0","tintindex":0}}},{"from":[10.780711,-10.616909,-3.9317093],"to":[10.780711,-3.4665098,1.4310913],"faces":{"east":{"uv":[6.28125,2.6875,6.1875,2.8125],"texture":"#0","tintindex":0},"west":{"uv":[6.1875,2.6875,6.28125,2.8125],"texture":"#0","tintindex":0}}},{"from":[3.63031,-10.616909,-3.9317093],"to":[3.63031,-3.4665098,1.4310913],"faces":{"east":{"uv":[6.28125,2.6875,6.1875,2.8125],"texture":"#0","tintindex":0},"west":{"uv":[6.1875,2.6875,6.28125,2.8125],"texture":"#0","tintindex":0}}}],"textures":{"particle":"#0","0":"modelengine:c4a3b6c9-c7bb-4f72-a774-5d541daff17e"}}