{"display":{"head":{},"firstperson_righthand":{},"thirdperson_lefthand":{},"firstperson_lefthand":{},"fixed":{},"ground":{},"thirdperson_righthand":{},"gui":{"rotation":[-150.0,-45.0,180.0]}},"elements":[{"from":[10.582089,-4.768529,-1.8794556],"to":[14.1572895,4.169471,1.6957455],"rotation":{"origin":[12.36969,1.488071,-0.091854095],"axis":"x","angle":22.5},"faces":{"east":{"uv":[6.34375,5.0,6.28125,5.15625],"texture":"#0","tintindex":0},"south":{"uv":[5.0,6.28125,4.9375,6.4375],"texture":"#0","tintindex":0},"north":{"uv":[4.90625,6.28125,4.84375,6.4375],"texture":"#0","tintindex":0},"west":{"uv":[6.28125,5.0,6.34375,5.15625],"texture":"#0","tintindex":0},"up":{"uv":[4.9375,2.15625,5.0,2.09375],"texture":"#0","tintindex":0},"down":{"uv":[3.8125,5.78125,3.875,5.84375],"texture":"#0","tintindex":0}}},{"from":[7.0068893,-4.768529,-1.8794556],"to":[10.582089,4.169471,1.6957455],"rotation":{"origin":[12.36969,1.488071,-0.091854095],"axis":"x","angle":22.5},"faces":{"east":{"uv":[6.34375,5.0,6.28125,5.15625],"texture":"#0","tintindex":0},"south":{"uv":[5.0,6.28125,4.9375,6.4375],"texture":"#0","tintindex":0},"north":{"uv":[4.90625,6.28125,4.84375,6.4375],"texture":"#0","tintindex":0},"west":{"uv":[6.28125,5.0,6.34375,5.15625],"texture":"#0","tintindex":0},"up":{"uv":[4.9375,2.15625,5.0,2.09375],"texture":"#0","tintindex":0},"down":{"uv":[3.8125,5.78125,3.875,5.84375],"texture":"#0","tintindex":0}}},{"from":[12.36969,-10.616909,-3.9317093],"to":[12.36969,-3.4665098,1.4310913],"faces":{"east":{"uv":[6.28125,2.6875,6.1875,2.8125],"texture":"#0","tintindex":0},"west":{"uv":[6.1875,2.6875,6.28125,2.8125],"texture":"#0","tintindex":0}}},{"from":[4.325489,1.7062583,0.50185394],"to":[13.263489,8.856659,9.439854],"rotation":{"origin":[8.794489,5.281459,4.970854],"axis":"x","angle":-45.0},"faces":{"east":{"uv":[6.21875,0.0,6.0625,0.125],"texture":"#0","tintindex":0},"south":{"uv":[6.15625,6.03125,6.0,6.15625],"texture":"#0","tintindex":0},"north":{"uv":[6.1875,3.4375,6.03125,3.5625],"texture":"#0","tintindex":0},"west":{"uv":[6.1875,4.625,6.03125,4.75],"texture":"#0","tintindex":0},"up":{"uv":[4.875,5.25,5.03125,5.09375],"texture":"#0","tintindex":0},"down":{"uv":[5.9375,1.28125,6.09375,1.4375],"texture":"#0","tintindex":0}}},{"from":[5.219289,-10.616909,-3.9317093],"to":[5.219289,-3.4665098,1.4310913],"faces":{"east":{"uv":[6.28125,2.6875,6.1875,2.8125],"texture":"#0","tintindex":0},"west":{"uv":[6.1875,2.6875,6.28125,2.8125],"texture":"#0","tintindex":0}}},{"from":[3.4316893,-4.768529,-1.8794556],"to":[7.0068893,4.169471,1.6957455],"rotation":{"origin":[12.36969,1.488071,-0.091854095],"axis":"x","angle":22.5},"faces":{"east":{"uv":[6.34375,5.0,6.28125,5.15625],"texture":"#0","tintindex":0},"south":{"uv":[5.0,6.28125,4.9375,6.4375],"texture":"#0","tintindex":0},"north":{"uv":[4.90625,6.28125,4.84375,6.4375],"texture":"#0","tintindex":0},"west":{"uv":[6.28125,5.0,6.34375,5.15625],"texture":"#0","tintindex":0},"up":{"uv":[4.9375,2.15625,5.0,2.09375],"texture":"#0","tintindex":0},"down":{"uv":[3.8125,5.78125,3.875,5.84375],"texture":"#0","tintindex":0}}},{"from":[8.794489,-10.616909,-3.9317093],"to":[8.794489,-3.4665098,1.4310913],"faces":{"east":{"uv":[6.28125,2.6875,6.1875,2.8125],"texture":"#0","tintindex":0},"west":{"uv":[6.1875,2.6875,6.28125,2.8125],"texture":"#0","tintindex":0}}}],"textures":{"particle":"#0","0":"modelengine:0cf15133-0937-4ad0-a46c-94602eb9b25b"}}