{"textures":{"0":"modelengine:entity/flarewing_dragon"},"elements":[{"from":[8.0,-9.929274,-3.791604],"to":[8.0,-2.7788734,1.5711956],"faces":{"east":{"uv":[6.28125,2.6875,6.1875,2.8125],"tintindex":0,"rotation":0,"texture":"#0"},"west":{"uv":[6.1875,2.6875,6.28125,2.8125],"tintindex":0,"rotation":0,"texture":"#0"}}},{"from":[11.575201,-9.929274,-3.791604],"to":[11.575201,-2.7788734,1.5711956],"faces":{"east":{"uv":[6.28125,2.6875,6.1875,2.8125],"tintindex":0,"rotation":0,"texture":"#0"},"west":{"uv":[6.1875,2.6875,6.28125,2.8125],"tintindex":0,"rotation":0,"texture":"#0"}}},{"from":[3.5310001,2.3938956,0.64195824],"to":[12.469,9.544295,9.579958],"faces":{"east":{"uv":[6.21875,0.0,6.0625,0.125],"tintindex":0,"rotation":0,"texture":"#0"},"south":{"uv":[6.15625,6.03125,6.0,6.15625],"tintindex":0,"rotation":0,"texture":"#0"},"north":{"uv":[6.1875,3.4375,6.03125,3.5625],"tintindex":0,"rotation":0,"texture":"#0"},"west":{"uv":[6.1875,4.625,6.03125,4.75],"tintindex":0,"rotation":0,"texture":"#0"},"up":{"uv":[4.875,5.25,5.03125,5.09375],"tintindex":0,"rotation":0,"texture":"#0"},"down":{"uv":[5.9375,1.28125,6.09375,1.4375],"tintindex":0,"rotation":0,"texture":"#0"}},"rotation":{"origin":[8.0,5.969095,5.110958],"angle":-45.0,"axis":"x"}},{"from":[4.4248,-9.929274,-3.791604],"to":[4.4248,-2.7788734,1.5711956],"faces":{"east":{"uv":[6.28125,2.6875,6.1875,2.8125],"tintindex":0,"rotation":0,"texture":"#0"},"west":{"uv":[6.1875,2.6875,6.28125,2.8125],"tintindex":0,"rotation":0,"texture":"#0"}}},{"from":[9.7876005,12.454408,-4.86765],"to":[13.362801,21.392408,-1.29245],"faces":{"east":{"uv":[6.34375,5.0,6.28125,5.15625],"tintindex":0,"rotation":0,"texture":"#0"},"south":{"uv":[5.0,6.28125,4.9375,6.4375],"tintindex":0,"rotation":0,"texture":"#0"},"north":{"uv":[4.90625,6.28125,4.84375,6.4375],"tintindex":0,"rotation":0,"texture":"#0"},"west":{"uv":[6.28125,5.0,6.34375,5.15625],"tintindex":0,"rotation":0,"texture":"#0"},"up":{"uv":[4.9375,2.15625,5.0,2.09375],"tintindex":0,"rotation":0,"texture":"#0"},"down":{"uv":[3.8125,5.78125,3.875,5.84375],"tintindex":0,"rotation":0,"texture":"#0"}},"rotation":{"origin":[11.575201,2.6226077,-42.40725],"angle":22.5,"axis":"x"}},{"from":[6.2124004,12.454408,-4.86765],"to":[9.7876005,21.392408,-1.29245],"faces":{"east":{"uv":[6.34375,5.0,6.28125,5.15625],"tintindex":0,"rotation":0,"texture":"#0"},"south":{"uv":[5.0,6.28125,4.9375,6.4375],"tintindex":0,"rotation":0,"texture":"#0"},"north":{"uv":[4.90625,6.28125,4.84375,6.4375],"tintindex":0,"rotation":0,"texture":"#0"},"west":{"uv":[6.28125,5.0,6.34375,5.15625],"tintindex":0,"rotation":0,"texture":"#0"},"up":{"uv":[4.9375,2.15625,5.0,2.09375],"tintindex":0,"rotation":0,"texture":"#0"},"down":{"uv":[3.8125,5.78125,3.875,5.84375],"tintindex":0,"rotation":0,"texture":"#0"}},"rotation":{"origin":[11.575201,2.6226077,-42.40725],"angle":22.5,"axis":"x"}},{"from":[2.6372004,12.454408,-4.86765],"to":[6.2124004,21.392408,-1.29245],"faces":{"east":{"uv":[6.34375,5.0,6.28125,5.15625],"tintindex":0,"rotation":0,"texture":"#0"},"south":{"uv":[5.0,6.28125,4.9375,6.4375],"tintindex":0,"rotation":0,"texture":"#0"},"north":{"uv":[4.90625,6.28125,4.84375,6.4375],"tintindex":0,"rotation":0,"texture":"#0"},"west":{"uv":[6.28125,5.0,6.34375,5.15625],"tintindex":0,"rotation":0,"texture":"#0"},"up":{"uv":[4.9375,2.15625,5.0,2.09375],"tintindex":0,"rotation":0,"texture":"#0"},"down":{"uv":[3.8125,5.78125,3.875,5.84375],"tintindex":0,"rotation":0,"texture":"#0"}},"rotation":{"origin":[11.575201,2.6226077,-42.40725],"angle":22.5,"axis":"x"}}],"display":{"gui":{"rotation":[30,225,0]}}}