{"display":{"head":{},"firstperson_righthand":{},"thirdperson_lefthand":{},"firstperson_lefthand":{},"fixed":{},"ground":{},"thirdperson_righthand":{},"gui":{"rotation":[-150.0,-45.0,180.0]}},"elements":[{"from":[4.205819,-4.2875223,1.0318861],"to":[13.14382,10.013277,11.757485],"rotation":{"origin":[8.674819,2.862877,5.500886],"axis":"x","angle":22.5},"faces":{"east":{"uv":[5.78125,0.46875,5.59375,0.71875],"texture":"#0","tintindex":0},"south":{"uv":[4.25,5.65625,4.09375,5.90625],"texture":"#0","tintindex":0},"north":{"uv":[4.25,5.65625,4.09375,5.90625],"texture":"#0","tintindex":0},"west":{"uv":[5.78125,0.46875,5.59375,0.71875],"texture":"#0","tintindex":0},"up":{"uv":[3.8125,6.0625,3.96875,5.875],"texture":"#0","tintindex":0},"down":{"uv":[3.8125,6.0625,3.96875,5.875],"texture":"#0","tintindex":0}}}],"textures":{"particle":"#0","0":"modelengine:c4a3b6c9-c7bb-4f72-a774-5d541daff17e"}}