{"display":{"head":{},"firstperson_righthand":{},"thirdperson_lefthand":{},"firstperson_lefthand":{},"fixed":{},"ground":{},"thirdperson_righthand":{},"gui":{"rotation":[-150.0,-45.0,180.0]}},"elements":[{"from":[3.3745852,-5.1339464,2.2886086],"to":[12.312584,9.166853,13.01421],"faces":{"east":{"uv":[5.78125,2.625,5.59375,2.875],"texture":"#0","tintindex":0},"south":{"uv":[5.21875,5.65625,5.0625,5.90625],"texture":"#0","tintindex":0},"north":{"uv":[5.21875,5.65625,5.0625,5.90625],"texture":"#0","tintindex":0},"west":{"uv":[5.78125,2.625,5.59375,2.875],"texture":"#0","tintindex":0},"up":{"uv":[5.875,5.65625,6.03125,5.46875],"texture":"#0","tintindex":0},"down":{"uv":[5.875,5.65625,6.03125,5.46875],"texture":"#0","tintindex":0}}}],"textures":{"particle":"#0","0":"modelengine:c4a3b6c9-c7bb-4f72-a774-5d541daff17e"}}