{"display":{"head":{},"firstperson_righthand":{},"thirdperson_lefthand":{},"firstperson_lefthand":{},"fixed":{},"ground":{},"thirdperson_righthand":{},"gui":{"rotation":[-150.0,-45.0,180.0]}},"elements":[{"from":[11.5752,13.761036,-7.6806097],"to":[11.5752,22.699036,10.195391],"faces":{"east":{"uv":[4.21875,2.125,3.59375,2.4375],"texture":"#0","tintindex":0},"west":{"uv":[3.59375,2.125,4.21875,2.4375],"texture":"#0","tintindex":0}}},{"from":[4.4248,13.761036,-7.6806097],"to":[4.4248,22.699036,10.195391],"faces":{"east":{"uv":[4.21875,2.125,3.59375,2.4375],"texture":"#0","tintindex":0},"west":{"uv":[3.59375,2.125,4.21875,2.4375],"texture":"#0","tintindex":0}}},{"from":[1.7434001,1.2478352,-7.6806097],"to":[14.256599,13.761036,10.195391],"faces":{"east":{"uv":[1.75,3.5625,2.375,4.0],"texture":"#0","tintindex":0},"south":{"uv":[3.90625,0.0,4.34375,0.4375],"texture":"#0","tintindex":0},"north":{"uv":[3.90625,0.0,4.34375,0.4375],"texture":"#0","tintindex":0},"west":{"uv":[2.40625,3.5625,3.03125,4.0],"texture":"#0","tintindex":0},"up":{"uv":[3.5,4.1875,3.0625,3.5625],"texture":"#0","tintindex":0},"down":{"uv":[3.96875,3.5625,3.53125,4.1875],"texture":"#0","tintindex":0}}}],"textures":{"particle":"#0","0":"modelengine:c4a3b6c9-c7bb-4f72-a774-5d541daff17e"}}