{"display":{"head":{},"firstperson_righthand":{},"thirdperson_lefthand":{},"firstperson_lefthand":{},"fixed":{},"ground":{},"thirdperson_righthand":{},"gui":{"rotation":[-150.0,-45.0,180.0]}},"elements":[{"from":[6.2124,7.5530996,5.765503],"to":[9.7876,14.703499,29.004303],"rotation":{"origin":[8.0,12.0221,15.597298],"axis":"x","angle":-22.5},"faces":{"east":{"uv":[5.4375,0.96875,5.84375,1.09375],"texture":"#0","tintindex":0},"south":{"uv":[3.1875,6.28125,3.25,6.40625],"texture":"#0","tintindex":0},"north":{"uv":[4.75,6.25,4.8125,6.375],"texture":"#0","tintindex":0},"west":{"uv":[5.4375,1.125,5.84375,1.25],"texture":"#0","tintindex":0},"up":{"uv":[1.40625,6.28125,1.34375,5.875],"texture":"#0","tintindex":0},"down":{"uv":[4.0625,5.875,4.0,6.28125],"texture":"#0","tintindex":0}}}],"textures":{"particle":"#0","0":"modelengine:0cf15133-0937-4ad0-a46c-94602eb9b25b"}}