{"display":{"head":{},"firstperson_righthand":{},"thirdperson_lefthand":{},"firstperson_lefthand":{},"fixed":{},"ground":{},"thirdperson_righthand":{},"gui":{"rotation":[-150.0,-45.0,180.0]}},"elements":[{"from":[4.4248,2.456026,6.9454575],"to":[11.5752,11.394027,26.609062],"faces":{"east":{"uv":[5.375,3.5625,5.71875,3.71875],"texture":"#0","tintindex":0},"south":{"uv":[2.84375,4.8125,2.96875,4.96875],"texture":"#0","tintindex":0},"north":{"uv":[2.84375,4.8125,2.96875,4.96875],"texture":"#0","tintindex":0},"west":{"uv":[5.40625,2.4375,5.75,2.59375],"texture":"#0","tintindex":0},"up":{"uv":[2.40625,5.96875,2.28125,5.625],"texture":"#0","tintindex":0},"down":{"uv":[3.1875,5.65625,3.0625,6.0],"texture":"#0","tintindex":0}}},{"from":[8.0,11.394027,6.9454575],"to":[8.0,22.119625,26.609062],"faces":{"east":{"uv":[5.1875,3.34375,5.53125,3.53125],"texture":"#0","tintindex":0},"west":{"uv":[5.25,1.78125,5.59375,1.96875],"texture":"#0","tintindex":0}}}],"textures":{"particle":"#0","0":"modelengine:0cf15133-0937-4ad0-a46c-94602eb9b25b"}}