{"display":{"head":{},"firstperson_righthand":{},"thirdperson_lefthand":{},"firstperson_lefthand":{},"fixed":{},"ground":{},"thirdperson_righthand":{},"gui":{"rotation":[-150.0,-45.0,180.0]}},"elements":[{"from":[12.4730625,0.6623993,1.0282326],"to":[19.623463,6.025198,6.3910294],"rotation":{"origin":[17.835863,2.4499989,2.8158302],"axis":"y","angle":-22.5},"faces":{"east":{"uv":[0.40625,6.28125,0.5,6.375],"texture":"#0","tintindex":0},"south":{"uv":[4.25,6.25,4.375,6.34375],"texture":"#0","tintindex":0},"north":{"uv":[3.71875,6.25,3.84375,6.34375],"texture":"#0","tintindex":0},"west":{"uv":[1.9375,6.28125,2.03125,6.375],"texture":"#0","tintindex":0},"up":{"uv":[4.71875,6.34375,4.59375,6.25],"texture":"#0","tintindex":0},"down":{"uv":[6.375,5.1875,6.25,5.28125],"texture":"#0","tintindex":0}}},{"from":[-10.765738,2.4499989,2.8158302],"to":[-1.8277378,4.2375984,6.3910294],"rotation":{"origin":[-1.8277378,2.4499989,2.8158302],"axis":"y","angle":45.0},"faces":{"east":{"uv":[3.90625,4.46875,3.96875,4.5],"texture":"#0","tintindex":0},"south":{"uv":[4.84375,0.96875,5.0,1.0],"texture":"#0","tintindex":0},"north":{"uv":[4.25,3.09375,4.40625,3.125],"texture":"#0","tintindex":0},"west":{"uv":[5.03125,2.4375,5.09375,2.46875],"texture":"#0","tintindex":0},"up":{"uv":[5.34375,3.625,5.1875,3.5625],"texture":"#0","tintindex":0},"down":{"uv":[5.78125,1.90625,5.625,1.96875],"texture":"#0","tintindex":0}}},{"from":[8.004063,-13.032597,-8.831612],"to":[8.004063,-0.5193958,9.044392],"faces":{"east":{"uv":[5.15625,1.53125,5.46875,1.75],"texture":"#0","tintindex":0},"west":{"uv":[5.15625,4.125,5.46875,4.34375],"texture":"#0","tintindex":0}}},{"from":[0.8536625,-0.5193958,-8.831612],"to":[15.154463,17.356604,9.044392],"faces":{"east":{"uv":[4.375,4.75,4.6875,5.0625],"texture":"#0","tintindex":0},"south":{"uv":[2.25,5.0,2.5,5.3125],"texture":"#0","tintindex":0},"north":{"uv":[2.25,5.0,2.5,5.3125],"texture":"#0","tintindex":0},"west":{"uv":[4.71875,4.75,5.03125,5.0625],"texture":"#0","tintindex":0},"up":{"uv":[6.5625,8.375,6.3125,8.0625],"texture":"#0","tintindex":0},"down":{"uv":[3.40625,5.34375,3.15625,5.03125],"texture":"#0","tintindex":0}}},{"from":[-13.447138,9.600399,1.0282326],"to":[-2.7215376,13.1756,6.3910294],"rotation":{"origin":[-2.7215376,11.387999,2.8158302],"axis":"y","angle":45.0},"faces":{"east":{"uv":[5.5,4.28125,5.59375,4.34375],"texture":"#0","tintindex":0},"south":{"uv":[5.59375,2.90625,5.78125,2.96875],"texture":"#0","tintindex":0},"north":{"uv":[4.84375,4.65625,5.03125,4.71875],"texture":"#0","tintindex":0},"west":{"uv":[6.28125,4.4375,6.375,4.5],"texture":"#0","tintindex":0},"up":{"uv":[6.28125,4.03125,6.09375,3.9375],"texture":"#0","tintindex":0},"down":{"uv":[0.375,6.125,0.1875,6.21875],"texture":"#0","tintindex":0}}},{"from":[18.729664,9.600399,1.0282326],"to":[29.455263,13.1756,6.3910294],"rotation":{"origin":[18.729664,11.387999,2.8158302],"axis":"y","angle":-45.0},"faces":{"east":{"uv":[6.375,1.1875,6.46875,1.25],"texture":"#0","tintindex":0},"south":{"uv":[6.25,3.0,6.4375,3.0625],"texture":"#0","tintindex":0},"north":{"uv":[6.21875,2.28125,6.40625,2.34375],"texture":"#0","tintindex":0},"west":{"uv":[6.375,2.90625,6.46875,2.96875],"texture":"#0","tintindex":0},"up":{"uv":[1.0625,6.21875,0.875,6.125],"texture":"#0","tintindex":0},"down":{"uv":[6.3125,1.34375,6.125,1.4375],"texture":"#0","tintindex":0}}},{"from":[13.366863,7.8127995,-0.7593689],"to":[20.517262,14.963198,6.3910294],"rotation":{"origin":[18.729664,11.387999,2.8158302],"axis":"y","angle":-22.5},"faces":{"east":{"uv":[1.4375,6.15625,1.5625,6.28125],"texture":"#0","tintindex":0},"south":{"uv":[2.40625,6.15625,2.53125,6.28125],"texture":"#0","tintindex":0},"north":{"uv":[1.09375,6.15625,1.21875,6.28125],"texture":"#0","tintindex":0},"west":{"uv":[6.15625,5.8125,6.28125,5.9375],"texture":"#0","tintindex":0},"up":{"uv":[6.3125,0.375,6.1875,0.25],"texture":"#0","tintindex":0},"down":{"uv":[6.3125,0.6875,6.1875,0.8125],"texture":"#0","tintindex":0}}},{"from":[-4.509137,7.8127995,-0.7593689],"to":[2.6412625,14.963198,6.3910294],"rotation":{"origin":[-2.7215376,11.387999,2.8158302],"axis":"y","angle":22.5},"faces":{"east":{"uv":[1.9375,6.125,2.0625,6.25],"texture":"#0","tintindex":0},"south":{"uv":[3.1875,6.125,3.3125,6.25],"texture":"#0","tintindex":0},"north":{"uv":[0.40625,6.125,0.53125,6.25],"texture":"#0","tintindex":0},"west":{"uv":[4.09375,6.125,4.21875,6.25],"texture":"#0","tintindex":0},"up":{"uv":[6.25,4.25,6.125,4.125],"texture":"#0","tintindex":0},"down":{"uv":[4.96875,6.125,4.84375,6.25],"texture":"#0","tintindex":0}}},{"from":[-3.6153374,0.6623993,1.0282326],"to":[3.5350628,6.025198,6.3910294],"rotation":{"origin":[-1.8277378,2.4499989,2.8158302],"axis":"y","angle":22.5},"faces":{"east":{"uv":[3.875,6.25,3.96875,6.34375],"texture":"#0","tintindex":0},"south":{"uv":[6.21875,0.5625,6.34375,0.65625],"texture":"#0","tintindex":0},"north":{"uv":[3.4375,5.65625,3.5625,5.75],"texture":"#0","tintindex":0},"west":{"uv":[0.0,6.28125,0.09375,6.375],"texture":"#0","tintindex":0},"up":{"uv":[6.34375,2.53125,6.21875,2.4375],"texture":"#0","tintindex":0},"down":{"uv":[6.375,1.5625,6.25,1.65625],"texture":"#0","tintindex":0}}},{"from":[17.835863,2.4499989,2.8158302],"to":[26.773863,4.2375984,6.3910294],"rotation":{"origin":[17.835863,2.4499989,2.8158302],"axis":"y","angle":-45.0},"faces":{"east":{"uv":[2.6875,5.5,2.75,5.53125],"texture":"#0","tintindex":0},"south":{"uv":[5.5625,3.5,5.71875,3.53125],"texture":"#0","tintindex":0},"north":{"uv":[5.125,0.6875,5.28125,0.71875],"texture":"#0","tintindex":0},"west":{"uv":[1.65625,5.6875,1.71875,5.71875],"texture":"#0","tintindex":0},"up":{"uv":[6.40625,5.625,6.25,5.5625],"texture":"#0","tintindex":0},"down":{"uv":[6.40625,6.21875,6.25,6.28125],"texture":"#0","tintindex":0}}}],"textures":{"particle":"#0","0":"modelengine:c4a3b6c9-c7bb-4f72-a774-5d541daff17e"}}