{"sources":[{"type":"directory","source":"entity","prefix":"entity/"},{"type":"single","resource":"block/dark_oak_planks"},{"type":"single","resource":"f8cb929e-6520-46c0-9086-a329269b4e83"},{"type":"single","resource":"a1bca3c0-51d8-4add-856e-9b71f2c6637a"},{"type":"single","resource":"718e26ff-c756-4993-a8b1-c90d3b17384d"},{"type":"single","resource":"23e991f3-ca2b-4bb8-9399-a67c9b9a9d72"},{"type":"single","resource":"6f46e55a-6e61-4021-85db-d5825c19fb7d"},{"type":"single","resource":"ef06b11c-e7ce-4f2a-b81b-6054018be01f"},{"type":"single","resource":"5d0ed561-70f1-4990-8d31-bc5071f9e22d"},{"type":"single","resource":"5c6a4d6e-0fa4-4f8d-87e2-1bd60f2c2a7c"},{"type":"single","resource":"4369d156-8493-41d6-abd4-040ca157c84c"},{"type":"single","resource":"be856fad-f032-4f63-ad35-a01139291987"},{"type":"single","resource":"be856fad-f032-4f63-ad35-a01139291987"},{"type":"single","resource":"0532c7da-9356-4d37-8295-c2a5387534da"},{"type":"single","resource":"a8fcdfe6-99c5-4022-969c-cda596d4bd37"},{"type":"single","resource":"adc972d4-b469-468b-a9ea-e4c6f98fcfb1"},{"type":"single","resource":"adc972d4-b469-468b-a9ea-e4c6f98fcfb1"},{"type":"single","resource":"adc972d4-b469-468b-a9ea-e4c6f98fcfb1"},{"type":"single","resource":"adc972d4-b469-468b-a9ea-e4c6f98fcfb1"},{"type":"single","resource":"5bc97874-675f-4601-85d0-fd735612b789"},{"type":"single","resource":"83c4ad8d-a7e9-4a71-b7d4-64a1999e7115"},{"type":"single","resource":"a5800879-9b92-4877-8611-59181fa0dd8f"},{"type":"single","resource":"9da2bbb5-fcec-4480-b7d9-00c7c698f1a1"},{"type":"single","resource":"284e10ab-b85f-4f7c-87ef-26f2546155e8"},{"type":"single","resource":"d43f01c2-19f0-4534-8f46-56e5aac6d984"},{"type":"single","resource":"d43f01c2-19f0-4534-8f46-56e5aac6d984"},{"type":"single","resource":"285cf0a7-1e34-455a-862f-c81c3daed640"},{"type":"single","resource":"31fb1e3b-b64d-4886-926d-002c6eddf562"},{"type":"single","resource":"b5212779-48d0-4177-92d8-5eef0ffc1e9e"},{"type":"single","resource":"a33b136d-b381-402e-9304-01fb2e59fec6"},{"type":"single","resource":"154a37f4-f76f-43b9-8bab-6d79626d3dec"},{"type":"single","resource":"a20b6f6d-c653-4934-a3ec-60502d00c936"},{"type":"single","resource":"36f8a4a5-435c-41d5-a980-e5f413c64551"},{"type":"single","resource":"63852810-a415-4ceb-868f-53f5a4feab83"},{"type":"single","resource":"edf788ca-8d81-4823-899e-c72c878e76fa"},{"type":"single","resource":"edf788ca-8d81-4823-899e-c72c878e76fa"},{"type":"single","resource":"edf788ca-8d81-4823-899e-c72c878e76fa"},{"type":"single","resource":"edf788ca-8d81-4823-899e-c72c878e76fa"},{"type":"single","resource":"3f45b8e1-1afb-4b0a-88c3-10d397762075"},{"type":"single","resource":"3f45b8e1-1afb-4b0a-88c3-10d397762075"},{"type":"single","resource":"371d3396-a73a-446c-af41-5971a8700ba1"},{"type":"single","resource":"b7209f53-78fd-43a4-aa37-0cbc1fdc8388"},{"type":"single","resource":"f19a593e-25cb-45c6-9fdb-b42ad9c0f287"},{"type":"single","resource":"85ec2218-65b8-4bf7-a67c-15357237c283"},{"type":"single","resource":"c0b5cbe7-6c08-4964-b498-5061af341d18"},{"type":"single","resource":"51cb2484-e192-4991-9b77-949b755f618e"},{"type":"single","resource":"fd3658e6-4dea-4e25-9392-ff75e1f4837d"},{"type":"single","resource":"1cdfc3e4-fe9b-40ad-a79d-57451f42c874"},{"type":"single","resource":"98298d11-053a-444b-976b-ee14ead22744"},{"type":"single","resource":"4e2a361d-fe97-48dc-b51d-3df8d2d336c8"},{"type":"single","resource":"d58384fc-8819-4250-9a81-c19c532d68c4"},{"type":"single","resource":"2cadf064-3651-4a61-9479-8a9e71039e95"},{"type":"single","resource":"a261dd20-2c12-4b7b-932f-a2c11ed35486"},{"type":"single","resource":"9d6e63d1-3c40-4ef7-b329-0b2de25aaca4"},{"type":"single","resource":"d359b55b-4084-4d29-91af-d55594498d0b"},{"type":"single","resource":"83abfc39-6622-4963-b4f3-171c37e5a67f"},{"type":"single","resource":"83abfc39-6622-4963-b4f3-171c37e5a67f"},{"type":"single","resource":"7270281f-212c-4637-8d6f-eb02191f0ce6"},{"type":"single","resource":"e5489bce-a9de-4d40-bb70-681e1e8c6a3d"},{"type":"single","resource":"5fb333e6-39ad-4a7a-ade3-a875b2f360c1"},{"type":"single","resource":"39ef0fed-64d8-4775-b3e2-0daadeb091ec"},{"type":"single","resource":"704d41eb-4ba2-42c9-8e38-4fd2d689725b"},{"type":"single","resource":"49157b93-f37b-42f8-a588-c12ac930aa22"},{"type":"single","resource":"4b951996-c70f-4670-8bd4-fe33d05d474e"},{"type":"single","resource":"3f06f8a6-8d68-488c-8335-2988d7b97592"},{"type":"single","resource":"1102b00f-428d-4c15-826d-a7d46c658b4b"},{"type":"single","resource":"2d3131c8-35fe-4f97-b717-b563dc6e901c"},{"type":"single","resource":"bcf879a9-f8c0-4c5e-b247-826f46e0768c"},{"type":"single","resource":"c8f01413-77fb-4c26-83e3-217016174cab"},{"type":"single","resource":"94ea43b9-1f95-485a-90bd-64682e37d3a5"},{"type":"single","resource":"9ad2c9d2-235d-4eab-afe0-e4caeae8d2d1"},{"type":"single","resource":"ac729dea-bf82-49fd-a746-52e5de7d9677"},{"type":"single","resource":"b8c7dad5-c4d5-4022-aeb7-9027b4415307"},{"type":"single","resource":"modelengine:12d24597-77e7-40b5-9595-7006d63f414f"},{"type":"single","resource":"modelengine:cf846ace-f814-45bd-8778-6b400bc13143"},{"type":"single","resource":"modelengine:4fd7d510-c763-4697-9c08-243851288130"},{"type":"single","resource":"modelengine:4fd7d510-c763-4697-9c08-243851288130"},{"type":"single","resource":"modelengine:4fd7d510-c763-4697-9c08-243851288130"},{"type":"single","resource":"modelengine:4fd7d510-c763-4697-9c08-243851288130"},{"type":"single","resource":"modelengine:4fd7d510-c763-4697-9c08-243851288130"},{"type":"single","resource":"modelengine:4fd7d510-c763-4697-9c08-243851288130"},{"type":"single","resource":"modelengine:4fd7d510-c763-4697-9c08-243851288130"},{"type":"single","resource":"modelengine:4fd7d510-c763-4697-9c08-243851288130"},{"type":"single","resource":"modelengine:4fd7d510-c763-4697-9c08-243851288130"},{"type":"single","resource":"modelengine:4fd7d510-c763-4697-9c08-243851288130"},{"type":"single","resource":"modelengine:4fd7d510-c763-4697-9c08-243851288130"},{"type":"single","resource":"modelengine:4fd7d510-c763-4697-9c08-243851288130"},{"type":"single","resource":"modelengine:4fd7d510-c763-4697-9c08-243851288130"},{"type":"single","resource":"modelengine:4fd7d510-c763-4697-9c08-243851288130"},{"type":"single","resource":"modelengine:4fd7d510-c763-4697-9c08-243851288130"},{"type":"single","resource":"modelengine:4fd7d510-c763-4697-9c08-243851288130"},{"type":"single","resource":"modelengine:4fd7d510-c763-4697-9c08-243851288130"},{"type":"single","resource":"modelengine:4fd7d510-c763-4697-9c08-243851288130"},{"type":"single","resource":"modelengine:4fd7d510-c763-4697-9c08-243851288130"},{"type":"single","resource":"modelengine:4fd7d510-c763-4697-9c08-243851288130"},{"type":"single","resource":"modelengine:4fd7d510-c763-4697-9c08-243851288130"},{"type":"single","resource":"modelengine:4fd7d510-c763-4697-9c08-243851288130"},{"type":"single","resource":"modelengine:4fd7d510-c763-4697-9c08-243851288130"},{"type":"single","resource":"modelengine:4fd7d510-c763-4697-9c08-243851288130"},{"type":"single","resource":"modelengine:4fd7d510-c763-4697-9c08-243851288130"},{"type":"single","resource":"modelengine:4fd7d510-c763-4697-9c08-243851288130"},{"type":"single","resource":"modelengine:4fd7d510-c763-4697-9c08-243851288130"},{"type":"single","resource":"modelengine:4fd7d510-c763-4697-9c08-243851288130"},{"type":"single","resource":"modelengine:4fd7d510-c763-4697-9c08-243851288130"},{"type":"single","resource":"modelengine:4fd7d510-c763-4697-9c08-243851288130"},{"type":"single","resource":"modelengine:4fd7d510-c763-4697-9c08-243851288130"},{"type":"single","resource":"modelengine:7c026f00-11dd-4fca-9777-fe7457d05b34"},{"type":"single","resource":"modelengine:7c026f00-11dd-4fca-9777-fe7457d05b34"},{"type":"single","resource":"modelengine:7c026f00-11dd-4fca-9777-fe7457d05b34"},{"type":"single","resource":"modelengine:7c026f00-11dd-4fca-9777-fe7457d05b34"},{"type":"single","resource":"modelengine:7c026f00-11dd-4fca-9777-fe7457d05b34"},{"type":"single","resource":"modelengine:7c026f00-11dd-4fca-9777-fe7457d05b34"},{"type":"single","resource":"modelengine:7c026f00-11dd-4fca-9777-fe7457d05b34"},{"type":"single","resource":"modelengine:7c026f00-11dd-4fca-9777-fe7457d05b34"},{"type":"single","resource":"modelengine:7c026f00-11dd-4fca-9777-fe7457d05b34"},{"type":"single","resource":"modelengine:71e11656-24bd-48a6-b8ef-96076381b15e"},{"type":"single","resource":"modelengine:71e11656-24bd-48a6-b8ef-96076381b15e"},{"type":"single","resource":"modelengine:71e11656-24bd-48a6-b8ef-96076381b15e"},{"type":"single","resource":"modelengine:71e11656-24bd-48a6-b8ef-96076381b15e"},{"type":"single","resource":"modelengine:71e11656-24bd-48a6-b8ef-96076381b15e"},{"type":"single","resource":"modelengine:71e11656-24bd-48a6-b8ef-96076381b15e"},{"type":"single","resource":"modelengine:71e11656-24bd-48a6-b8ef-96076381b15e"},{"type":"single","resource":"modelengine:b2c70013-8201-483b-be0b-0bfb82796ee7"},{"type":"single","resource":"modelengine:b2c70013-8201-483b-be0b-0bfb82796ee7"},{"type":"single","resource":"modelengine:b2c70013-8201-483b-be0b-0bfb82796ee7"},{"type":"single","resource":"modelengine:b2c70013-8201-483b-be0b-0bfb82796ee7"},{"type":"single","resource":"modelengine:b2c70013-8201-483b-be0b-0bfb82796ee7"},{"type":"single","resource":"modelengine:b2c70013-8201-483b-be0b-0bfb82796ee7"},{"type":"single","resource":"modelengine:b2c70013-8201-483b-be0b-0bfb82796ee7"},{"type":"single","resource":"modelengine:b2c70013-8201-483b-be0b-0bfb82796ee7"},{"type":"single","resource":"modelengine:b2c70013-8201-483b-be0b-0bfb82796ee7"},{"type":"single","resource":"modelengine:b2c70013-8201-483b-be0b-0bfb82796ee7"},{"type":"single","resource":"modelengine:b2c70013-8201-483b-be0b-0bfb82796ee7"},{"type":"single","resource":"modelengine:b2c70013-8201-483b-be0b-0bfb82796ee7"},{"type":"single","resource":"modelengine:b2c70013-8201-483b-be0b-0bfb82796ee7"},{"type":"single","resource":"modelengine:b2c70013-8201-483b-be0b-0bfb82796ee7"},{"type":"single","resource":"modelengine:b2c70013-8201-483b-be0b-0bfb82796ee7"},{"type":"single","resource":"modelengine:b2c70013-8201-483b-be0b-0bfb82796ee7"},{"type":"single","resource":"modelengine:b2c70013-8201-483b-be0b-0bfb82796ee7"},{"type":"single","resource":"modelengine:b2c70013-8201-483b-be0b-0bfb82796ee7"},{"type":"single","resource":"modelengine:b2c70013-8201-483b-be0b-0bfb82796ee7"},{"type":"single","resource":"modelengine:b2c70013-8201-483b-be0b-0bfb82796ee7"},{"type":"single","resource":"modelengine:b2c70013-8201-483b-be0b-0bfb82796ee7"},{"type":"single","resource":"modelengine:b2c70013-8201-483b-be0b-0bfb82796ee7"},{"type":"single","resource":"modelengine:b2c70013-8201-483b-be0b-0bfb82796ee7"},{"type":"single","resource":"modelengine:b2c70013-8201-483b-be0b-0bfb82796ee7"},{"type":"single","resource":"modelengine:a20cb7fe-f8f3-42ca-8cea-6273145de4ef"},{"type":"single","resource":"modelengine:a20cb7fe-f8f3-42ca-8cea-6273145de4ef"},{"type":"single","resource":"modelengine:a20cb7fe-f8f3-42ca-8cea-6273145de4ef"},{"type":"single","resource":"modelengine:a20cb7fe-f8f3-42ca-8cea-6273145de4ef"},{"type":"single","resource":"modelengine:a20cb7fe-f8f3-42ca-8cea-6273145de4ef"},{"type":"single","resource":"modelengine:a20cb7fe-f8f3-42ca-8cea-6273145de4ef"},{"type":"single","resource":"modelengine:a20cb7fe-f8f3-42ca-8cea-6273145de4ef"},{"type":"single","resource":"modelengine:a20cb7fe-f8f3-42ca-8cea-6273145de4ef"},{"type":"single","resource":"modelengine:a20cb7fe-f8f3-42ca-8cea-6273145de4ef"},{"type":"single","resource":"modelengine:a20cb7fe-f8f3-42ca-8cea-6273145de4ef"},{"type":"single","resource":"modelengine:a20cb7fe-f8f3-42ca-8cea-6273145de4ef"},{"type":"single","resource":"modelengine:a20cb7fe-f8f3-42ca-8cea-6273145de4ef"},{"type":"single","resource":"modelengine:a20cb7fe-f8f3-42ca-8cea-6273145de4ef"},{"type":"single","resource":"modelengine:a20cb7fe-f8f3-42ca-8cea-6273145de4ef"},{"type":"single","resource":"modelengine:a20cb7fe-f8f3-42ca-8cea-6273145de4ef"},{"type":"single","resource":"modelengine:a20cb7fe-f8f3-42ca-8cea-6273145de4ef"},{"type":"single","resource":"modelengine:a20cb7fe-f8f3-42ca-8cea-6273145de4ef"},{"type":"single","resource":"modelengine:a20cb7fe-f8f3-42ca-8cea-6273145de4ef"},{"type":"single","resource":"modelengine:a20cb7fe-f8f3-42ca-8cea-6273145de4ef"},{"type":"single","resource":"modelengine:a20cb7fe-f8f3-42ca-8cea-6273145de4ef"},{"type":"single","resource":"modelengine:a20cb7fe-f8f3-42ca-8cea-6273145de4ef"},{"type":"single","resource":"modelengine:a20cb7fe-f8f3-42ca-8cea-6273145de4ef"},{"type":"single","resource":"modelengine:a20cb7fe-f8f3-42ca-8cea-6273145de4ef"},{"type":"single","resource":"item/chainmail_boots"},{"type":"single","resource":"item/chainmail_chestplate"},{"type":"single","resource":"item/chainmail_helmet"},{"type":"single","resource":"item/chainmail_leggings"},{"type":"single","resource":"item/golden_horse_armor"},{"type":"single","resource":"item/leather_horse_armor"},{"type":"single","resource":"item/netherite_axe"},{"type":"single","resource":"item/netherite_hoe"},{"type":"single","resource":"item/netherite_pickaxe"},{"type":"single","resource":"item/netherite_shovel"},{"type":"single","resource":"item/netherite_sword"},{"type":"single","resource":"nexo:ea8ad2d3-411c-47b7-be85-3afabaa22b44"},{"type":"single","resource":"nexo:ea8ad2d3-411c-47b7-be85-3afabaa22b44"},{"type":"single","resource":"nexo:5b5bbd18-bd7b-4ba5-b905-185e997e2446"},{"type":"single","resource":"nexo:5b5bbd18-bd7b-4ba5-b905-185e997e2446"},{"type":"single","resource":"nexo:8595a200-090a-4a88-8ea1-ff6a41dacdbf"},{"type":"single","resource":"nexo:0c248a3f-5f01-4e21-ae11-0085bfe19cc5"},{"type":"single","resource":"nexo:0c248a3f-5f01-4e21-ae11-0085bfe19cc5"},{"type":"single","resource":"nexo:5caca3d9-b8df-4685-982b-70aabf8cdd11"},{"type":"single","resource":"nexo:20aaf3c9-1d16-4e75-8470-a2910241067d"},{"type":"single","resource":"nexo:82011bde-1865-4656-91a4-dace8bdabf34"},{"type":"single","resource":"nexo:c486157b-4536-4441-a91e-368b06cd7244"},{"type":"single","resource":"nexo:c5da529f-ebe3-4a3a-a34d-e5c7596f4ee7"},{"type":"single","resource":"nexo:c5da529f-ebe3-4a3a-a34d-e5c7596f4ee7"},{"type":"single","resource":"nexo:9b6a062a-e404-4fe5-b26b-c8ba015af5fb"},{"type":"single","resource":"nexo:0cb28d1b-83d9-4fce-9443-4b8a0698a7bc"},{"type":"single","resource":"nexo:b7eba0c7-7e49-4625-a7d1-8658a3164348"},{"type":"single","resource":"nexo:141103db-db3b-457e-95a6-0175ed49e468"},{"type":"single","resource":"nexo:141103db-db3b-457e-95a6-0175ed49e468"},{"type":"single","resource":"nexo:db21d95c-9b90-4d56-8f10-224bfab5aa5e"},{"type":"single","resource":"nexo:db21d95c-9b90-4d56-8f10-224bfab5aa5e"},{"type":"single","resource":"nexo:eef27efd-74d2-4565-b44f-45dbced0b634"},{"type":"single","resource":"nexo:eef27efd-74d2-4565-b44f-45dbced0b634"},{"type":"single","resource":"nexo:d6da82e0-890b-4d4a-86f9-1140460433ec"},{"type":"single","resource":"nexo:4b6cd6ad-f7af-4076-b965-c51030dd2d85"},{"type":"single","resource":"nexo:0769b225-d668-4e76-ae41-6ec04bb64619"},{"type":"single","resource":"nexo:0769b225-d668-4e76-ae41-6ec04bb64619"},{"type":"single","resource":"nexo:f62fbf0e-3e4c-4e38-8ac2-a772063f4f38"},{"type":"single","resource":"nexo:16e657ed-781e-4556-b3c0-f0db5abcae08"},{"type":"single","resource":"item/paper"},{"type":"single","resource":"bfeb491b-bda6-4301-b6d3-a99176753616"},{"type":"single","resource":"bfeb491b-bda6-4301-b6d3-a99176753616"},{"type":"single","resource":"a9e8299b-7f34-401d-a7cb-618c0d5a667d"},{"type":"single","resource":"a9e8299b-7f34-401d-a7cb-618c0d5a667d"},{"type":"single","resource":"d507376b-9c04-45d8-aa17-253f56ac71b5"},{"type":"single","resource":"d507376b-9c04-45d8-aa17-253f56ac71b5"},{"type":"single","resource":"cubees:35e94d0e-f1b2-485f-907f-663668d0dbd6"},{"type":"single","resource":"cubees:35e94d0e-f1b2-485f-907f-663668d0dbd6"},{"type":"single","resource":"cubees:63763be0-6953-4c16-8986-222e4e1543ad"},{"type":"single","resource":"cubees:63763be0-6953-4c16-8986-222e4e1543ad"},{"type":"single","resource":"cubees:688e5182-2b59-4d07-bb41-b7044573a1be"},{"type":"single","resource":"cubees:688e5182-2b59-4d07-bb41-b7044573a1be"},{"type":"single","resource":"cubees:6d57b086-9358-4d9a-bede-799b1fe08fa7"},{"type":"single","resource":"cubees:6d57b086-9358-4d9a-bede-799b1fe08fa7"},{"type":"single","resource":"cubees:9f39b8c6-ff79-4f3a-857e-0f068b6c551b"},{"type":"single","resource":"cubees:9f39b8c6-ff79-4f3a-857e-0f068b6c551b"},{"type":"single","resource":"cubees:81d8f2b7-ef8e-4984-8158-b1d5f0eeaffc"},{"type":"single","resource":"cubees:81d8f2b7-ef8e-4984-8158-b1d5f0eeaffc"},{"type":"single","resource":"cubees:5c844133-475e-4e7f-9c44-964b45a06754"},{"type":"single","resource":"cubees:5c844133-475e-4e7f-9c44-964b45a06754"},{"type":"single","resource":"cubees:84ab7e7a-d688-4bb1-b54c-a7353a636ca5"},{"type":"single","resource":"cubees:84ab7e7a-d688-4bb1-b54c-a7353a636ca5"}]}