{"sources":[{"type":"directory","source":"entity","prefix":"entity/"},{"type":"filter","pattern":{"namespace":"minecraft","path":"entity/fishing_hook"}},{"type":"single","resource":"block/dark_oak_planks"},{"type":"single","resource":"block/sea_lantern"},{"type":"single","resource":"0e3041c4-fbe4-4cc3-aa4d-fb4867d83ba5"},{"type":"single","resource":"0e3041c4-fbe4-4cc3-aa4d-fb4867d83ba5"},{"type":"single","resource":"0e3041c4-fbe4-4cc3-aa4d-fb4867d83ba5"},{"type":"single","resource":"3bd614ad-3b52-4a33-b5e9-05ab17c836da"},{"type":"single","resource":"3bd614ad-3b52-4a33-b5e9-05ab17c836da"},{"type":"single","resource":"3bd614ad-3b52-4a33-b5e9-05ab17c836da"},{"type":"single","resource":"83c78626-b2ca-4c1c-a137-01dab49e1a68"},{"type":"single","resource":"83c78626-b2ca-4c1c-a137-01dab49e1a68"},{"type":"single","resource":"83c78626-b2ca-4c1c-a137-01dab49e1a68"},{"type":"single","resource":"ca0d25af-8aea-498a-8149-7ec6b35eee55"},{"type":"single","resource":"ca0d25af-8aea-498a-8149-7ec6b35eee55"},{"type":"single","resource":"ca0d25af-8aea-498a-8149-7ec6b35eee55"},{"type":"single","resource":"00de75c0-7083-4e70-84ad-901b52e74ee7"},{"type":"single","resource":"00de75c0-7083-4e70-84ad-901b52e74ee7"},{"type":"single","resource":"00de75c0-7083-4e70-84ad-901b52e74ee7"},{"type":"single","resource":"00de75c0-7083-4e70-84ad-901b52e74ee7"},{"type":"single","resource":"00de75c0-7083-4e70-84ad-901b52e74ee7"},{"type":"single","resource":"00de75c0-7083-4e70-84ad-901b52e74ee7"},{"type":"single","resource":"00de75c0-7083-4e70-84ad-901b52e74ee7"},{"type":"single","resource":"9ce4bf8b-2976-4a13-9722-9b3f3d73bac6"},{"type":"single","resource":"c26b7669-77d1-45be-8c91-879bdbbbfdc1"},{"type":"single","resource":"f47d081a-9be6-42eb-9c39-b9a80e69f7af"},{"type":"single","resource":"f47d081a-9be6-42eb-9c39-b9a80e69f7af"},{"type":"single","resource":"f47d081a-9be6-42eb-9c39-b9a80e69f7af"},{"type":"single","resource":"f47d081a-9be6-42eb-9c39-b9a80e69f7af"},{"type":"single","resource":"f47d081a-9be6-42eb-9c39-b9a80e69f7af"},{"type":"single","resource":"f47d081a-9be6-42eb-9c39-b9a80e69f7af"},{"type":"single","resource":"f47d081a-9be6-42eb-9c39-b9a80e69f7af"},{"type":"single","resource":"f47d081a-9be6-42eb-9c39-b9a80e69f7af"},{"type":"single","resource":"f47d081a-9be6-42eb-9c39-b9a80e69f7af"},{"type":"single","resource":"f47d081a-9be6-42eb-9c39-b9a80e69f7af"},{"type":"single","resource":"f47d081a-9be6-42eb-9c39-b9a80e69f7af"},{"type":"single","resource":"f47d081a-9be6-42eb-9c39-b9a80e69f7af"},{"type":"single","resource":"f47d081a-9be6-42eb-9c39-b9a80e69f7af"},{"type":"single","resource":"f47d081a-9be6-42eb-9c39-b9a80e69f7af"},{"type":"single","resource":"f47d081a-9be6-42eb-9c39-b9a80e69f7af"},{"type":"single","resource":"f47d081a-9be6-42eb-9c39-b9a80e69f7af"},{"type":"single","resource":"f47d081a-9be6-42eb-9c39-b9a80e69f7af"},{"type":"single","resource":"f47d081a-9be6-42eb-9c39-b9a80e69f7af"},{"type":"single","resource":"f47d081a-9be6-42eb-9c39-b9a80e69f7af"},{"type":"single","resource":"f47d081a-9be6-42eb-9c39-b9a80e69f7af"},{"type":"single","resource":"f47d081a-9be6-42eb-9c39-b9a80e69f7af"},{"type":"single","resource":"f47d081a-9be6-42eb-9c39-b9a80e69f7af"},{"type":"single","resource":"f47d081a-9be6-42eb-9c39-b9a80e69f7af"},{"type":"single","resource":"f47d081a-9be6-42eb-9c39-b9a80e69f7af"},{"type":"single","resource":"f47d081a-9be6-42eb-9c39-b9a80e69f7af"},{"type":"single","resource":"f47d081a-9be6-42eb-9c39-b9a80e69f7af"},{"type":"single","resource":"f47d081a-9be6-42eb-9c39-b9a80e69f7af"},{"type":"single","resource":"f47d081a-9be6-42eb-9c39-b9a80e69f7af"},{"type":"single","resource":"f47d081a-9be6-42eb-9c39-b9a80e69f7af"},{"type":"single","resource":"f47d081a-9be6-42eb-9c39-b9a80e69f7af"},{"type":"single","resource":"f47d081a-9be6-42eb-9c39-b9a80e69f7af"},{"type":"single","resource":"f47d081a-9be6-42eb-9c39-b9a80e69f7af"},{"type":"single","resource":"f47d081a-9be6-42eb-9c39-b9a80e69f7af"},{"type":"single","resource":"f47d081a-9be6-42eb-9c39-b9a80e69f7af"},{"type":"single","resource":"f47d081a-9be6-42eb-9c39-b9a80e69f7af"},{"type":"single","resource":"f47d081a-9be6-42eb-9c39-b9a80e69f7af"},{"type":"single","resource":"f47d081a-9be6-42eb-9c39-b9a80e69f7af"},{"type":"single","resource":"f47d081a-9be6-42eb-9c39-b9a80e69f7af"},{"type":"single","resource":"f47d081a-9be6-42eb-9c39-b9a80e69f7af"},{"type":"single","resource":"f47d081a-9be6-42eb-9c39-b9a80e69f7af"},{"type":"single","resource":"f47d081a-9be6-42eb-9c39-b9a80e69f7af"},{"type":"single","resource":"a1fec573-6090-4f8b-924e-d55e1d0ddb31"},{"type":"single","resource":"a1fec573-6090-4f8b-924e-d55e1d0ddb31"},{"type":"single","resource":"d12c605f-42cf-4118-9b1d-3eaa29878832"},{"type":"single","resource":"d12c605f-42cf-4118-9b1d-3eaa29878832"},{"type":"single","resource":"93ae10c9-5333-4bf7-82a5-6cae0cb681a4"},{"type":"single","resource":"93ae10c9-5333-4bf7-82a5-6cae0cb681a4"},{"type":"single","resource":"93ae10c9-5333-4bf7-82a5-6cae0cb681a4"},{"type":"single","resource":"93ae10c9-5333-4bf7-82a5-6cae0cb681a4"},{"type":"single","resource":"93ae10c9-5333-4bf7-82a5-6cae0cb681a4"},{"type":"single","resource":"93ae10c9-5333-4bf7-82a5-6cae0cb681a4"},{"type":"single","resource":"93ae10c9-5333-4bf7-82a5-6cae0cb681a4"},{"type":"single","resource":"93ae10c9-5333-4bf7-82a5-6cae0cb681a4"},{"type":"single","resource":"93ae10c9-5333-4bf7-82a5-6cae0cb681a4"},{"type":"single","resource":"93ae10c9-5333-4bf7-82a5-6cae0cb681a4"},{"type":"single","resource":"93ae10c9-5333-4bf7-82a5-6cae0cb681a4"},{"type":"single","resource":"93ae10c9-5333-4bf7-82a5-6cae0cb681a4"},{"type":"single","resource":"93ae10c9-5333-4bf7-82a5-6cae0cb681a4"},{"type":"single","resource":"93ae10c9-5333-4bf7-82a5-6cae0cb681a4"},{"type":"single","resource":"93ae10c9-5333-4bf7-82a5-6cae0cb681a4"},{"type":"single","resource":"93ae10c9-5333-4bf7-82a5-6cae0cb681a4"},{"type":"single","resource":"93ae10c9-5333-4bf7-82a5-6cae0cb681a4"},{"type":"single","resource":"93ae10c9-5333-4bf7-82a5-6cae0cb681a4"},{"type":"single","resource":"93ae10c9-5333-4bf7-82a5-6cae0cb681a4"},{"type":"single","resource":"93ae10c9-5333-4bf7-82a5-6cae0cb681a4"},{"type":"single","resource":"93ae10c9-5333-4bf7-82a5-6cae0cb681a4"},{"type":"single","resource":"1f0de0d5-c899-4bda-97cb-a1880c94461e"},{"type":"single","resource":"3d8cbb7b-e11e-4a59-8242-18a75928594f"},{"type":"single","resource":"3d8cbb7b-e11e-4a59-8242-18a75928594f"},{"type":"single","resource":"3d8cbb7b-e11e-4a59-8242-18a75928594f"},{"type":"single","resource":"3d8cbb7b-e11e-4a59-8242-18a75928594f"},{"type":"single","resource":"3d8cbb7b-e11e-4a59-8242-18a75928594f"},{"type":"single","resource":"3d8cbb7b-e11e-4a59-8242-18a75928594f"},{"type":"single","resource":"42740015-50f5-4b6e-a382-bbd138812acd"},{"type":"single","resource":"42740015-50f5-4b6e-a382-bbd138812acd"},{"type":"single","resource":"42740015-50f5-4b6e-a382-bbd138812acd"},{"type":"single","resource":"modelengine:0173ece0-7457-4d6c-bfa1-4c3d4998c797"},{"type":"single","resource":"modelengine:75225cee-bf1c-4caf-9c20-0d5e8dc57e8d"},{"type":"single","resource":"modelengine:75225cee-bf1c-4caf-9c20-0d5e8dc57e8d"},{"type":"single","resource":"modelengine:75225cee-bf1c-4caf-9c20-0d5e8dc57e8d"},{"type":"single","resource":"modelengine:75225cee-bf1c-4caf-9c20-0d5e8dc57e8d"},{"type":"single","resource":"modelengine:75225cee-bf1c-4caf-9c20-0d5e8dc57e8d"},{"type":"single","resource":"modelengine:75225cee-bf1c-4caf-9c20-0d5e8dc57e8d"},{"type":"single","resource":"modelengine:75225cee-bf1c-4caf-9c20-0d5e8dc57e8d"},{"type":"single","resource":"modelengine:75225cee-bf1c-4caf-9c20-0d5e8dc57e8d"},{"type":"single","resource":"modelengine:75225cee-bf1c-4caf-9c20-0d5e8dc57e8d"},{"type":"single","resource":"modelengine:75225cee-bf1c-4caf-9c20-0d5e8dc57e8d"},{"type":"single","resource":"modelengine:75225cee-bf1c-4caf-9c20-0d5e8dc57e8d"},{"type":"single","resource":"modelengine:75225cee-bf1c-4caf-9c20-0d5e8dc57e8d"},{"type":"single","resource":"modelengine:75225cee-bf1c-4caf-9c20-0d5e8dc57e8d"},{"type":"single","resource":"modelengine:75225cee-bf1c-4caf-9c20-0d5e8dc57e8d"},{"type":"single","resource":"modelengine:75225cee-bf1c-4caf-9c20-0d5e8dc57e8d"},{"type":"single","resource":"modelengine:75225cee-bf1c-4caf-9c20-0d5e8dc57e8d"},{"type":"single","resource":"modelengine:75225cee-bf1c-4caf-9c20-0d5e8dc57e8d"},{"type":"single","resource":"modelengine:75225cee-bf1c-4caf-9c20-0d5e8dc57e8d"},{"type":"single","resource":"modelengine:75225cee-bf1c-4caf-9c20-0d5e8dc57e8d"},{"type":"single","resource":"modelengine:75225cee-bf1c-4caf-9c20-0d5e8dc57e8d"},{"type":"single","resource":"modelengine:75225cee-bf1c-4caf-9c20-0d5e8dc57e8d"},{"type":"single","resource":"modelengine:75225cee-bf1c-4caf-9c20-0d5e8dc57e8d"},{"type":"single","resource":"modelengine:75225cee-bf1c-4caf-9c20-0d5e8dc57e8d"},{"type":"single","resource":"modelengine:75225cee-bf1c-4caf-9c20-0d5e8dc57e8d"},{"type":"single","resource":"modelengine:75225cee-bf1c-4caf-9c20-0d5e8dc57e8d"},{"type":"single","resource":"modelengine:75225cee-bf1c-4caf-9c20-0d5e8dc57e8d"},{"type":"single","resource":"modelengine:75225cee-bf1c-4caf-9c20-0d5e8dc57e8d"},{"type":"single","resource":"modelengine:75225cee-bf1c-4caf-9c20-0d5e8dc57e8d"},{"type":"single","resource":"modelengine:75225cee-bf1c-4caf-9c20-0d5e8dc57e8d"},{"type":"single","resource":"modelengine:75225cee-bf1c-4caf-9c20-0d5e8dc57e8d"},{"type":"single","resource":"modelengine:75225cee-bf1c-4caf-9c20-0d5e8dc57e8d"},{"type":"single","resource":"modelengine:75225cee-bf1c-4caf-9c20-0d5e8dc57e8d"},{"type":"single","resource":"modelengine:75225cee-bf1c-4caf-9c20-0d5e8dc57e8d"},{"type":"single","resource":"modelengine:75225cee-bf1c-4caf-9c20-0d5e8dc57e8d"},{"type":"single","resource":"modelengine:75225cee-bf1c-4caf-9c20-0d5e8dc57e8d"},{"type":"single","resource":"modelengine:75225cee-bf1c-4caf-9c20-0d5e8dc57e8d"},{"type":"single","resource":"modelengine:75225cee-bf1c-4caf-9c20-0d5e8dc57e8d"},{"type":"single","resource":"modelengine:75225cee-bf1c-4caf-9c20-0d5e8dc57e8d"},{"type":"single","resource":"modelengine:75225cee-bf1c-4caf-9c20-0d5e8dc57e8d"},{"type":"single","resource":"modelengine:dfd2826f-f4d7-4390-94f6-384fdc2803c0"},{"type":"single","resource":"modelengine:0cf15133-0937-4ad0-a46c-94602eb9b25b"},{"type":"single","resource":"modelengine:0cf15133-0937-4ad0-a46c-94602eb9b25b"},{"type":"single","resource":"modelengine:0cf15133-0937-4ad0-a46c-94602eb9b25b"},{"type":"single","resource":"modelengine:0cf15133-0937-4ad0-a46c-94602eb9b25b"},{"type":"single","resource":"modelengine:0cf15133-0937-4ad0-a46c-94602eb9b25b"},{"type":"single","resource":"modelengine:0cf15133-0937-4ad0-a46c-94602eb9b25b"},{"type":"single","resource":"modelengine:0cf15133-0937-4ad0-a46c-94602eb9b25b"},{"type":"single","resource":"modelengine:0cf15133-0937-4ad0-a46c-94602eb9b25b"},{"type":"single","resource":"modelengine:0cf15133-0937-4ad0-a46c-94602eb9b25b"},{"type":"single","resource":"modelengine:0cf15133-0937-4ad0-a46c-94602eb9b25b"},{"type":"single","resource":"modelengine:0cf15133-0937-4ad0-a46c-94602eb9b25b"},{"type":"single","resource":"modelengine:0cf15133-0937-4ad0-a46c-94602eb9b25b"},{"type":"single","resource":"modelengine:0cf15133-0937-4ad0-a46c-94602eb9b25b"},{"type":"single","resource":"modelengine:0cf15133-0937-4ad0-a46c-94602eb9b25b"},{"type":"single","resource":"modelengine:0cf15133-0937-4ad0-a46c-94602eb9b25b"},{"type":"single","resource":"modelengine:0cf15133-0937-4ad0-a46c-94602eb9b25b"},{"type":"single","resource":"modelengine:0cf15133-0937-4ad0-a46c-94602eb9b25b"},{"type":"single","resource":"modelengine:0cf15133-0937-4ad0-a46c-94602eb9b25b"},{"type":"single","resource":"modelengine:0cf15133-0937-4ad0-a46c-94602eb9b25b"},{"type":"single","resource":"modelengine:0cf15133-0937-4ad0-a46c-94602eb9b25b"},{"type":"single","resource":"modelengine:0cf15133-0937-4ad0-a46c-94602eb9b25b"},{"type":"single","resource":"modelengine:0cf15133-0937-4ad0-a46c-94602eb9b25b"},{"type":"single","resource":"modelengine:0cf15133-0937-4ad0-a46c-94602eb9b25b"},{"type":"single","resource":"modelengine:0cf15133-0937-4ad0-a46c-94602eb9b25b"},{"type":"single","resource":"modelengine:0cf15133-0937-4ad0-a46c-94602eb9b25b"},{"type":"single","resource":"modelengine:0cf15133-0937-4ad0-a46c-94602eb9b25b"},{"type":"single","resource":"modelengine:0cf15133-0937-4ad0-a46c-94602eb9b25b"},{"type":"single","resource":"modelengine:0cf15133-0937-4ad0-a46c-94602eb9b25b"},{"type":"single","resource":"modelengine:0cf15133-0937-4ad0-a46c-94602eb9b25b"},{"type":"single","resource":"modelengine:0cf15133-0937-4ad0-a46c-94602eb9b25b"},{"type":"single","resource":"modelengine:0cf15133-0937-4ad0-a46c-94602eb9b25b"},{"type":"single","resource":"modelengine:0851ad0e-8952-4ff1-9d08-4e33faccdc60"},{"type":"single","resource":"modelengine:0851ad0e-8952-4ff1-9d08-4e33faccdc60"},{"type":"single","resource":"modelengine:0851ad0e-8952-4ff1-9d08-4e33faccdc60"},{"type":"single","resource":"modelengine:0851ad0e-8952-4ff1-9d08-4e33faccdc60"},{"type":"single","resource":"modelengine:0851ad0e-8952-4ff1-9d08-4e33faccdc60"},{"type":"single","resource":"modelengine:0851ad0e-8952-4ff1-9d08-4e33faccdc60"},{"type":"single","resource":"modelengine:0851ad0e-8952-4ff1-9d08-4e33faccdc60"},{"type":"single","resource":"modelengine:0851ad0e-8952-4ff1-9d08-4e33faccdc60"},{"type":"single","resource":"modelengine:0851ad0e-8952-4ff1-9d08-4e33faccdc60"},{"type":"single","resource":"modelengine:c99ba7cd-56d1-48a0-8935-9e759b6660b4"},{"type":"single","resource":"modelengine:c99ba7cd-56d1-48a0-8935-9e759b6660b4"},{"type":"single","resource":"modelengine:c99ba7cd-56d1-48a0-8935-9e759b6660b4"},{"type":"single","resource":"modelengine:c99ba7cd-56d1-48a0-8935-9e759b6660b4"},{"type":"single","resource":"modelengine:c99ba7cd-56d1-48a0-8935-9e759b6660b4"},{"type":"single","resource":"modelengine:c99ba7cd-56d1-48a0-8935-9e759b6660b4"},{"type":"single","resource":"modelengine:c99ba7cd-56d1-48a0-8935-9e759b6660b4"},{"type":"single","resource":"modelengine:9ab6936f-b343-451b-a5ec-35b0f32bedf2"},{"type":"single","resource":"modelengine:f17d3e06-4c8f-4223-8677-4cf075d3954b"},{"type":"single","resource":"modelengine:f17d3e06-4c8f-4223-8677-4cf075d3954b"},{"type":"single","resource":"modelengine:f17d3e06-4c8f-4223-8677-4cf075d3954b"},{"type":"single","resource":"modelengine:f17d3e06-4c8f-4223-8677-4cf075d3954b"},{"type":"single","resource":"modelengine:f17d3e06-4c8f-4223-8677-4cf075d3954b"},{"type":"single","resource":"modelengine:f17d3e06-4c8f-4223-8677-4cf075d3954b"},{"type":"single","resource":"modelengine:f17d3e06-4c8f-4223-8677-4cf075d3954b"},{"type":"single","resource":"modelengine:f17d3e06-4c8f-4223-8677-4cf075d3954b"},{"type":"single","resource":"modelengine:f17d3e06-4c8f-4223-8677-4cf075d3954b"},{"type":"single","resource":"modelengine:f17d3e06-4c8f-4223-8677-4cf075d3954b"},{"type":"single","resource":"modelengine:f17d3e06-4c8f-4223-8677-4cf075d3954b"},{"type":"single","resource":"modelengine:f17d3e06-4c8f-4223-8677-4cf075d3954b"},{"type":"single","resource":"modelengine:f17d3e06-4c8f-4223-8677-4cf075d3954b"},{"type":"single","resource":"modelengine:f17d3e06-4c8f-4223-8677-4cf075d3954b"},{"type":"single","resource":"modelengine:f17d3e06-4c8f-4223-8677-4cf075d3954b"},{"type":"single","resource":"modelengine:f17d3e06-4c8f-4223-8677-4cf075d3954b"},{"type":"single","resource":"modelengine:f17d3e06-4c8f-4223-8677-4cf075d3954b"},{"type":"single","resource":"modelengine:f17d3e06-4c8f-4223-8677-4cf075d3954b"},{"type":"single","resource":"modelengine:f17d3e06-4c8f-4223-8677-4cf075d3954b"},{"type":"single","resource":"modelengine:f17d3e06-4c8f-4223-8677-4cf075d3954b"},{"type":"single","resource":"modelengine:f17d3e06-4c8f-4223-8677-4cf075d3954b"},{"type":"single","resource":"modelengine:f17d3e06-4c8f-4223-8677-4cf075d3954b"},{"type":"single","resource":"modelengine:f17d3e06-4c8f-4223-8677-4cf075d3954b"},{"type":"single","resource":"modelengine:f17d3e06-4c8f-4223-8677-4cf075d3954b"},{"type":"single","resource":"modelengine:11e2b46f-91db-4dba-8556-32364c98904b"},{"type":"single","resource":"modelengine:11e2b46f-91db-4dba-8556-32364c98904b"},{"type":"single","resource":"modelengine:11e2b46f-91db-4dba-8556-32364c98904b"},{"type":"single","resource":"modelengine:11e2b46f-91db-4dba-8556-32364c98904b"},{"type":"single","resource":"modelengine:11e2b46f-91db-4dba-8556-32364c98904b"},{"type":"single","resource":"modelengine:11e2b46f-91db-4dba-8556-32364c98904b"},{"type":"single","resource":"modelengine:11e2b46f-91db-4dba-8556-32364c98904b"},{"type":"single","resource":"modelengine:11e2b46f-91db-4dba-8556-32364c98904b"},{"type":"single","resource":"modelengine:11e2b46f-91db-4dba-8556-32364c98904b"},{"type":"single","resource":"modelengine:11e2b46f-91db-4dba-8556-32364c98904b"},{"type":"single","resource":"modelengine:11e2b46f-91db-4dba-8556-32364c98904b"},{"type":"single","resource":"modelengine:11e2b46f-91db-4dba-8556-32364c98904b"},{"type":"single","resource":"modelengine:11e2b46f-91db-4dba-8556-32364c98904b"},{"type":"single","resource":"modelengine:11e2b46f-91db-4dba-8556-32364c98904b"},{"type":"single","resource":"modelengine:11e2b46f-91db-4dba-8556-32364c98904b"},{"type":"single","resource":"modelengine:11e2b46f-91db-4dba-8556-32364c98904b"},{"type":"single","resource":"modelengine:11e2b46f-91db-4dba-8556-32364c98904b"},{"type":"single","resource":"modelengine:11e2b46f-91db-4dba-8556-32364c98904b"},{"type":"single","resource":"modelengine:11e2b46f-91db-4dba-8556-32364c98904b"},{"type":"single","resource":"modelengine:11e2b46f-91db-4dba-8556-32364c98904b"},{"type":"single","resource":"modelengine:11e2b46f-91db-4dba-8556-32364c98904b"},{"type":"single","resource":"modelengine:11e2b46f-91db-4dba-8556-32364c98904b"},{"type":"single","resource":"modelengine:11e2b46f-91db-4dba-8556-32364c98904b"},{"type":"single","resource":"modelengine:18af7b0c-ee4f-4b2c-84c2-2ea08b1093d7"},{"type":"single","resource":"modelengine:18af7b0c-ee4f-4b2c-84c2-2ea08b1093d7"},{"type":"single","resource":"modelengine:18af7b0c-ee4f-4b2c-84c2-2ea08b1093d7"},{"type":"single","resource":"modelengine:18af7b0c-ee4f-4b2c-84c2-2ea08b1093d7"},{"type":"single","resource":"modelengine:18af7b0c-ee4f-4b2c-84c2-2ea08b1093d7"},{"type":"single","resource":"modelengine:18af7b0c-ee4f-4b2c-84c2-2ea08b1093d7"},{"type":"single","resource":"modelengine:52ad4db0-8bed-40fc-8d74-ff53fce72714"},{"type":"single","resource":"modelengine:52ad4db0-8bed-40fc-8d74-ff53fce72714"},{"type":"single","resource":"modelengine:52ad4db0-8bed-40fc-8d74-ff53fce72714"},{"type":"single","resource":"modelengine:52ad4db0-8bed-40fc-8d74-ff53fce72714"},{"type":"single","resource":"modelengine:52ad4db0-8bed-40fc-8d74-ff53fce72714"},{"type":"single","resource":"modelengine:52ad4db0-8bed-40fc-8d74-ff53fce72714"},{"type":"single","resource":"modelengine:52ad4db0-8bed-40fc-8d74-ff53fce72714"},{"type":"single","resource":"modelengine:52ad4db0-8bed-40fc-8d74-ff53fce72714"},{"type":"single","resource":"modelengine:52ad4db0-8bed-40fc-8d74-ff53fce72714"},{"type":"single","resource":"modelengine:52ad4db0-8bed-40fc-8d74-ff53fce72714"},{"type":"single","resource":"modelengine:52ad4db0-8bed-40fc-8d74-ff53fce72714"},{"type":"single","resource":"modelengine:52ad4db0-8bed-40fc-8d74-ff53fce72714"},{"type":"single","resource":"modelengine:52ad4db0-8bed-40fc-8d74-ff53fce72714"},{"type":"single","resource":"modelengine:52ad4db0-8bed-40fc-8d74-ff53fce72714"},{"type":"single","resource":"modelengine:52ad4db0-8bed-40fc-8d74-ff53fce72714"},{"type":"single","resource":"modelengine:52ad4db0-8bed-40fc-8d74-ff53fce72714"},{"type":"single","resource":"modelengine:52ad4db0-8bed-40fc-8d74-ff53fce72714"},{"type":"single","resource":"modelengine:52ad4db0-8bed-40fc-8d74-ff53fce72714"},{"type":"single","resource":"modelengine:52ad4db0-8bed-40fc-8d74-ff53fce72714"},{"type":"single","resource":"modelengine:52ad4db0-8bed-40fc-8d74-ff53fce72714"},{"type":"single","resource":"modelengine:52ad4db0-8bed-40fc-8d74-ff53fce72714"},{"type":"single","resource":"modelengine:52ad4db0-8bed-40fc-8d74-ff53fce72714"},{"type":"single","resource":"modelengine:52ad4db0-8bed-40fc-8d74-ff53fce72714"},{"type":"single","resource":"modelengine:52ad4db0-8bed-40fc-8d74-ff53fce72714"},{"type":"single","resource":"modelengine:52ad4db0-8bed-40fc-8d74-ff53fce72714"},{"type":"single","resource":"modelengine:52ad4db0-8bed-40fc-8d74-ff53fce72714"},{"type":"single","resource":"modelengine:52ad4db0-8bed-40fc-8d74-ff53fce72714"},{"type":"single","resource":"modelengine:52ad4db0-8bed-40fc-8d74-ff53fce72714"},{"type":"single","resource":"modelengine:52ad4db0-8bed-40fc-8d74-ff53fce72714"},{"type":"single","resource":"modelengine:52ad4db0-8bed-40fc-8d74-ff53fce72714"},{"type":"single","resource":"modelengine:52ad4db0-8bed-40fc-8d74-ff53fce72714"},{"type":"single","resource":"modelengine:52ad4db0-8bed-40fc-8d74-ff53fce72714"},{"type":"single","resource":"modelengine:52ad4db0-8bed-40fc-8d74-ff53fce72714"},{"type":"single","resource":"modelengine:52ad4db0-8bed-40fc-8d74-ff53fce72714"},{"type":"single","resource":"modelengine:52ad4db0-8bed-40fc-8d74-ff53fce72714"},{"type":"single","resource":"modelengine:52ad4db0-8bed-40fc-8d74-ff53fce72714"},{"type":"single","resource":"modelengine:52ad4db0-8bed-40fc-8d74-ff53fce72714"},{"type":"single","resource":"modelengine:52ad4db0-8bed-40fc-8d74-ff53fce72714"},{"type":"single","resource":"item/bow"},{"type":"single","resource":"item/chainmail_boots"},{"type":"single","resource":"item/chainmail_chestplate"},{"type":"single","resource":"item/chainmail_helmet"},{"type":"single","resource":"item/chainmail_leggings"},{"type":"single","resource":"item/diamond_horse_armor"},{"type":"single","resource":"item/diamond_sword"},{"type":"single","resource":"item/elytra"},{"type":"single","resource":"item/gold_ingot"},{"type":"single","resource":"item/gold_nugget"},{"type":"single","resource":"item/leather_boots"},{"type":"single","resource":"item/leather_boots_overlay"},{"type":"single","resource":"item/leather_chestplate"},{"type":"single","resource":"item/leather_chestplate_overlay"},{"type":"single","resource":"item/leather_helmet"},{"type":"single","resource":"item/leather_helmet_overlay"},{"type":"single","resource":"item/leather_horse_armor"},{"type":"single","resource":"item/leather_leggings"},{"type":"single","resource":"item/leather_leggings_overlay"},{"type":"single","resource":"item/netherite_axe"},{"type":"single","resource":"item/netherite_hoe"},{"type":"single","resource":"item/netherite_pickaxe"},{"type":"single","resource":"item/netherite_shovel"},{"type":"single","resource":"item/netherite_sword"},{"type":"single","resource":"nexo:c8d5fe08-0275-4fef-8300-b846a5b05c1d"},{"type":"single","resource":"nexo:c8d5fe08-0275-4fef-8300-b846a5b05c1d"},{"type":"single","resource":"nexo:e6f0b416-bea8-4669-afef-5d8c627fe504"},{"type":"single","resource":"nexo:e6f0b416-bea8-4669-afef-5d8c627fe504"},{"type":"single","resource":"nexo:dec21f40-21d5-4c52-b72a-4374c743f332"},{"type":"single","resource":"nexo:dec21f40-21d5-4c52-b72a-4374c743f332"},{"type":"single","resource":"nexo:9c195bc0-5426-4206-a636-6d609a6331bd"},{"type":"single","resource":"nexo:2b20a266-ad50-42dd-a3cc-7f94b31046f0"},{"type":"single","resource":"nexo:2b20a266-ad50-42dd-a3cc-7f94b31046f0"},{"type":"single","resource":"nexo:7e623d75-ebd9-4f58-9f8d-4948a5aa0a8a"},{"type":"single","resource":"nexo:7e623d75-ebd9-4f58-9f8d-4948a5aa0a8a"},{"type":"single","resource":"nexo:1ed17c30-c69a-4761-a24a-f98660e6d8bb"},{"type":"single","resource":"nexo:1ed17c30-c69a-4761-a24a-f98660e6d8bb"},{"type":"single","resource":"nexo:20174d5a-7270-4fe9-b9c0-bd762dacef4e"},{"type":"single","resource":"nexo:20174d5a-7270-4fe9-b9c0-bd762dacef4e"},{"type":"single","resource":"nexo:4d60edf3-6153-43f4-a03a-a2857e300b33"},{"type":"single","resource":"nexo:52b4d8cf-31d4-4e20-903f-4c6dcafcaa44"},{"type":"single","resource":"nexo:a6eeff99-38b3-4315-ae8b-eaaebc324b6b"},{"type":"single","resource":"nexo:181f8fcf-76e4-4156-940c-09f0521e2006"},{"type":"single","resource":"nexo:cd25d3b2-a4df-4183-98ce-5207423eeff6"},{"type":"single","resource":"nexo:cd25d3b2-a4df-4183-98ce-5207423eeff6"},{"type":"single","resource":"nexo:2c1f94f0-4ae0-464e-8f97-2b7eb7a43379"},{"type":"single","resource":"nexo:2c1f94f0-4ae0-464e-8f97-2b7eb7a43379"},{"type":"single","resource":"nexo:8e2406e4-e9ef-4257-95df-cd8800b26bde"},{"type":"single","resource":"nexo:e47c897e-36b6-4a41-8778-357d13b61549"},{"type":"single","resource":"nexo:cd71889d-5a58-47a4-8552-7667500043d3"},{"type":"single","resource":"nexo:cd71889d-5a58-47a4-8552-7667500043d3"},{"type":"single","resource":"nexo:84d624e7-2aa9-47cf-bb91-b62484813bb1"},{"type":"single","resource":"nexo:84d624e7-2aa9-47cf-bb91-b62484813bb1"},{"type":"single","resource":"nexo:84d624e7-2aa9-47cf-bb91-b62484813bb1"},{"type":"single","resource":"nexo:1b306e4d-9caa-4c13-95f2-b95197b37b4b"},{"type":"single","resource":"nexo:50fb6941-caf9-486f-a44f-fbb61a0caa10"},{"type":"single","resource":"nexo:5bcb8918-2650-411e-99a1-2abe85c61112"},{"type":"single","resource":"nexo:bcbb6ea2-2dcb-423d-9018-2223bd6a5e2d"},{"type":"single","resource":"nexo:48e78173-fcc8-4dd8-ae6b-aa0747984095"},{"type":"single","resource":"nexo:51c212c1-c18c-400f-b79e-a16d0285f1dc"},{"type":"single","resource":"nexo:dbc68435-5375-4e63-936f-bdbd3e77e405"},{"type":"single","resource":"nexo:dbc68435-5375-4e63-936f-bdbd3e77e405"},{"type":"single","resource":"nexo:93bbb2a7-a214-4255-98c6-ee46d50b25e4"},{"type":"single","resource":"nexo:fff95de5-e3c5-4f65-a631-6ed4b22fadb7"},{"type":"single","resource":"nexo:dc688694-deb8-47c6-b398-320824a753df"},{"type":"single","resource":"nexo:82b31d8b-21c1-4636-b867-87db5d46bf38"},{"type":"single","resource":"nexo:82b31d8b-21c1-4636-b867-87db5d46bf38"},{"type":"single","resource":"nexo:71d69879-b00b-4a0d-a844-598d08820fad"},{"type":"single","resource":"nexo:71d69879-b00b-4a0d-a844-598d08820fad"},{"type":"single","resource":"nexo:07e5000f-024a-4bf2-b6c8-52c79a77b05e"},{"type":"single","resource":"nexo:07e5000f-024a-4bf2-b6c8-52c79a77b05e"},{"type":"single","resource":"nexo:f7e86541-5b13-4e71-ac82-be1826c3ad2c"},{"type":"single","resource":"nexo:1501786f-9615-4064-9ac2-d2c661b33e38"},{"type":"single","resource":"nexo:8d4ba646-02e3-47a7-a7d6-2951efe8d5c8"},{"type":"single","resource":"nexo:8d4ba646-02e3-47a7-a7d6-2951efe8d5c8"},{"type":"single","resource":"nexo:be1c3119-243e-4c2f-88ba-6a3357c8fcd5"},{"type":"single","resource":"nexo:89e54695-7956-440e-9eb2-28829d00bd14"},{"type":"single","resource":"nexo:eb720ce3-dc3d-483b-a7dc-1c8ecc68b918"},{"type":"single","resource":"nexo:eb720ce3-dc3d-483b-a7dc-1c8ecc68b918"},{"type":"single","resource":"item/paper"},{"type":"single","resource":"item/trident"},{"type":"single","resource":"item/wolf_armor"},{"type":"single","resource":"642409eb-fe7b-41a9-bc2d-ccb43939f125"},{"type":"single","resource":"642409eb-fe7b-41a9-bc2d-ccb43939f125"},{"type":"single","resource":"295847e9-4953-4f36-96fb-9c41d3b524cd"},{"type":"single","resource":"295847e9-4953-4f36-96fb-9c41d3b524cd"},{"type":"single","resource":"041e87d7-e0b1-4790-83ef-ea7b9b0d6db7"},{"type":"single","resource":"041e87d7-e0b1-4790-83ef-ea7b9b0d6db7"}]}