{"sources":[{"type":"directory","source":"entity","prefix":"entity/"},{"type":"filter","pattern":{"namespace":"minecraft","path":"entity/fishing_hook"}},{"type":"single","resource":"block/dark_oak_planks"},{"type":"single","resource":"block/sea_lantern"},{"type":"single","resource":"bf955234-6883-4420-96d3-a84cb0438fc2"},{"type":"single","resource":"bf955234-6883-4420-96d3-a84cb0438fc2"},{"type":"single","resource":"bf955234-6883-4420-96d3-a84cb0438fc2"},{"type":"single","resource":"1ba7174e-043c-4245-85bd-fbafacfec98e"},{"type":"single","resource":"1ba7174e-043c-4245-85bd-fbafacfec98e"},{"type":"single","resource":"1ba7174e-043c-4245-85bd-fbafacfec98e"},{"type":"single","resource":"dc0a6a32-4a9f-4f68-bf32-1993a06f5852"},{"type":"single","resource":"dc0a6a32-4a9f-4f68-bf32-1993a06f5852"},{"type":"single","resource":"dc0a6a32-4a9f-4f68-bf32-1993a06f5852"},{"type":"single","resource":"9babc843-46ed-47fc-8571-25104b452de2"},{"type":"single","resource":"9babc843-46ed-47fc-8571-25104b452de2"},{"type":"single","resource":"9babc843-46ed-47fc-8571-25104b452de2"},{"type":"single","resource":"52bada46-2574-4712-acbe-45c9fcf7f269"},{"type":"single","resource":"52bada46-2574-4712-acbe-45c9fcf7f269"},{"type":"single","resource":"52bada46-2574-4712-acbe-45c9fcf7f269"},{"type":"single","resource":"52bada46-2574-4712-acbe-45c9fcf7f269"},{"type":"single","resource":"52bada46-2574-4712-acbe-45c9fcf7f269"},{"type":"single","resource":"52bada46-2574-4712-acbe-45c9fcf7f269"},{"type":"single","resource":"52bada46-2574-4712-acbe-45c9fcf7f269"},{"type":"single","resource":"55cdb7c6-2625-42e9-9696-a2b906107581"},{"type":"single","resource":"a13cbb18-e6dd-4c00-9e63-9d8eec32b836"},{"type":"single","resource":"a64b06a0-4f5a-45b3-8763-a6e106487f5e"},{"type":"single","resource":"a64b06a0-4f5a-45b3-8763-a6e106487f5e"},{"type":"single","resource":"a64b06a0-4f5a-45b3-8763-a6e106487f5e"},{"type":"single","resource":"a64b06a0-4f5a-45b3-8763-a6e106487f5e"},{"type":"single","resource":"a64b06a0-4f5a-45b3-8763-a6e106487f5e"},{"type":"single","resource":"a64b06a0-4f5a-45b3-8763-a6e106487f5e"},{"type":"single","resource":"a64b06a0-4f5a-45b3-8763-a6e106487f5e"},{"type":"single","resource":"a64b06a0-4f5a-45b3-8763-a6e106487f5e"},{"type":"single","resource":"a64b06a0-4f5a-45b3-8763-a6e106487f5e"},{"type":"single","resource":"a64b06a0-4f5a-45b3-8763-a6e106487f5e"},{"type":"single","resource":"a64b06a0-4f5a-45b3-8763-a6e106487f5e"},{"type":"single","resource":"a64b06a0-4f5a-45b3-8763-a6e106487f5e"},{"type":"single","resource":"a64b06a0-4f5a-45b3-8763-a6e106487f5e"},{"type":"single","resource":"a64b06a0-4f5a-45b3-8763-a6e106487f5e"},{"type":"single","resource":"a64b06a0-4f5a-45b3-8763-a6e106487f5e"},{"type":"single","resource":"a64b06a0-4f5a-45b3-8763-a6e106487f5e"},{"type":"single","resource":"a64b06a0-4f5a-45b3-8763-a6e106487f5e"},{"type":"single","resource":"a64b06a0-4f5a-45b3-8763-a6e106487f5e"},{"type":"single","resource":"a64b06a0-4f5a-45b3-8763-a6e106487f5e"},{"type":"single","resource":"a64b06a0-4f5a-45b3-8763-a6e106487f5e"},{"type":"single","resource":"a64b06a0-4f5a-45b3-8763-a6e106487f5e"},{"type":"single","resource":"a64b06a0-4f5a-45b3-8763-a6e106487f5e"},{"type":"single","resource":"a64b06a0-4f5a-45b3-8763-a6e106487f5e"},{"type":"single","resource":"a64b06a0-4f5a-45b3-8763-a6e106487f5e"},{"type":"single","resource":"a64b06a0-4f5a-45b3-8763-a6e106487f5e"},{"type":"single","resource":"a64b06a0-4f5a-45b3-8763-a6e106487f5e"},{"type":"single","resource":"a64b06a0-4f5a-45b3-8763-a6e106487f5e"},{"type":"single","resource":"a64b06a0-4f5a-45b3-8763-a6e106487f5e"},{"type":"single","resource":"a64b06a0-4f5a-45b3-8763-a6e106487f5e"},{"type":"single","resource":"a64b06a0-4f5a-45b3-8763-a6e106487f5e"},{"type":"single","resource":"a64b06a0-4f5a-45b3-8763-a6e106487f5e"},{"type":"single","resource":"a64b06a0-4f5a-45b3-8763-a6e106487f5e"},{"type":"single","resource":"a64b06a0-4f5a-45b3-8763-a6e106487f5e"},{"type":"single","resource":"a64b06a0-4f5a-45b3-8763-a6e106487f5e"},{"type":"single","resource":"a64b06a0-4f5a-45b3-8763-a6e106487f5e"},{"type":"single","resource":"a64b06a0-4f5a-45b3-8763-a6e106487f5e"},{"type":"single","resource":"a64b06a0-4f5a-45b3-8763-a6e106487f5e"},{"type":"single","resource":"a64b06a0-4f5a-45b3-8763-a6e106487f5e"},{"type":"single","resource":"a64b06a0-4f5a-45b3-8763-a6e106487f5e"},{"type":"single","resource":"a64b06a0-4f5a-45b3-8763-a6e106487f5e"},{"type":"single","resource":"a64b06a0-4f5a-45b3-8763-a6e106487f5e"},{"type":"single","resource":"668ec890-c251-4310-9820-e7b67e64288f"},{"type":"single","resource":"668ec890-c251-4310-9820-e7b67e64288f"},{"type":"single","resource":"81ac2365-32d9-4ecf-a136-03928930baa7"},{"type":"single","resource":"81ac2365-32d9-4ecf-a136-03928930baa7"},{"type":"single","resource":"12c43c44-10fd-43c1-b5ff-9144d013e49e"},{"type":"single","resource":"12c43c44-10fd-43c1-b5ff-9144d013e49e"},{"type":"single","resource":"12c43c44-10fd-43c1-b5ff-9144d013e49e"},{"type":"single","resource":"12c43c44-10fd-43c1-b5ff-9144d013e49e"},{"type":"single","resource":"12c43c44-10fd-43c1-b5ff-9144d013e49e"},{"type":"single","resource":"12c43c44-10fd-43c1-b5ff-9144d013e49e"},{"type":"single","resource":"12c43c44-10fd-43c1-b5ff-9144d013e49e"},{"type":"single","resource":"12c43c44-10fd-43c1-b5ff-9144d013e49e"},{"type":"single","resource":"12c43c44-10fd-43c1-b5ff-9144d013e49e"},{"type":"single","resource":"12c43c44-10fd-43c1-b5ff-9144d013e49e"},{"type":"single","resource":"12c43c44-10fd-43c1-b5ff-9144d013e49e"},{"type":"single","resource":"12c43c44-10fd-43c1-b5ff-9144d013e49e"},{"type":"single","resource":"12c43c44-10fd-43c1-b5ff-9144d013e49e"},{"type":"single","resource":"12c43c44-10fd-43c1-b5ff-9144d013e49e"},{"type":"single","resource":"12c43c44-10fd-43c1-b5ff-9144d013e49e"},{"type":"single","resource":"12c43c44-10fd-43c1-b5ff-9144d013e49e"},{"type":"single","resource":"12c43c44-10fd-43c1-b5ff-9144d013e49e"},{"type":"single","resource":"12c43c44-10fd-43c1-b5ff-9144d013e49e"},{"type":"single","resource":"12c43c44-10fd-43c1-b5ff-9144d013e49e"},{"type":"single","resource":"12c43c44-10fd-43c1-b5ff-9144d013e49e"},{"type":"single","resource":"12c43c44-10fd-43c1-b5ff-9144d013e49e"},{"type":"single","resource":"1be7faf9-3f37-4ee7-bb30-0757ea855168"},{"type":"single","resource":"d40a1dcf-e9da-43cb-a5a7-3a6cd6ef67f7"},{"type":"single","resource":"d40a1dcf-e9da-43cb-a5a7-3a6cd6ef67f7"},{"type":"single","resource":"d40a1dcf-e9da-43cb-a5a7-3a6cd6ef67f7"},{"type":"single","resource":"d40a1dcf-e9da-43cb-a5a7-3a6cd6ef67f7"},{"type":"single","resource":"d40a1dcf-e9da-43cb-a5a7-3a6cd6ef67f7"},{"type":"single","resource":"d40a1dcf-e9da-43cb-a5a7-3a6cd6ef67f7"},{"type":"single","resource":"0c26456a-7a31-4b45-9d58-cd8feaac1ee3"},{"type":"single","resource":"0c26456a-7a31-4b45-9d58-cd8feaac1ee3"},{"type":"single","resource":"0c26456a-7a31-4b45-9d58-cd8feaac1ee3"},{"type":"single","resource":"modelengine:70e18e18-6b97-4e8b-b1e6-e2a08b4dfc97"},{"type":"single","resource":"modelengine:1d801912-6599-4689-bc1b-7fc851310a0d"},{"type":"single","resource":"modelengine:1d801912-6599-4689-bc1b-7fc851310a0d"},{"type":"single","resource":"modelengine:1d801912-6599-4689-bc1b-7fc851310a0d"},{"type":"single","resource":"modelengine:1d801912-6599-4689-bc1b-7fc851310a0d"},{"type":"single","resource":"modelengine:1d801912-6599-4689-bc1b-7fc851310a0d"},{"type":"single","resource":"modelengine:1d801912-6599-4689-bc1b-7fc851310a0d"},{"type":"single","resource":"modelengine:1d801912-6599-4689-bc1b-7fc851310a0d"},{"type":"single","resource":"modelengine:1d801912-6599-4689-bc1b-7fc851310a0d"},{"type":"single","resource":"modelengine:1d801912-6599-4689-bc1b-7fc851310a0d"},{"type":"single","resource":"modelengine:1d801912-6599-4689-bc1b-7fc851310a0d"},{"type":"single","resource":"modelengine:1d801912-6599-4689-bc1b-7fc851310a0d"},{"type":"single","resource":"modelengine:1d801912-6599-4689-bc1b-7fc851310a0d"},{"type":"single","resource":"modelengine:1d801912-6599-4689-bc1b-7fc851310a0d"},{"type":"single","resource":"modelengine:1d801912-6599-4689-bc1b-7fc851310a0d"},{"type":"single","resource":"modelengine:1d801912-6599-4689-bc1b-7fc851310a0d"},{"type":"single","resource":"modelengine:1d801912-6599-4689-bc1b-7fc851310a0d"},{"type":"single","resource":"modelengine:1d801912-6599-4689-bc1b-7fc851310a0d"},{"type":"single","resource":"modelengine:1d801912-6599-4689-bc1b-7fc851310a0d"},{"type":"single","resource":"modelengine:1d801912-6599-4689-bc1b-7fc851310a0d"},{"type":"single","resource":"modelengine:1d801912-6599-4689-bc1b-7fc851310a0d"},{"type":"single","resource":"modelengine:1d801912-6599-4689-bc1b-7fc851310a0d"},{"type":"single","resource":"modelengine:1d801912-6599-4689-bc1b-7fc851310a0d"},{"type":"single","resource":"modelengine:1d801912-6599-4689-bc1b-7fc851310a0d"},{"type":"single","resource":"modelengine:1d801912-6599-4689-bc1b-7fc851310a0d"},{"type":"single","resource":"modelengine:1d801912-6599-4689-bc1b-7fc851310a0d"},{"type":"single","resource":"modelengine:1d801912-6599-4689-bc1b-7fc851310a0d"},{"type":"single","resource":"modelengine:1d801912-6599-4689-bc1b-7fc851310a0d"},{"type":"single","resource":"modelengine:1d801912-6599-4689-bc1b-7fc851310a0d"},{"type":"single","resource":"modelengine:1d801912-6599-4689-bc1b-7fc851310a0d"},{"type":"single","resource":"modelengine:1d801912-6599-4689-bc1b-7fc851310a0d"},{"type":"single","resource":"modelengine:1d801912-6599-4689-bc1b-7fc851310a0d"},{"type":"single","resource":"modelengine:1d801912-6599-4689-bc1b-7fc851310a0d"},{"type":"single","resource":"modelengine:1d801912-6599-4689-bc1b-7fc851310a0d"},{"type":"single","resource":"modelengine:1d801912-6599-4689-bc1b-7fc851310a0d"},{"type":"single","resource":"modelengine:1d801912-6599-4689-bc1b-7fc851310a0d"},{"type":"single","resource":"modelengine:1d801912-6599-4689-bc1b-7fc851310a0d"},{"type":"single","resource":"modelengine:1d801912-6599-4689-bc1b-7fc851310a0d"},{"type":"single","resource":"modelengine:1d801912-6599-4689-bc1b-7fc851310a0d"},{"type":"single","resource":"modelengine:1d801912-6599-4689-bc1b-7fc851310a0d"},{"type":"single","resource":"modelengine:f5eb696f-88c9-4f15-9212-c4e2c8bddc2d"},{"type":"single","resource":"modelengine:c4a3b6c9-c7bb-4f72-a774-5d541daff17e"},{"type":"single","resource":"modelengine:c4a3b6c9-c7bb-4f72-a774-5d541daff17e"},{"type":"single","resource":"modelengine:c4a3b6c9-c7bb-4f72-a774-5d541daff17e"},{"type":"single","resource":"modelengine:c4a3b6c9-c7bb-4f72-a774-5d541daff17e"},{"type":"single","resource":"modelengine:c4a3b6c9-c7bb-4f72-a774-5d541daff17e"},{"type":"single","resource":"modelengine:c4a3b6c9-c7bb-4f72-a774-5d541daff17e"},{"type":"single","resource":"modelengine:c4a3b6c9-c7bb-4f72-a774-5d541daff17e"},{"type":"single","resource":"modelengine:c4a3b6c9-c7bb-4f72-a774-5d541daff17e"},{"type":"single","resource":"modelengine:c4a3b6c9-c7bb-4f72-a774-5d541daff17e"},{"type":"single","resource":"modelengine:c4a3b6c9-c7bb-4f72-a774-5d541daff17e"},{"type":"single","resource":"modelengine:c4a3b6c9-c7bb-4f72-a774-5d541daff17e"},{"type":"single","resource":"modelengine:c4a3b6c9-c7bb-4f72-a774-5d541daff17e"},{"type":"single","resource":"modelengine:c4a3b6c9-c7bb-4f72-a774-5d541daff17e"},{"type":"single","resource":"modelengine:c4a3b6c9-c7bb-4f72-a774-5d541daff17e"},{"type":"single","resource":"modelengine:c4a3b6c9-c7bb-4f72-a774-5d541daff17e"},{"type":"single","resource":"modelengine:c4a3b6c9-c7bb-4f72-a774-5d541daff17e"},{"type":"single","resource":"modelengine:c4a3b6c9-c7bb-4f72-a774-5d541daff17e"},{"type":"single","resource":"modelengine:c4a3b6c9-c7bb-4f72-a774-5d541daff17e"},{"type":"single","resource":"modelengine:c4a3b6c9-c7bb-4f72-a774-5d541daff17e"},{"type":"single","resource":"modelengine:c4a3b6c9-c7bb-4f72-a774-5d541daff17e"},{"type":"single","resource":"modelengine:c4a3b6c9-c7bb-4f72-a774-5d541daff17e"},{"type":"single","resource":"modelengine:c4a3b6c9-c7bb-4f72-a774-5d541daff17e"},{"type":"single","resource":"modelengine:c4a3b6c9-c7bb-4f72-a774-5d541daff17e"},{"type":"single","resource":"modelengine:c4a3b6c9-c7bb-4f72-a774-5d541daff17e"},{"type":"single","resource":"modelengine:c4a3b6c9-c7bb-4f72-a774-5d541daff17e"},{"type":"single","resource":"modelengine:c4a3b6c9-c7bb-4f72-a774-5d541daff17e"},{"type":"single","resource":"modelengine:c4a3b6c9-c7bb-4f72-a774-5d541daff17e"},{"type":"single","resource":"modelengine:c4a3b6c9-c7bb-4f72-a774-5d541daff17e"},{"type":"single","resource":"modelengine:c4a3b6c9-c7bb-4f72-a774-5d541daff17e"},{"type":"single","resource":"modelengine:c4a3b6c9-c7bb-4f72-a774-5d541daff17e"},{"type":"single","resource":"modelengine:c4a3b6c9-c7bb-4f72-a774-5d541daff17e"},{"type":"single","resource":"modelengine:6c562dd8-73ca-4e05-8b82-70aed52c2701"},{"type":"single","resource":"modelengine:6c562dd8-73ca-4e05-8b82-70aed52c2701"},{"type":"single","resource":"modelengine:6c562dd8-73ca-4e05-8b82-70aed52c2701"},{"type":"single","resource":"modelengine:6c562dd8-73ca-4e05-8b82-70aed52c2701"},{"type":"single","resource":"modelengine:6c562dd8-73ca-4e05-8b82-70aed52c2701"},{"type":"single","resource":"modelengine:6c562dd8-73ca-4e05-8b82-70aed52c2701"},{"type":"single","resource":"modelengine:6c562dd8-73ca-4e05-8b82-70aed52c2701"},{"type":"single","resource":"modelengine:6c562dd8-73ca-4e05-8b82-70aed52c2701"},{"type":"single","resource":"modelengine:6c562dd8-73ca-4e05-8b82-70aed52c2701"},{"type":"single","resource":"modelengine:dd2db258-b664-4e5d-9a4b-e43fd27d2493"},{"type":"single","resource":"modelengine:dd2db258-b664-4e5d-9a4b-e43fd27d2493"},{"type":"single","resource":"modelengine:dd2db258-b664-4e5d-9a4b-e43fd27d2493"},{"type":"single","resource":"modelengine:dd2db258-b664-4e5d-9a4b-e43fd27d2493"},{"type":"single","resource":"modelengine:dd2db258-b664-4e5d-9a4b-e43fd27d2493"},{"type":"single","resource":"modelengine:dd2db258-b664-4e5d-9a4b-e43fd27d2493"},{"type":"single","resource":"modelengine:dd2db258-b664-4e5d-9a4b-e43fd27d2493"},{"type":"single","resource":"modelengine:af9576b3-9211-452d-b609-c9ee54927194"},{"type":"single","resource":"modelengine:0920eec0-06fe-4e94-b303-53707a5b385c"},{"type":"single","resource":"modelengine:0920eec0-06fe-4e94-b303-53707a5b385c"},{"type":"single","resource":"modelengine:0920eec0-06fe-4e94-b303-53707a5b385c"},{"type":"single","resource":"modelengine:0920eec0-06fe-4e94-b303-53707a5b385c"},{"type":"single","resource":"modelengine:0920eec0-06fe-4e94-b303-53707a5b385c"},{"type":"single","resource":"modelengine:0920eec0-06fe-4e94-b303-53707a5b385c"},{"type":"single","resource":"modelengine:0920eec0-06fe-4e94-b303-53707a5b385c"},{"type":"single","resource":"modelengine:0920eec0-06fe-4e94-b303-53707a5b385c"},{"type":"single","resource":"modelengine:0920eec0-06fe-4e94-b303-53707a5b385c"},{"type":"single","resource":"modelengine:0920eec0-06fe-4e94-b303-53707a5b385c"},{"type":"single","resource":"modelengine:0920eec0-06fe-4e94-b303-53707a5b385c"},{"type":"single","resource":"modelengine:0920eec0-06fe-4e94-b303-53707a5b385c"},{"type":"single","resource":"modelengine:0920eec0-06fe-4e94-b303-53707a5b385c"},{"type":"single","resource":"modelengine:0920eec0-06fe-4e94-b303-53707a5b385c"},{"type":"single","resource":"modelengine:0920eec0-06fe-4e94-b303-53707a5b385c"},{"type":"single","resource":"modelengine:0920eec0-06fe-4e94-b303-53707a5b385c"},{"type":"single","resource":"modelengine:0920eec0-06fe-4e94-b303-53707a5b385c"},{"type":"single","resource":"modelengine:0920eec0-06fe-4e94-b303-53707a5b385c"},{"type":"single","resource":"modelengine:0920eec0-06fe-4e94-b303-53707a5b385c"},{"type":"single","resource":"modelengine:0920eec0-06fe-4e94-b303-53707a5b385c"},{"type":"single","resource":"modelengine:0920eec0-06fe-4e94-b303-53707a5b385c"},{"type":"single","resource":"modelengine:0920eec0-06fe-4e94-b303-53707a5b385c"},{"type":"single","resource":"modelengine:0920eec0-06fe-4e94-b303-53707a5b385c"},{"type":"single","resource":"modelengine:0920eec0-06fe-4e94-b303-53707a5b385c"},{"type":"single","resource":"modelengine:8c7f7960-2a2b-4dbe-ab31-333d6bd8522b"},{"type":"single","resource":"modelengine:8c7f7960-2a2b-4dbe-ab31-333d6bd8522b"},{"type":"single","resource":"modelengine:8c7f7960-2a2b-4dbe-ab31-333d6bd8522b"},{"type":"single","resource":"modelengine:8c7f7960-2a2b-4dbe-ab31-333d6bd8522b"},{"type":"single","resource":"modelengine:8c7f7960-2a2b-4dbe-ab31-333d6bd8522b"},{"type":"single","resource":"modelengine:8c7f7960-2a2b-4dbe-ab31-333d6bd8522b"},{"type":"single","resource":"modelengine:8c7f7960-2a2b-4dbe-ab31-333d6bd8522b"},{"type":"single","resource":"modelengine:8c7f7960-2a2b-4dbe-ab31-333d6bd8522b"},{"type":"single","resource":"modelengine:8c7f7960-2a2b-4dbe-ab31-333d6bd8522b"},{"type":"single","resource":"modelengine:8c7f7960-2a2b-4dbe-ab31-333d6bd8522b"},{"type":"single","resource":"modelengine:8c7f7960-2a2b-4dbe-ab31-333d6bd8522b"},{"type":"single","resource":"modelengine:8c7f7960-2a2b-4dbe-ab31-333d6bd8522b"},{"type":"single","resource":"modelengine:8c7f7960-2a2b-4dbe-ab31-333d6bd8522b"},{"type":"single","resource":"modelengine:8c7f7960-2a2b-4dbe-ab31-333d6bd8522b"},{"type":"single","resource":"modelengine:8c7f7960-2a2b-4dbe-ab31-333d6bd8522b"},{"type":"single","resource":"modelengine:8c7f7960-2a2b-4dbe-ab31-333d6bd8522b"},{"type":"single","resource":"modelengine:8c7f7960-2a2b-4dbe-ab31-333d6bd8522b"},{"type":"single","resource":"modelengine:8c7f7960-2a2b-4dbe-ab31-333d6bd8522b"},{"type":"single","resource":"modelengine:8c7f7960-2a2b-4dbe-ab31-333d6bd8522b"},{"type":"single","resource":"modelengine:8c7f7960-2a2b-4dbe-ab31-333d6bd8522b"},{"type":"single","resource":"modelengine:8c7f7960-2a2b-4dbe-ab31-333d6bd8522b"},{"type":"single","resource":"modelengine:8c7f7960-2a2b-4dbe-ab31-333d6bd8522b"},{"type":"single","resource":"modelengine:8c7f7960-2a2b-4dbe-ab31-333d6bd8522b"},{"type":"single","resource":"modelengine:0b9d8571-b7d7-4cdf-96e2-451f3f60f548"},{"type":"single","resource":"modelengine:0b9d8571-b7d7-4cdf-96e2-451f3f60f548"},{"type":"single","resource":"modelengine:0b9d8571-b7d7-4cdf-96e2-451f3f60f548"},{"type":"single","resource":"modelengine:0b9d8571-b7d7-4cdf-96e2-451f3f60f548"},{"type":"single","resource":"modelengine:0b9d8571-b7d7-4cdf-96e2-451f3f60f548"},{"type":"single","resource":"modelengine:0b9d8571-b7d7-4cdf-96e2-451f3f60f548"},{"type":"single","resource":"modelengine:8832c6ac-c0ab-4cec-abc5-ba423514b7c1"},{"type":"single","resource":"modelengine:8832c6ac-c0ab-4cec-abc5-ba423514b7c1"},{"type":"single","resource":"modelengine:8832c6ac-c0ab-4cec-abc5-ba423514b7c1"},{"type":"single","resource":"modelengine:8832c6ac-c0ab-4cec-abc5-ba423514b7c1"},{"type":"single","resource":"modelengine:8832c6ac-c0ab-4cec-abc5-ba423514b7c1"},{"type":"single","resource":"modelengine:8832c6ac-c0ab-4cec-abc5-ba423514b7c1"},{"type":"single","resource":"modelengine:8832c6ac-c0ab-4cec-abc5-ba423514b7c1"},{"type":"single","resource":"modelengine:8832c6ac-c0ab-4cec-abc5-ba423514b7c1"},{"type":"single","resource":"modelengine:8832c6ac-c0ab-4cec-abc5-ba423514b7c1"},{"type":"single","resource":"modelengine:8832c6ac-c0ab-4cec-abc5-ba423514b7c1"},{"type":"single","resource":"modelengine:8832c6ac-c0ab-4cec-abc5-ba423514b7c1"},{"type":"single","resource":"modelengine:8832c6ac-c0ab-4cec-abc5-ba423514b7c1"},{"type":"single","resource":"modelengine:8832c6ac-c0ab-4cec-abc5-ba423514b7c1"},{"type":"single","resource":"modelengine:8832c6ac-c0ab-4cec-abc5-ba423514b7c1"},{"type":"single","resource":"modelengine:8832c6ac-c0ab-4cec-abc5-ba423514b7c1"},{"type":"single","resource":"modelengine:8832c6ac-c0ab-4cec-abc5-ba423514b7c1"},{"type":"single","resource":"modelengine:8832c6ac-c0ab-4cec-abc5-ba423514b7c1"},{"type":"single","resource":"modelengine:8832c6ac-c0ab-4cec-abc5-ba423514b7c1"},{"type":"single","resource":"modelengine:8832c6ac-c0ab-4cec-abc5-ba423514b7c1"},{"type":"single","resource":"modelengine:8832c6ac-c0ab-4cec-abc5-ba423514b7c1"},{"type":"single","resource":"modelengine:8832c6ac-c0ab-4cec-abc5-ba423514b7c1"},{"type":"single","resource":"modelengine:8832c6ac-c0ab-4cec-abc5-ba423514b7c1"},{"type":"single","resource":"modelengine:8832c6ac-c0ab-4cec-abc5-ba423514b7c1"},{"type":"single","resource":"modelengine:8832c6ac-c0ab-4cec-abc5-ba423514b7c1"},{"type":"single","resource":"modelengine:8832c6ac-c0ab-4cec-abc5-ba423514b7c1"},{"type":"single","resource":"modelengine:8832c6ac-c0ab-4cec-abc5-ba423514b7c1"},{"type":"single","resource":"modelengine:8832c6ac-c0ab-4cec-abc5-ba423514b7c1"},{"type":"single","resource":"modelengine:8832c6ac-c0ab-4cec-abc5-ba423514b7c1"},{"type":"single","resource":"modelengine:8832c6ac-c0ab-4cec-abc5-ba423514b7c1"},{"type":"single","resource":"modelengine:8832c6ac-c0ab-4cec-abc5-ba423514b7c1"},{"type":"single","resource":"modelengine:8832c6ac-c0ab-4cec-abc5-ba423514b7c1"},{"type":"single","resource":"modelengine:8832c6ac-c0ab-4cec-abc5-ba423514b7c1"},{"type":"single","resource":"modelengine:8832c6ac-c0ab-4cec-abc5-ba423514b7c1"},{"type":"single","resource":"modelengine:8832c6ac-c0ab-4cec-abc5-ba423514b7c1"},{"type":"single","resource":"modelengine:8832c6ac-c0ab-4cec-abc5-ba423514b7c1"},{"type":"single","resource":"modelengine:8832c6ac-c0ab-4cec-abc5-ba423514b7c1"},{"type":"single","resource":"modelengine:8832c6ac-c0ab-4cec-abc5-ba423514b7c1"},{"type":"single","resource":"modelengine:8832c6ac-c0ab-4cec-abc5-ba423514b7c1"},{"type":"single","resource":"item/bow"},{"type":"single","resource":"item/chainmail_boots"},{"type":"single","resource":"item/chainmail_chestplate"},{"type":"single","resource":"item/chainmail_helmet"},{"type":"single","resource":"item/chainmail_leggings"},{"type":"single","resource":"item/diamond_horse_armor"},{"type":"single","resource":"item/diamond_sword"},{"type":"single","resource":"item/elytra"},{"type":"single","resource":"item/leather_boots"},{"type":"single","resource":"item/leather_boots_overlay"},{"type":"single","resource":"item/leather_chestplate"},{"type":"single","resource":"item/leather_chestplate_overlay"},{"type":"single","resource":"item/leather_helmet"},{"type":"single","resource":"item/leather_helmet_overlay"},{"type":"single","resource":"item/leather_horse_armor"},{"type":"single","resource":"item/leather_leggings"},{"type":"single","resource":"item/leather_leggings_overlay"},{"type":"single","resource":"item/netherite_axe"},{"type":"single","resource":"item/netherite_hoe"},{"type":"single","resource":"item/netherite_pickaxe"},{"type":"single","resource":"item/netherite_shovel"},{"type":"single","resource":"item/netherite_sword"},{"type":"single","resource":"nexo:aeab0db9-f061-47b9-921b-945a174f927c"},{"type":"single","resource":"nexo:aeab0db9-f061-47b9-921b-945a174f927c"},{"type":"single","resource":"nexo:9b6d1157-bc1d-4082-869e-c27694742592"},{"type":"single","resource":"nexo:9b6d1157-bc1d-4082-869e-c27694742592"},{"type":"single","resource":"nexo:3f053916-f665-490b-bb41-688a583e083c"},{"type":"single","resource":"nexo:3f053916-f665-490b-bb41-688a583e083c"},{"type":"single","resource":"nexo:67ad9bad-c040-462c-9627-c58b1952f0a6"},{"type":"single","resource":"nexo:c831846a-7f93-479a-96f1-bdb563d9dc13"},{"type":"single","resource":"nexo:c831846a-7f93-479a-96f1-bdb563d9dc13"},{"type":"single","resource":"nexo:fb567897-734c-4599-a09b-d985ddb82ac2"},{"type":"single","resource":"nexo:fb567897-734c-4599-a09b-d985ddb82ac2"},{"type":"single","resource":"nexo:4529fb53-f245-4e1f-8ad0-d026a66c4eb1"},{"type":"single","resource":"nexo:4529fb53-f245-4e1f-8ad0-d026a66c4eb1"},{"type":"single","resource":"nexo:dc94b1dd-2f98-41ec-93f1-386d2df8b932"},{"type":"single","resource":"nexo:dc94b1dd-2f98-41ec-93f1-386d2df8b932"},{"type":"single","resource":"nexo:17f50bd7-2dfd-4070-95e1-9928f2810e74"},{"type":"single","resource":"nexo:8b0c71b9-143c-4d48-95c9-b1a74bba0e83"},{"type":"single","resource":"nexo:d1b6b005-2e6f-4140-b8e0-462a6132d440"},{"type":"single","resource":"nexo:fafd681c-2b5a-4184-a3e3-bd59a9c44461"},{"type":"single","resource":"nexo:e6234817-6e6f-4831-9ca1-8b27ff88067d"},{"type":"single","resource":"nexo:e6234817-6e6f-4831-9ca1-8b27ff88067d"},{"type":"single","resource":"nexo:da6fb650-1768-44a6-a602-0fbd270b2500"},{"type":"single","resource":"nexo:da6fb650-1768-44a6-a602-0fbd270b2500"},{"type":"single","resource":"nexo:b2e64a66-2470-4998-94e7-b52413a1ac31"},{"type":"single","resource":"nexo:8b405616-aace-4bdf-a530-f7cfc075d516"},{"type":"single","resource":"nexo:d33203e7-8554-4018-8538-92916b7774c6"},{"type":"single","resource":"nexo:d33203e7-8554-4018-8538-92916b7774c6"},{"type":"single","resource":"nexo:b8366ac3-6f02-4332-ba4e-626b19aa68e2"},{"type":"single","resource":"nexo:b8366ac3-6f02-4332-ba4e-626b19aa68e2"},{"type":"single","resource":"nexo:b8366ac3-6f02-4332-ba4e-626b19aa68e2"},{"type":"single","resource":"nexo:2298138b-6475-44d2-ad1b-e2276622fa0e"},{"type":"single","resource":"nexo:328d1a31-8347-44ec-805b-b516863aa945"},{"type":"single","resource":"nexo:07c862fc-7ed2-44af-9aca-82cbc9461288"},{"type":"single","resource":"nexo:24a15884-ab8b-444d-9af8-c63f5bdff3f7"},{"type":"single","resource":"nexo:9ccbecdb-3182-4fb1-a70f-ad49750e3e39"},{"type":"single","resource":"nexo:137d5357-9011-43ba-9cc0-53bab26c91a0"},{"type":"single","resource":"nexo:deb3b35d-c55e-456f-8309-4de61d5496a5"},{"type":"single","resource":"nexo:deb3b35d-c55e-456f-8309-4de61d5496a5"},{"type":"single","resource":"nexo:92b5ca47-a8f3-4715-aa87-8b7f43f22aff"},{"type":"single","resource":"nexo:a5e4cf56-d2f7-49d9-a046-0b310b6909f8"},{"type":"single","resource":"nexo:65f9eb26-fa9b-4ea6-b38f-bbffb9067480"},{"type":"single","resource":"nexo:a4bacb81-b1c3-4142-9679-64d7cc268970"},{"type":"single","resource":"nexo:a4bacb81-b1c3-4142-9679-64d7cc268970"},{"type":"single","resource":"nexo:39b21c4e-ccc9-4625-a083-9ba3af7e7e22"},{"type":"single","resource":"nexo:39b21c4e-ccc9-4625-a083-9ba3af7e7e22"},{"type":"single","resource":"nexo:6ebb448d-41cf-4756-8b34-807d077f88d1"},{"type":"single","resource":"nexo:6ebb448d-41cf-4756-8b34-807d077f88d1"},{"type":"single","resource":"nexo:4d0ca6ad-82af-4c84-b6d1-94d388461697"},{"type":"single","resource":"nexo:f39e3783-d395-4594-bd34-b33f57dc60ef"},{"type":"single","resource":"nexo:7ff2d8ed-c5c4-40ea-b338-4fa9ddc343ec"},{"type":"single","resource":"nexo:7ff2d8ed-c5c4-40ea-b338-4fa9ddc343ec"},{"type":"single","resource":"nexo:944c6c1a-7ac2-420f-8782-e68674a972b4"},{"type":"single","resource":"nexo:4efb5c3e-e07e-4eb4-81db-518c3b14b131"},{"type":"single","resource":"nexo:20d0dc1f-1699-409e-a7b2-2865cd846768"},{"type":"single","resource":"nexo:20d0dc1f-1699-409e-a7b2-2865cd846768"},{"type":"single","resource":"item/paper"},{"type":"single","resource":"item/trident"},{"type":"single","resource":"item/wolf_armor"},{"type":"single","resource":"e5864883-0689-44cf-874b-1d5f5071816e"},{"type":"single","resource":"e5864883-0689-44cf-874b-1d5f5071816e"},{"type":"single","resource":"ca87a2e4-77b6-4a3d-917a-4f91a8da0a28"},{"type":"single","resource":"ca87a2e4-77b6-4a3d-917a-4f91a8da0a28"},{"type":"single","resource":"d3fdc7fd-c101-44c9-a500-312a2a347785"},{"type":"single","resource":"d3fdc7fd-c101-44c9-a500-312a2a347785"}]}