{"display":{"head":{},"firstperson_righthand":{},"thirdperson_lefthand":{},"firstperson_lefthand":{},"fixed":{},"ground":{},"thirdperson_righthand":{},"gui":{"rotation":[-150.0,-45.0,180.0]}},"elements":[{"from":[2.5,-1.75,4.25],"to":[7.5,12.25,13.25],"faces":{"east":{"uv":[0.0,5.5,1.125,7.25],"texture":"#0","tintindex":0},"south":{"uv":[9.125,9.25,9.75,11.0],"texture":"#0","tintindex":0},"north":{"uv":[9.25,0.0,9.875,1.75],"texture":"#0","tintindex":0},"west":{"uv":[1.125,5.5,0.0,7.25],"texture":"#0","tintindex":0},"up":{"uv":[0.625,11.75,0.0,10.625],"texture":"#0","tintindex":0},"down":{"uv":[9.5,11.0,8.875,12.125],"texture":"#0","tintindex":0}}}],"textures":{"particle":"#0","0":"modelengine:8832c6ac-c0ab-4cec-abc5-ba423514b7c1"}}