{"display":{"head":{},"firstperson_righthand":{},"thirdperson_lefthand":{},"firstperson_lefthand":{},"fixed":{},"ground":{},"thirdperson_righthand":{},"gui":{"rotation":[-150.0,-45.0,180.0]}},"elements":[{"from":[5.51,-6.0,8.5],"to":[10.49,9.0,13.5],"faces":{"east":{"uv":[7.875,8.25,8.5,10.125],"texture":"#0","tintindex":0},"south":{"uv":[8.5,8.25,7.875,10.125],"texture":"#0","tintindex":0},"north":{"uv":[8.5,8.25,7.875,10.125],"texture":"#0","tintindex":0},"west":{"uv":[7.875,8.25,8.5,10.125],"texture":"#0","tintindex":0},"up":{"uv":[5.625,12.25,5.0,11.625],"texture":"#0","tintindex":0},"down":{"uv":[6.25,11.625,5.625,12.25],"texture":"#0","tintindex":0}}}],"textures":{"particle":"#0","0":"modelengine:52ad4db0-8bed-40fc-8d74-ff53fce72714"}}