{"display":{"head":{},"firstperson_righthand":{},"thirdperson_lefthand":{},"firstperson_lefthand":{},"fixed":{},"ground":{},"thirdperson_righthand":{},"gui":{"rotation":[-150.0,-45.0,180.0]}},"elements":[{"from":[0.0,11.56378,-0.75895214],"to":[16.0,11.56378,8.241048],"rotation":{"origin":[8.0,11.56378,-0.75895214],"axis":"x","angle":-22.5},"faces":{"up":{"uv":[5.0,5.25,3.0,4.125],"texture":"#0","tintindex":0},"down":{"uv":[5.0,4.125,3.0,5.25],"texture":"#0","tintindex":0}}},{"from":[1.0,1.5637798,-3.7589521],"to":[15.0,7.56378,6.241048],"rotation":{"origin":[8.0,4.56378,-3.7589521],"axis":"x","angle":22.5},"faces":{"east":{"uv":[9.75,10.25,11.0,11.0],"texture":"#0","tintindex":0},"south":{"uv":[7.25,7.5,9.0,8.25],"texture":"#0","tintindex":0},"north":{"uv":[7.0,2.375,8.75,3.125],"texture":"#0","tintindex":0},"west":{"uv":[1.875,10.375,3.125,11.125],"texture":"#0","tintindex":0},"up":{"uv":[6.75,4.875,5.0,3.625],"texture":"#0","tintindex":0},"down":{"uv":[6.75,4.875,5.0,6.125],"texture":"#0","tintindex":0}}},{"from":[0.25,4.56378,-3.7589521],"to":[16.25,11.56378,7.241048],"faces":{"east":{"uv":[7.625,4.5,9.0,5.375],"texture":"#0","tintindex":0},"south":{"uv":[6.75,3.625,8.75,4.5],"texture":"#0","tintindex":0},"north":{"uv":[6.0,0.0,8.0,0.875],"texture":"#0","tintindex":0},"west":{"uv":[7.875,0.875,9.25,1.75],"texture":"#0","tintindex":0},"up":{"uv":[5.0,2.75,3.0,1.375],"texture":"#0","tintindex":0},"down":{"uv":[5.0,2.75,3.0,4.125],"texture":"#0","tintindex":0}}},{"from":[15.75,4.56378,-3.7589521],"to":[15.75,11.56378,5.241048],"rotation":{"origin":[15.75,-15.43622,-3.7589521],"axis":"y","angle":45.0},"faces":{"east":{"uv":[3.875,4.125,3.0,5.25],"texture":"#0","rotation":270,"tintindex":0},"west":{"uv":[3.875,5.25,3.0,4.125],"texture":"#0","rotation":270,"tintindex":0}}},{"from":[0.25,4.56378,-3.7589521],"to":[0.25,11.56378,5.241048],"rotation":{"origin":[0.25,-15.43622,-3.7589521],"axis":"y","angle":-45.0},"faces":{"east":{"uv":[3.875,4.125,3.0,5.25],"texture":"#0","rotation":270,"tintindex":0},"west":{"uv":[3.875,5.25,3.0,4.125],"texture":"#0","rotation":270,"tintindex":0}}}],"textures":{"particle":"#0","0":"modelengine:8832c6ac-c0ab-4cec-abc5-ba423514b7c1"}}