{"display":{"head":{},"firstperson_righthand":{},"thirdperson_lefthand":{},"firstperson_lefthand":{},"fixed":{},"ground":{},"thirdperson_righthand":{},"gui":{"rotation":[-150.0,-45.0,180.0]}},"elements":[{"from":[8.5,-0.75,3.75],"to":[13.5,11.25,10.75],"faces":{"east":{"uv":[7.875,0.875,7.0,2.375],"texture":"#0","tintindex":0},"south":{"uv":[1.25,10.25,0.625,11.75],"texture":"#0","tintindex":0},"north":{"uv":[8.875,10.125,8.25,11.625],"texture":"#0","tintindex":0},"west":{"uv":[7.625,4.5,6.75,6.0],"texture":"#0","tintindex":0},"up":{"uv":[1.875,12.0,2.5,11.125],"texture":"#0","tintindex":0},"down":{"uv":[2.5,11.125,3.125,12.0],"texture":"#0","tintindex":0}}},{"from":[13.5,-4.75,3.75],"to":[13.5,-0.75,10.75],"rotation":{"origin":[13.5,-0.75,7.25],"axis":"z","angle":22.5},"faces":{"east":{"uv":[7.5,11.5,6.625,12.0],"texture":"#0","tintindex":0},"west":{"uv":[6.625,11.5,7.5,12.0],"texture":"#0","tintindex":0}}},{"from":[8.5,-4.75,10.75],"to":[13.5,-0.75,10.75],"rotation":{"origin":[11.0,-0.75,10.75],"axis":"x","angle":-22.5},"faces":{"south":{"uv":[9.375,12.125,8.75,12.625],"texture":"#0","tintindex":0},"north":{"uv":[8.75,12.125,9.375,12.625],"texture":"#0","tintindex":0}}},{"from":[8.5,-4.75,3.75],"to":[8.5,-0.75,10.75],"rotation":{"origin":[8.5,-0.75,7.25],"axis":"z","angle":-22.5},"faces":{"east":{"uv":[6.0,0.875,6.875,1.375],"texture":"#0","tintindex":0},"west":{"uv":[6.875,0.875,6.0,1.375],"texture":"#0","tintindex":0}}}],"textures":{"particle":"#0","0":"modelengine:52ad4db0-8bed-40fc-8d74-ff53fce72714"}}