{"display":{"head":{},"firstperson_righthand":{},"thirdperson_lefthand":{},"firstperson_lefthand":{},"fixed":{},"ground":{},"thirdperson_righthand":{},"gui":{"rotation":[-150.0,-45.0,180.0]}},"elements":[{"from":[5.51,-6.0,3.5],"to":[10.49,9.0,8.5],"faces":{"east":{"uv":[2.75,8.5,2.125,10.375],"texture":"#0","tintindex":0},"south":{"uv":[2.125,8.375,1.5,10.25],"texture":"#0","tintindex":0},"north":{"uv":[8.5,8.25,7.875,10.125],"texture":"#0","tintindex":0},"west":{"uv":[2.125,8.5,2.75,10.375],"texture":"#0","tintindex":0},"up":{"uv":[7.5,12.0,8.125,11.375],"texture":"#0","tintindex":0},"down":{"uv":[11.625,3.25,12.25,3.875],"texture":"#0","tintindex":0}}}],"textures":{"particle":"#0","0":"modelengine:8832c6ac-c0ab-4cec-abc5-ba423514b7c1"}}