{
  "textures": {
    "0": "modelengine:entity/timberwolf"
  },
  "elements": [
    {
      "from": [
        5.51,
        -6,
        3.5
      ],
      "to": [
        10.49,
        9,
        8.5
      ],
      "faces": {
        "east": {
          "uv": [
            2.75,
            8.5,
            2.125,
            10.375
          ],
          "tintindex": 0,
          "rotation": 0,
          "texture": "#0"
        },
        "south": {
          "uv": [
            2.125,
            8.375,
            1.5,
            10.25
          ],
          "tintindex": 0,
          "rotation": 0,
          "texture": "#0"
        },
        "north": {
          "uv": [
            8.5,
            8.25,
            7.875,
            10.125
          ],
          "tintindex": 0,
          "rotation": 0,
          "texture": "#0"
        },
        "west": {
          "uv": [
            2.125,
            8.5,
            2.75,
            10.375
          ],
          "tintindex": 0,
          "rotation": 0,
          "texture": "#0"
        },
        "up": {
          "uv": [
            7.5,
            12,
            8.125,
            11.375
          ],
          "tintindex": 0,
          "rotation": 0,
          "texture": "#0"
        },
        "down": {
          "uv": [
            11.625,
            3.25,
            12.25,
            3.875
          ],
          "tintindex": 0,
          "rotation": 0,
          "texture": "#0"
        }
      }
    }
  ],
  "display": {
    "gui": {
      "rotation": [
        30,
        225,
        0
      ]
    }
  }
}