{"display":{"head":{},"firstperson_righthand":{},"thirdperson_lefthand":{},"firstperson_lefthand":{},"fixed":{},"ground":{},"thirdperson_righthand":{},"gui":{"rotation":[-150.0,-45.0,180.0]}},"elements":[{"from":[7.5,-4.75,3.75],"to":[7.5,-0.75,10.75],"rotation":{"origin":[7.5,-0.75,7.25],"axis":"z","angle":22.5},"faces":{"east":{"uv":[6.0,0.875,6.875,1.375],"texture":"#0","tintindex":0},"west":{"uv":[6.875,0.875,6.0,1.375],"texture":"#0","tintindex":0}}},{"from":[2.5,-0.75,3.75],"to":[7.5,11.25,10.75],"faces":{"east":{"uv":[6.75,4.5,7.625,6.0],"texture":"#0","tintindex":0},"south":{"uv":[0.625,10.25,1.25,11.75],"texture":"#0","tintindex":0},"north":{"uv":[8.25,10.125,8.875,11.625],"texture":"#0","tintindex":0},"west":{"uv":[7.0,0.875,7.875,2.375],"texture":"#0","tintindex":0},"up":{"uv":[2.5,12.0,1.875,11.125],"texture":"#0","tintindex":0},"down":{"uv":[3.125,11.125,2.5,12.0],"texture":"#0","tintindex":0}}},{"from":[2.5,-4.75,10.75],"to":[7.5,-0.75,10.75],"rotation":{"origin":[5.0,-0.75,10.75],"axis":"x","angle":-22.5},"faces":{"south":{"uv":[8.75,12.125,9.375,12.625],"texture":"#0","tintindex":0},"north":{"uv":[9.375,12.125,8.75,12.625],"texture":"#0","tintindex":0}}},{"from":[2.5,-4.75,3.75],"to":[2.5,-0.75,10.75],"rotation":{"origin":[2.5,-0.75,7.25],"axis":"z","angle":-22.5},"faces":{"east":{"uv":[7.5,11.5,6.625,12.0],"texture":"#0","tintindex":0},"west":{"uv":[6.625,11.5,7.5,12.0],"texture":"#0","tintindex":0}}}],"textures":{"particle":"#0","0":"modelengine:52ad4db0-8bed-40fc-8d74-ff53fce72714"}}