{
  "textures": {
    "0": "modelengine:entity/timberwolf"
  },
  "elements": [
    {
      "from": [
        4,
        4.003935,
        -0.48006344
      ],
      "to": [
        12,
        12.003935,
        7.5199366
      ],
      "faces": {
        "east": {
          "uv": [
            9.625,
            6.25,
            10.625,
            7.25
          ],
          "tintindex": 0,
          "rotation": 0,
          "texture": "#0"
        },
        "south": {
          "uv": [
            6.5,
            9.625,
            7.5,
            10.625
          ],
          "tintindex": 0,
          "rotation": 0,
          "texture": "#0"
        },
        "north": {
          "uv": [
            9.625,
            5.25,
            10.625,
            6.25
          ],
          "tintindex": 0,
          "rotation": 0,
          "texture": "#0"
        },
        "west": {
          "uv": [
            9.75,
            7.25,
            10.75,
            8.25
          ],
          "tintindex": 0,
          "rotation": 0,
          "texture": "#0"
        },
        "up": {
          "uv": [
            10.75,
            9.25,
            9.75,
            8.25
          ],
          "tintindex": 0,
          "rotation": 0,
          "texture": "#0"
        },
        "down": {
          "uv": [
            10.75,
            9.25,
            9.75,
            10.25
          ],
          "tintindex": 0,
          "rotation": 0,
          "texture": "#0"
        }
      }
    },
    {
      "from": [
        4,
        12.003935,
        2.5199366
      ],
      "to": [
        4,
        17.003935,
        9.519937
      ],
      "faces": {
        "east": {
          "uv": [
            7.875,
            1.75,
            8.75,
            2.375
          ],
          "tintindex": 0,
          "rotation": 0,
          "texture": "#0"
        },
        "west": {
          "uv": [
            11.5,
            0,
            12.375,
            0.625
          ],
          "tintindex": 0,
          "rotation": 0,
          "texture": "#0"
        }
      },
      "rotation": {
        "origin": [
          4,
          12.003935,
          7.5199366
        ],
        "angle": -22.5,
        "axis": "y"
      }
    },
    {
      "from": [
        -2,
        4.003935,
        1.5199366
      ],
      "to": [
        4,
        12.003935,
        1.5199366
      ],
      "faces": {
        "south": {
          "uv": [
            11.5,
            6.75,
            10.75,
            7.75
          ],
          "tintindex": 0,
          "rotation": 0,
          "texture": "#0"
        },
        "north": {
          "uv": [
            10.75,
            6.75,
            11.5,
            7.75
          ],
          "tintindex": 0,
          "rotation": 0,
          "texture": "#0"
        }
      },
      "rotation": {
        "origin": [
          4,
          8.003935,
          1.5199366
        ],
        "angle": 45,
        "axis": "y"
      }
    },
    {
      "from": [
        6,
        5.003935,
        -6.4800634
      ],
      "to": [
        10,
        9.003935,
        -0.48006344
      ],
      "faces": {
        "east": {
          "uv": [
            1,
            11.75,
            1.75,
            12.25
          ],
          "tintindex": 0,
          "rotation": 0,
          "texture": "#0"
        },
        "south": {
          "uv": [
            8.25,
            3.125,
            8.75,
            3.625
          ],
          "tintindex": 0,
          "rotation": 0,
          "texture": "#0"
        },
        "north": {
          "uv": [
            7.625,
            5.375,
            8.125,
            5.875
          ],
          "tintindex": 0,
          "rotation": 0,
          "texture": "#0"
        },
        "west": {
          "uv": [
            10.875,
            11.75,
            11.625,
            12.25
          ],
          "tintindex": 0,
          "rotation": 0,
          "texture": "#0"
        },
        "up": {
          "uv": [
            7,
            9.5,
            6.5,
            8.75
          ],
          "tintindex": 0,
          "rotation": 0,
          "texture": "#0"
        },
        "down": {
          "uv": [
            2.25,
            12,
            1.75,
            12.75
          ],
          "tintindex": 0,
          "rotation": 0,
          "texture": "#0"
        }
      }
    },
    {
      "from": [
        12,
        12.003935,
        2.5199366
      ],
      "to": [
        12,
        17.003935,
        9.519937
      ],
      "faces": {
        "east": {
          "uv": [
            11.5,
            4.75,
            12.375,
            5.375
          ],
          "tintindex": 0,
          "rotation": 0,
          "texture": "#0"
        },
        "west": {
          "uv": [
            11.5,
            5.375,
            12.375,
            6
          ],
          "tintindex": 0,
          "rotation": 0,
          "texture": "#0"
        }
      },
      "rotation": {
        "origin": [
          12,
          12.003935,
          7.5199366
        ],
        "angle": 22.5,
        "axis": "y"
      }
    },
    {
      "from": [
        12,
        4.003935,
        1.5199366
      ],
      "to": [
        18,
        12.003935,
        1.5199366
      ],
      "faces": {
        "south": {
          "uv": [
            11.5,
            8.75,
            10.75,
            9.75
          ],
          "tintindex": 0,
          "rotation": 0,
          "texture": "#0"
        },
        "north": {
          "uv": [
            10.75,
            8.75,
            11.5,
            9.75
          ],
          "tintindex": 0,
          "rotation": 0,
          "texture": "#0"
        }
      },
      "rotation": {
        "origin": [
          12,
          8.003935,
          1.5199366
        ],
        "angle": -45,
        "axis": "y"
      }
    },
    {
      "from": [
        6,
        3.0039349,
        -6.4800634
      ],
      "to": [
        10,
        5.003935,
        -6.4800634
      ],
      "faces": {
        "south": {
          "uv": [
            5.75,
            12.25,
            6.25,
            12.5
          ],
          "tintindex": 0,
          "rotation": 0,
          "texture": "#0"
        },
        "north": {
          "uv": [
            10.625,
            1,
            11.125,
            1.25
          ],
          "tintindex": 0,
          "rotation": 0,
          "texture": "#0"
        }
      }
    },
    {
      "from": [
        3,
        12.003935,
        1.5199366
      ],
      "to": [
        13,
        12.003935,
        6.5199366
      ],
      "faces": {
        "up": {
          "uv": [
            12,
            2.625,
            10.75,
            2
          ],
          "tintindex": 0,
          "rotation": 0,
          "texture": "#0"
        },
        "down": {
          "uv": [
            12,
            2.625,
            10.75,
            3.25
          ],
          "tintindex": 0,
          "rotation": 0,
          "texture": "#0"
        }
      },
      "rotation": {
        "origin": [
          8,
          12.003935,
          1.5199366
        ],
        "angle": -22.5,
        "axis": "x"
      }
    },
    {
      "from": [
        6.5,
        2.0039349,
        -0.48006344
      ],
      "to": [
        9.5,
        4.003935,
        7.5199366
      ],
      "faces": {
        "east": {
          "uv": [
            11.5,
            0.625,
            12.5,
            0.875
          ],
          "tintindex": 0,
          "rotation": 0,
          "texture": "#0"
        },
        "south": {
          "uv": [
            11.25,
            12.25,
            11.625,
            12.5
          ],
          "tintindex": 0,
          "rotation": 0,
          "texture": "#0"
        },
        "north": {
          "uv": [
            10.875,
            12.25,
            11.25,
            12.5
          ],
          "tintindex": 0,
          "rotation": 0,
          "texture": "#0"
        },
        "west": {
          "uv": [
            11.5,
            9,
            12.5,
            9.25
          ],
          "tintindex": 0,
          "rotation": 0,
          "texture": "#0"
        },
        "up": {
          "uv": [
            10.5,
            12,
            10.125,
            11
          ],
          "tintindex": 0,
          "rotation": 0,
          "texture": "#0"
        },
        "down": {
          "uv": [
            10.875,
            11,
            10.5,
            12
          ],
          "tintindex": 0,
          "rotation": 0,
          "texture": "#0"
        }
      }
    },
    {
      "from": [
        10,
        3.0039349,
        -6.4800634
      ],
      "to": [
        10,
        5.003935,
        -0.48006344
      ],
      "faces": {
        "east": {
          "uv": [
            8,
            12.25,
            8.75,
            12.5
          ],
          "tintindex": 0,
          "rotation": 0,
          "texture": "#0"
        },
        "west": {
          "uv": [
            12.25,
            9.25,
            13,
            9.5
          ],
          "tintindex": 0,
          "rotation": 0,
          "texture": "#0"
        }
      }
    },
    {
      "from": [
        6,
        3.0039349,
        -6.4800634
      ],
      "to": [
        6,
        5.003935,
        -0.48006344
      ],
      "faces": {
        "east": {
          "uv": [
            12.25,
            3.625,
            13,
            3.875
          ],
          "tintindex": 0,
          "rotation": 0,
          "texture": "#0"
        },
        "west": {
          "uv": [
            5,
            12.25,
            5.75,
            12.5
          ],
          "tintindex": 0,
          "rotation": 0,
          "texture": "#0"
        }
      }
    }
  ],
  "display": {
    "gui": {
      "rotation": [
        30,
        225,
        0
      ]
    }
  }
}