{"display":{"head":{},"firstperson_righthand":{},"thirdperson_lefthand":{},"firstperson_lefthand":{},"fixed":{},"ground":{},"thirdperson_righthand":{},"gui":{"rotation":[-150.0,-45.0,180.0]}},"elements":[{"from":[6.51,6.0,3.0],"to":[9.49,8.0,8.0],"faces":{"east":{"uv":[11.5,0.625,12.125,0.875],"texture":"#0","tintindex":0},"south":{"uv":[11.25,12.25,11.625,12.5],"texture":"#0","tintindex":0},"north":{"uv":[10.875,12.25,11.25,12.5],"texture":"#0","tintindex":0},"west":{"uv":[12.5,9.0,13.125,9.25],"texture":"#0","tintindex":0},"up":{"uv":[10.5,11.625,10.125,11.0],"texture":"#0","tintindex":0},"down":{"uv":[10.875,11.0,10.5,11.625],"texture":"#0","tintindex":0}}}],"textures":{"particle":"#0","0":"modelengine:52ad4db0-8bed-40fc-8d74-ff53fce72714"}}