{
  "textures": {
    "1": "modelengine:entity/saddle"
  },
  "elements": [
    {
      "from": [
        -1,
        11,
        1
      ],
      "to": [
        17,
        18,
        3
      ],
      "faces": {
        "east": {
          "uv": [
            4.5,
            12.5,
            4,
            14.25
          ],
          "tintindex": 0,
          "rotation": 0,
          "texture": "#1"
        },
        "south": {
          "uv": [
            12,
            4,
            7.5,
            5.75
          ],
          "tintindex": 0,
          "rotation": 0,
          "texture": "#1"
        },
        "north": {
          "uv": [
            12.5,
            5.75,
            8,
            7.5
          ],
          "tintindex": 0,
          "rotation": 0,
          "texture": "#1"
        },
        "west": {
          "uv": [
            5,
            12.5,
            4.5,
            14.25
          ],
          "tintindex": 0,
          "rotation": 0,
          "texture": "#1"
        },
        "up": {
          "uv": [
            16,
            2.5,
            11.5,
            3
          ],
          "tintindex": 0,
          "rotation": 0,
          "texture": "#1"
        },
        "down": {
          "uv": [
            16,
            3.5,
            11.5,
            3
          ],
          "tintindex": 0,
          "rotation": 0,
          "texture": "#1"
        }
      }
    },
    {
      "from": [
        -1,
        11,
        -9
      ],
      "to": [
        17,
        18,
        -7
      ],
      "faces": {
        "east": {
          "uv": [
            4,
            12.5,
            4.5,
            14.25
          ],
          "tintindex": 0,
          "rotation": 0,
          "texture": "#1"
        },
        "south": {
          "uv": [
            8,
            5.75,
            12.5,
            7.5
          ],
          "tintindex": 0,
          "rotation": 0,
          "texture": "#1"
        },
        "north": {
          "uv": [
            7.5,
            4,
            12,
            5.75
          ],
          "tintindex": 0,
          "rotation": 0,
          "texture": "#1"
        },
        "west": {
          "uv": [
            4.5,
            12.5,
            5,
            14.25
          ],
          "tintindex": 0,
          "rotation": 0,
          "texture": "#1"
        },
        "up": {
          "uv": [
            16,
            3,
            11.5,
            2.5
          ],
          "tintindex": 0,
          "rotation": 0,
          "texture": "#1"
        },
        "down": {
          "uv": [
            16,
            3,
            11.5,
            3.5
          ],
          "tintindex": 0,
          "rotation": 0,
          "texture": "#1"
        }
      }
    },
    {
      "from": [
        0,
        2,
        -4
      ],
      "to": [
        16,
        11,
        -2
      ],
      "faces": {
        "east": {
          "uv": [
            7.5,
            12,
            8,
            14.25
          ],
          "tintindex": 0,
          "rotation": 0,
          "texture": "#1"
        },
        "south": {
          "uv": [
            0,
            7,
            4,
            9.25
          ],
          "tintindex": 0,
          "rotation": 0,
          "texture": "#1"
        },
        "north": {
          "uv": [
            0,
            7,
            4,
            9.25
          ],
          "tintindex": 0,
          "rotation": 0,
          "texture": "#1"
        },
        "west": {
          "uv": [
            3.5,
            12.5,
            4,
            14.75
          ],
          "tintindex": 0,
          "rotation": 0,
          "texture": "#1"
        },
        "up": {
          "uv": [
            7.5,
            12.5,
            3.5,
            12
          ],
          "tintindex": 0,
          "rotation": 0,
          "texture": "#1"
        },
        "down": {
          "uv": [
            16,
            4,
            12,
            4.5
          ],
          "tintindex": 0,
          "rotation": 0,
          "texture": "#1"
        }
      }
    },
    {
      "from": [
        -5,
        10,
        -3
      ],
      "to": [
        -1,
        19,
        6
      ],
      "faces": {
        "east": {
          "uv": [
            6.75,
            9.25,
            9,
            11.5
          ],
          "tintindex": 0,
          "rotation": 0,
          "texture": "#1"
        },
        "south": {
          "uv": [
            9,
            13.75,
            8,
            11.5
          ],
          "tintindex": 0,
          "rotation": 0,
          "texture": "#1"
        },
        "north": {
          "uv": [
            8,
            11.5,
            9,
            13.75
          ],
          "tintindex": 0,
          "rotation": 0,
          "texture": "#1"
        },
        "west": {
          "uv": [
            6.75,
            9.25,
            9,
            11.5
          ],
          "tintindex": 0,
          "rotation": 0,
          "texture": "#1"
        },
        "up": {
          "uv": [
            9,
            11.5,
            8,
            13.75
          ],
          "tintindex": 0,
          "rotation": 0,
          "texture": "#1"
        },
        "down": {
          "uv": [
            9,
            11.5,
            8,
            13.75
          ],
          "tintindex": 0,
          "rotation": 0,
          "texture": "#1"
        }
      },
      "rotation": {
        "origin": [
          8,
          8,
          8
        ],
        "angle": 45,
        "axis": "x"
      }
    },
    {
      "from": [
        0,
        11,
        -7
      ],
      "to": [
        16,
        16,
        1
      ],
      "faces": {
        "east": {
          "uv": [
            11.5,
            1.25,
            13.5,
            2.5
          ],
          "tintindex": 0,
          "rotation": 0,
          "texture": "#1"
        },
        "south": {
          "uv": [
            9,
            10.5,
            13,
            11.75
          ],
          "tintindex": 0,
          "rotation": 0,
          "texture": "#1"
        },
        "north": {
          "uv": [
            9,
            9.25,
            13,
            10.5
          ],
          "tintindex": 0,
          "rotation": 0,
          "texture": "#1"
        },
        "west": {
          "uv": [
            11.5,
            1.25,
            13.5,
            2.5
          ],
          "tintindex": 0,
          "rotation": 0,
          "texture": "#1"
        },
        "up": {
          "uv": [
            11.5,
            2,
            7.5,
            0
          ],
          "tintindex": 0,
          "rotation": 0,
          "texture": "#1"
        },
        "down": {
          "uv": [
            11.5,
            2,
            7.5,
            4
          ],
          "tintindex": 0,
          "rotation": 0,
          "texture": "#1"
        }
      }
    },
    {
      "from": [
        0.25,
        7,
        -7
      ],
      "to": [
        0.25,
        11,
        1
      ],
      "faces": {
        "east": {
          "uv": [
            12,
            4.5,
            14,
            5.5
          ],
          "tintindex": 0,
          "rotation": 0,
          "texture": "#1"
        },
        "west": {
          "uv": [
            12,
            11.75,
            14,
            12.75
          ],
          "tintindex": 0,
          "rotation": 0,
          "texture": "#1"
        }
      }
    },
    {
      "from": [
        15.75,
        7,
        -7
      ],
      "to": [
        15.75,
        11,
        1
      ],
      "faces": {
        "east": {
          "uv": [
            14,
            11.75,
            12,
            12.75
          ],
          "tintindex": 0,
          "rotation": 0,
          "texture": "#1"
        },
        "west": {
          "uv": [
            14,
            4.5,
            12,
            5.5
          ],
          "tintindex": 0,
          "rotation": 0,
          "texture": "#1"
        }
      }
    },
    {
      "from": [
        -7,
        11,
        -2
      ],
      "to": [
        23,
        18,
        5
      ],
      "faces": {
        "east": {
          "uv": [
            3.5,
            11,
            1.75,
            12.75
          ],
          "tintindex": 0,
          "rotation": 0,
          "texture": "#1"
        },
        "south": {
          "uv": [
            0,
            1.75,
            7.5,
            0
          ],
          "tintindex": 0,
          "rotation": 0,
          "texture": "#1"
        },
        "north": {
          "uv": [
            0,
            0,
            7.5,
            1.75
          ],
          "tintindex": 0,
          "rotation": 0,
          "texture": "#1"
        },
        "west": {
          "uv": [
            1.75,
            11,
            3.5,
            12.75
          ],
          "tintindex": 0,
          "rotation": 0,
          "texture": "#1"
        },
        "up": {
          "uv": [
            7.5,
            0,
            0,
            1.75
          ],
          "tintindex": 0,
          "rotation": 0,
          "texture": "#1"
        },
        "down": {
          "uv": [
            7.5,
            0,
            0,
            1.75
          ],
          "tintindex": 0,
          "rotation": 0,
          "texture": "#1"
        }
      },
      "rotation": {
        "origin": [
          8,
          8,
          8
        ],
        "angle": 45,
        "axis": "x"
      }
    },
    {
      "from": [
        17,
        10,
        -3
      ],
      "to": [
        21,
        19,
        6
      ],
      "faces": {
        "east": {
          "uv": [
            9,
            9.25,
            6.75,
            11.5
          ],
          "tintindex": 0,
          "rotation": 0,
          "texture": "#1"
        },
        "south": {
          "uv": [
            8,
            13.75,
            9,
            11.5
          ],
          "tintindex": 0,
          "rotation": 0,
          "texture": "#1"
        },
        "north": {
          "uv": [
            9,
            11.5,
            8,
            13.75
          ],
          "tintindex": 0,
          "rotation": 0,
          "texture": "#1"
        },
        "west": {
          "uv": [
            9,
            9.25,
            6.75,
            11.5
          ],
          "tintindex": 0,
          "rotation": 0,
          "texture": "#1"
        },
        "up": {
          "uv": [
            8,
            11.5,
            9,
            13.75
          ],
          "tintindex": 0,
          "rotation": 0,
          "texture": "#1"
        },
        "down": {
          "uv": [
            8,
            11.5,
            9,
            13.75
          ],
          "tintindex": 0,
          "rotation": 0,
          "texture": "#1"
        }
      },
      "rotation": {
        "origin": [
          8,
          8,
          8
        ],
        "angle": 45,
        "axis": "x"
      }
    }
  ],
  "display": {
    "gui": {
      "rotation": [
        30,
        225,
        0
      ]
    }
  }
}