{"display":{"head":{},"firstperson_righthand":{},"thirdperson_lefthand":{},"firstperson_lefthand":{},"fixed":{},"ground":{},"thirdperson_righthand":{},"gui":{"rotation":[-150.0,-45.0,180.0]}},"elements":[{"from":[-1.0,11.0,1.0],"to":[17.0,18.0,3.0],"faces":{"east":{"uv":[4.5,12.5,4.0,14.25],"texture":"#1","tintindex":0},"south":{"uv":[12.0,4.0,7.5,5.75],"texture":"#1","tintindex":0},"north":{"uv":[12.5,5.75,8.0,7.5],"texture":"#1","tintindex":0},"west":{"uv":[5.0,12.5,4.5,14.25],"texture":"#1","tintindex":0},"up":{"uv":[16.0,2.5,11.5,3.0],"texture":"#1","tintindex":0},"down":{"uv":[16.0,3.5,11.5,3.0],"texture":"#1","tintindex":0}}},{"from":[-1.0,11.0,-9.0],"to":[17.0,18.0,-7.0],"faces":{"east":{"uv":[4.0,12.5,4.5,14.25],"texture":"#1","tintindex":0},"south":{"uv":[8.0,5.75,12.5,7.5],"texture":"#1","tintindex":0},"north":{"uv":[7.5,4.0,12.0,5.75],"texture":"#1","tintindex":0},"west":{"uv":[4.5,12.5,5.0,14.25],"texture":"#1","tintindex":0},"up":{"uv":[16.0,3.0,11.5,2.5],"texture":"#1","tintindex":0},"down":{"uv":[16.0,3.0,11.5,3.5],"texture":"#1","tintindex":0}}},{"from":[0.0,2.0,-4.0],"to":[16.0,11.0,-2.0],"faces":{"east":{"uv":[7.5,12.0,8.0,14.25],"texture":"#1","tintindex":0},"south":{"uv":[0.0,7.0,4.0,9.25],"texture":"#1","tintindex":0},"north":{"uv":[0.0,7.0,4.0,9.25],"texture":"#1","tintindex":0},"west":{"uv":[3.5,12.5,4.0,14.75],"texture":"#1","tintindex":0},"up":{"uv":[7.5,12.5,3.5,12.0],"texture":"#1","tintindex":0},"down":{"uv":[16.0,4.0,12.0,4.5],"texture":"#1","tintindex":0}}},{"from":[-5.0,10.0,-3.0],"to":[-1.0,19.0,6.0],"rotation":{"origin":[8.0,8.0,8.0],"axis":"x","angle":45.0},"faces":{"east":{"uv":[6.75,9.25,9.0,11.5],"texture":"#1","tintindex":0},"south":{"uv":[9.0,13.75,8.0,11.5],"texture":"#1","tintindex":0},"north":{"uv":[8.0,11.5,9.0,13.75],"texture":"#1","tintindex":0},"west":{"uv":[6.75,9.25,9.0,11.5],"texture":"#1","tintindex":0},"up":{"uv":[9.0,11.5,8.0,13.75],"texture":"#1","tintindex":0},"down":{"uv":[9.0,11.5,8.0,13.75],"texture":"#1","tintindex":0}}},{"from":[0.0,11.0,-7.0],"to":[16.0,16.0,1.0],"faces":{"east":{"uv":[11.5,1.25,13.5,2.5],"texture":"#1","tintindex":0},"south":{"uv":[9.0,10.5,13.0,11.75],"texture":"#1","tintindex":0},"north":{"uv":[9.0,9.25,13.0,10.5],"texture":"#1","tintindex":0},"west":{"uv":[11.5,1.25,13.5,2.5],"texture":"#1","tintindex":0},"up":{"uv":[11.5,2.0,7.5,0.0],"texture":"#1","tintindex":0},"down":{"uv":[11.5,2.0,7.5,4.0],"texture":"#1","tintindex":0}}},{"from":[0.25,7.0,-7.0],"to":[0.25,11.0,1.0],"faces":{"east":{"uv":[12.0,4.5,14.0,5.5],"texture":"#1","tintindex":0},"west":{"uv":[12.0,11.75,14.0,12.75],"texture":"#1","tintindex":0}}},{"from":[15.75,7.0,-7.0],"to":[15.75,11.0,1.0],"faces":{"east":{"uv":[14.0,11.75,12.0,12.75],"texture":"#1","tintindex":0},"west":{"uv":[14.0,4.5,12.0,5.5],"texture":"#1","tintindex":0}}},{"from":[-7.0,11.0,-2.0],"to":[23.0,18.0,5.0],"rotation":{"origin":[8.0,8.0,8.0],"axis":"x","angle":45.0},"faces":{"east":{"uv":[3.5,11.0,1.75,12.75],"texture":"#1","tintindex":0},"south":{"uv":[0.0,1.75,7.5,0.0],"texture":"#1","tintindex":0},"north":{"uv":[0.0,0.0,7.5,1.75],"texture":"#1","tintindex":0},"west":{"uv":[1.75,11.0,3.5,12.75],"texture":"#1","tintindex":0},"up":{"uv":[7.5,0.0,0.0,1.75],"texture":"#1","tintindex":0},"down":{"uv":[7.5,0.0,0.0,1.75],"texture":"#1","tintindex":0}}},{"from":[17.0,10.0,-3.0],"to":[21.0,19.0,6.0],"rotation":{"origin":[8.0,8.0,8.0],"axis":"x","angle":45.0},"faces":{"east":{"uv":[9.0,9.25,6.75,11.5],"texture":"#1","tintindex":0},"south":{"uv":[8.0,13.75,9.0,11.5],"texture":"#1","tintindex":0},"north":{"uv":[9.0,11.5,8.0,13.75],"texture":"#1","tintindex":0},"west":{"uv":[9.0,9.25,6.75,11.5],"texture":"#1","tintindex":0},"up":{"uv":[8.0,11.5,9.0,13.75],"texture":"#1","tintindex":0},"down":{"uv":[8.0,11.5,9.0,13.75],"texture":"#1","tintindex":0}}}],"textures":{"particle":"#1","1":"modelengine:9ab6936f-b343-451b-a5ec-35b0f32bedf2"}}