{"display":{"head":{},"firstperson_righthand":{},"thirdperson_lefthand":{},"firstperson_lefthand":{},"fixed":{},"ground":{},"thirdperson_righthand":{},"gui":{"rotation":[-150.0,-45.0,180.0]}},"elements":[{"from":[5.01,5.9918537,8.163469],"to":[10.99,9.991854,18.16347],"faces":{"east":{"uv":[7.0,3.125,8.25,3.625],"texture":"#0","tintindex":0},"south":{"uv":[11.625,10.375,12.375,10.875],"texture":"#0","tintindex":0},"north":{"uv":[11.625,10.375,12.375,10.875],"texture":"#0","tintindex":0},"west":{"uv":[8.25,3.125,7.0,3.625],"texture":"#0","tintindex":0},"up":{"uv":[1.5,3.0,0.75,1.75],"texture":"#0","tintindex":0},"down":{"uv":[1.5,1.75,0.75,3.0],"texture":"#0","tintindex":0}}},{"from":[4.0,11.991854,2.1634684],"to":[12.0,11.991854,17.16347],"rotation":{"origin":[8.0,11.491854,2.1634684],"axis":"x","angle":-22.5},"faces":{"up":{"uv":[3.25,8.5,2.25,6.625],"texture":"#0","tintindex":0},"down":{"uv":[4.25,6.625,3.25,8.5],"texture":"#0","tintindex":0}}}],"textures":{"particle":"#0","0":"modelengine:52ad4db0-8bed-40fc-8d74-ff53fce72714"}}