{
  "textures": {
    "0": "modelengine:entity/timberwolf"
  },
  "elements": [
    {
      "from": [
        5,
        5,
        7
      ],
      "to": [
        11,
        11,
        16.999998
      ],
      "faces": {
        "east": {
          "uv": [
            8,
            0,
            9.25,
            0.75
          ],
          "tintindex": 0,
          "rotation": 0,
          "texture": "#0"
        },
        "south": {
          "uv": [
            8.125,
            7.5,
            8.875,
            6.75
          ],
          "tintindex": 0,
          "rotation": 0,
          "texture": "#0"
        },
        "north": {
          "uv": [
            8.125,
            6.75,
            8.875,
            7.5
          ],
          "tintindex": 0,
          "rotation": 0,
          "texture": "#0"
        },
        "west": {
          "uv": [
            9.25,
            0,
            8,
            0.75
          ],
          "tintindex": 0,
          "rotation": 0,
          "texture": "#0"
        },
        "up": {
          "uv": [
            10.75,
            3.25,
            10,
            2
          ],
          "tintindex": 0,
          "rotation": 0,
          "texture": "#0"
        },
        "down": {
          "uv": [
            10.75,
            2,
            10,
            3.25
          ],
          "tintindex": 0,
          "rotation": 0,
          "texture": "#0"
        }
      }
    }
  ],
  "display": {
    "gui": {
      "rotation": [
        30,
        225,
        0
      ]
    }
  }
}