{
  "textures": {
    "0": "modelengine:entity/timberwolf"
  },
  "elements": [
    {
      "from": [
        5.01,
        5.9918537,
        8.163469
      ],
      "to": [
        10.99,
        9.991854,
        18.16347
      ],
      "faces": {
        "east": {
          "uv": [
            7,
            3.125,
            8.25,
            3.625
          ],
          "tintindex": 0,
          "rotation": 0,
          "texture": "#0"
        },
        "south": {
          "uv": [
            11.625,
            10.375,
            12.375,
            10.875
          ],
          "tintindex": 0,
          "rotation": 0,
          "texture": "#0"
        },
        "north": {
          "uv": [
            11.625,
            10.375,
            12.375,
            10.875
          ],
          "tintindex": 0,
          "rotation": 0,
          "texture": "#0"
        },
        "west": {
          "uv": [
            8.25,
            3.125,
            7,
            3.625
          ],
          "tintindex": 0,
          "rotation": 0,
          "texture": "#0"
        },
        "up": {
          "uv": [
            1.5,
            3,
            0.75,
            1.75
          ],
          "tintindex": 0,
          "rotation": 0,
          "texture": "#0"
        },
        "down": {
          "uv": [
            1.5,
            1.75,
            0.75,
            3
          ],
          "tintindex": 0,
          "rotation": 0,
          "texture": "#0"
        }
      }
    },
    {
      "from": [
        4,
        11.991854,
        2.1634684
      ],
      "to": [
        12,
        11.991854,
        17.16347
      ],
      "faces": {
        "up": {
          "uv": [
            3.25,
            8.5,
            2.25,
            6.625
          ],
          "tintindex": 0,
          "rotation": 0,
          "texture": "#0"
        },
        "down": {
          "uv": [
            4.25,
            6.625,
            3.25,
            8.5
          ],
          "tintindex": 0,
          "rotation": 0,
          "texture": "#0"
        }
      },
      "rotation": {
        "origin": [
          8,
          11.491854,
          2.1634684
        ],
        "angle": -22.5,
        "axis": "x"
      }
    }
  ],
  "display": {
    "gui": {
      "rotation": [
        30,
        225,
        0
      ]
    }
  }
}