{"display":{"head":{},"firstperson_righthand":{},"thirdperson_lefthand":{},"firstperson_lefthand":{},"fixed":{},"ground":{},"thirdperson_righthand":{},"gui":{"rotation":[-150.0,-45.0,180.0]}},"elements":[{"from":[16.036106,15.997625,4.775402],"to":[16.536106,16.997625,10.275402],"rotation":{"origin":[11.036104,13.997625,11.025402],"axis":"y","angle":-22.5},"faces":{"east":{"uv":[11.125,6.0,9.75,6.25],"texture":"#0","tintindex":0},"south":{"uv":[6.875,11.0,6.75,11.25],"texture":"#0","tintindex":0},"north":{"uv":[6.625,11.0,6.5,11.25],"texture":"#0","tintindex":0},"west":{"uv":[10.625,0.75,9.25,1.0],"texture":"#0","tintindex":0},"up":{"uv":[1.625,11.625,1.75,10.25],"texture":"#0","tintindex":0},"down":{"uv":[0.5,10.375,0.625,11.75],"texture":"#0","tintindex":0}}},{"from":[4.5972223,21.551044,12.690121],"to":[5.5972223,25.051044,13.690121],"rotation":{"origin":[5.0972223,23.301044,13.190121],"axis":"x","angle":-22.5},"faces":{"east":{"uv":[2.125,10.125,1.875,11.0],"texture":"#0","tintindex":0},"south":{"uv":[10.25,9.25,10.0,10.125],"texture":"#0","tintindex":0},"north":{"uv":[8.25,10.125,8.0,11.0],"texture":"#0","tintindex":0},"west":{"uv":[8.625,10.125,8.375,11.0],"texture":"#0","tintindex":0},"up":{"uv":[10.375,11.125,10.625,10.875],"texture":"#0","rotation":180,"tintindex":0},"down":{"uv":[10.75,10.875,11.0,11.125],"texture":"#0","rotation":180,"tintindex":0}}},{"from":[6.7222223,16.997625,1.8192205],"to":[9.222222,19.497625,5.819221],"faces":{"east":{"uv":[8.75,7.5,9.75,8.125],"texture":"#0","tintindex":0},"south":{"uv":[9.75,5.25,10.375,5.875],"texture":"#0","tintindex":0},"north":{"uv":[9.75,4.5,10.375,5.125],"texture":"#0","tintindex":0},"west":{"uv":[8.875,3.125,9.875,3.75],"texture":"#0","tintindex":0},"up":{"uv":[1.75,10.125,1.125,9.125],"texture":"#0","tintindex":0},"down":{"uv":[4.125,9.125,3.5,10.125],"texture":"#0","tintindex":0}}},{"from":[6.7222223,15.497625,2.8192205],"to":[6.7222223,16.497625,5.819221],"rotation":{"origin":[7.9722223,16.497625,3.8192205],"axis":"x","angle":-45.0},"faces":{"east":{"uv":[10.5,10.25,9.75,10.5],"texture":"#0","tintindex":0},"west":{"uv":[9.75,10.25,10.5,10.5],"texture":"#0","tintindex":0}}},{"from":[5.7409725,16.497625,6.8192205],"to":[10.203472,20.497625,10.8192215],"rotation":{"origin":[7.9909725,17.497625,8.0692215],"axis":"x","angle":22.5},"faces":{"east":{"uv":[7.5,8.375,8.5,9.375],"texture":"#0","tintindex":0},"south":{"uv":[3.75,8.0,4.875,9.0],"texture":"#0","tintindex":0},"north":{"uv":[1.25,8.0,2.375,9.0],"texture":"#0","tintindex":0},"west":{"uv":[8.625,8.375,9.625,9.375],"texture":"#0","tintindex":0},"up":{"uv":[6.125,9.0,5.0,8.0],"texture":"#0","tintindex":0},"down":{"uv":[7.375,8.0,6.25,9.0],"texture":"#0","tintindex":0}}},{"from":[12.923301,6.4976254,12.348341],"to":[17.423302,17.497625,12.348341],"faces":{"south":{"uv":[2.375,2.75,1.25,5.5],"texture":"#0","tintindex":0},"north":{"uv":[1.25,2.75,2.375,5.5],"texture":"#0","tintindex":0}}},{"from":[-0.5916605,15.997625,4.775402],"to":[-0.0916605,16.997625,10.275402],"rotation":{"origin":[4.90834,13.997625,11.025402],"axis":"y","angle":22.5},"faces":{"east":{"uv":[9.25,0.75,10.625,1.0],"texture":"#0","tintindex":0},"south":{"uv":[6.75,11.0,6.875,11.25],"texture":"#0","tintindex":0},"north":{"uv":[6.5,11.0,6.625,11.25],"texture":"#0","tintindex":0},"west":{"uv":[9.75,6.0,11.125,6.25],"texture":"#0","tintindex":0},"up":{"uv":[1.75,11.625,1.625,10.25],"texture":"#0","tintindex":0},"down":{"uv":[0.625,10.375,0.5,11.75],"texture":"#0","tintindex":0}}},{"from":[18.317871,6.4976254,2.3178535],"to":[18.317871,16.997625,7.817854],"faces":{"east":{"uv":[2.875,0.0,1.5,2.625],"texture":"#0","tintindex":0},"west":{"uv":[1.5,0.0,2.875,2.625],"texture":"#0","tintindex":0}}},{"from":[18.036106,17.497625,4.775402],"to":[18.536106,18.497625,10.275402],"rotation":{"origin":[11.036104,13.997625,11.025402],"axis":"x","angle":-45.0},"faces":{"east":{"uv":[11.125,6.75,9.75,7.0],"texture":"#0","tintindex":0},"south":{"uv":[11.125,7.125,11.0,7.375],"texture":"#0","tintindex":0},"north":{"uv":[7.125,11.0,7.0,11.25],"texture":"#0","tintindex":0},"west":{"uv":[11.125,6.375,9.75,6.625],"texture":"#0","tintindex":0},"up":{"uv":[0.75,11.75,0.875,10.375],"texture":"#0","tintindex":0},"down":{"uv":[7.25,10.375,7.375,11.75],"texture":"#0","tintindex":0}}},{"from":[2.65834,13.497625,11.025402],"to":[7.15834,14.497625,11.525402],"rotation":{"origin":[4.90834,13.997625,11.025402],"axis":"y","angle":22.5},"faces":{"east":{"uv":[7.25,9.125,7.375,9.375],"texture":"#0","tintindex":0},"south":{"uv":[9.875,7.5,11.0,7.75],"texture":"#0","tintindex":0},"north":{"uv":[9.75,7.125,10.875,7.375],"texture":"#0","tintindex":0},"west":{"uv":[3.75,11.0,3.875,11.25],"texture":"#0","tintindex":0},"up":{"uv":[11.5,2.5,10.375,2.375],"texture":"#0","tintindex":0},"down":{"uv":[11.5,9.5,10.375,9.625],"texture":"#0","tintindex":0}}},{"from":[8.786104,13.497625,11.025402],"to":[13.286104,14.497625,11.525402],"rotation":{"origin":[11.036104,13.997625,11.025402],"axis":"y","angle":-22.5},"faces":{"east":{"uv":[3.875,11.0,3.75,11.25],"texture":"#0","tintindex":0},"south":{"uv":[11.0,7.5,9.875,7.75],"texture":"#0","tintindex":0},"north":{"uv":[10.875,7.125,9.75,7.375],"texture":"#0","tintindex":0},"west":{"uv":[7.375,9.125,7.25,9.375],"texture":"#0","tintindex":0},"up":{"uv":[10.375,2.5,11.5,2.375],"texture":"#0","tintindex":0},"down":{"uv":[10.375,9.5,11.5,9.625],"texture":"#0","tintindex":0}}},{"from":[5.7222223,12.497625,5.819221],"to":[10.222222,16.497625,10.3192215],"faces":{"east":{"uv":[7.5,5.0,8.625,6.0],"texture":"#0","tintindex":0},"south":{"uv":[6.25,6.875,7.375,7.875],"texture":"#0","tintindex":0},"north":{"uv":[6.25,6.875,7.375,7.875],"texture":"#0","tintindex":0},"west":{"uv":[7.5,7.25,8.625,8.25],"texture":"#0","tintindex":0},"up":{"uv":[4.875,6.75,3.75,5.625],"texture":"#0","tintindex":0},"down":{"uv":[4.875,6.75,3.75,5.625],"texture":"#0","tintindex":0}}},{"from":[5.7222223,-1.0023746,5.819221],"to":[10.222222,2.9976254,10.3192215],"faces":{"east":{"uv":[7.5,5.0,8.625,6.0],"texture":"#0","tintindex":0},"south":{"uv":[6.25,6.875,7.375,7.875],"texture":"#0","tintindex":0},"north":{"uv":[6.25,6.875,7.375,7.875],"texture":"#0","tintindex":0},"west":{"uv":[7.5,7.25,8.625,8.25],"texture":"#0","tintindex":0},"up":{"uv":[4.875,6.75,3.75,5.625],"texture":"#0","tintindex":0},"down":{"uv":[4.875,6.75,3.75,5.625],"texture":"#0","tintindex":0}}},{"from":[6.2222223,11.997625,6.3192205],"to":[9.722222,12.497625,9.819221],"faces":{"east":{"uv":[10.375,10.625,11.25,10.75],"texture":"#0","tintindex":0},"south":{"uv":[10.75,0.75,11.625,0.875],"texture":"#0","tintindex":0},"north":{"uv":[10.5,5.75,11.375,5.875],"texture":"#0","tintindex":0},"west":{"uv":[8.75,10.75,9.625,10.875],"texture":"#0","tintindex":0},"up":{"uv":[9.625,5.375,8.75,4.5],"texture":"#0","tintindex":0},"down":{"uv":[9.625,5.5,8.75,6.375],"texture":"#0","tintindex":0}}},{"from":[6.2222223,2.9976254,6.3192205],"to":[9.722222,3.4976254,9.819221],"faces":{"east":{"uv":[10.875,3.875,11.75,4.0],"texture":"#0","tintindex":0},"south":{"uv":[4.0,10.875,4.875,11.0],"texture":"#0","tintindex":0},"north":{"uv":[10.875,2.875,11.75,3.0],"texture":"#0","tintindex":0},"west":{"uv":[10.875,4.125,11.75,4.25],"texture":"#0","tintindex":0},"up":{"uv":[9.75,3.0,8.875,2.125],"texture":"#0","tintindex":0},"down":{"uv":[3.375,8.875,2.5,9.75],"texture":"#0","tintindex":0}}},{"from":[-0.8414688,11.997625,11.862864],"to":[3.6585312,12.997625,12.362864],"rotation":{"origin":[4.908531,13.997625,10.862864],"axis":"z","angle":-45.0},"faces":{"east":{"uv":[11.0,4.375,11.125,4.625],"texture":"#0","tintindex":0},"south":{"uv":[10.0,3.125,11.125,3.375],"texture":"#0","tintindex":0},"north":{"uv":[9.875,7.875,11.0,8.125],"texture":"#0","tintindex":0},"west":{"uv":[11.0,4.75,11.125,5.0],"texture":"#0","tintindex":0},"up":{"uv":[11.5,9.875,10.375,9.75],"texture":"#0","tintindex":0},"down":{"uv":[11.5,10.0,10.375,10.125],"texture":"#0","tintindex":0}}},{"from":[6.2222223,7.4976254,6.3192205],"to":[9.722222,7.9976254,9.819221],"faces":{"east":{"uv":[10.875,1.25,11.75,1.375],"texture":"#0","tintindex":0},"south":{"uv":[2.25,10.875,3.125,11.0],"texture":"#0","tintindex":0},"north":{"uv":[10.875,1.0,11.75,1.125],"texture":"#0","tintindex":0},"west":{"uv":[10.875,2.625,11.75,2.75],"texture":"#0","tintindex":0},"up":{"uv":[9.625,7.375,8.75,6.5],"texture":"#0","tintindex":0},"down":{"uv":[9.75,1.125,8.875,2.0],"texture":"#0","tintindex":0}}},{"from":[-1.4788561,6.4976254,12.348341],"to":[3.021144,17.497625,12.348341],"faces":{"south":{"uv":[1.25,2.75,2.375,5.5],"texture":"#0","tintindex":0},"north":{"uv":[2.375,2.75,1.25,5.5],"texture":"#0","tintindex":0}}},{"from":[12.285913,11.997625,11.862864],"to":[16.785913,12.997625,12.362864],"rotation":{"origin":[11.035913,13.997625,10.862864],"axis":"z","angle":45.0},"faces":{"east":{"uv":[11.125,4.75,11.0,5.0],"texture":"#0","tintindex":0},"south":{"uv":[11.125,3.125,10.0,3.375],"texture":"#0","tintindex":0},"north":{"uv":[11.0,7.875,9.875,8.125],"texture":"#0","tintindex":0},"west":{"uv":[11.125,4.375,11.0,4.625],"texture":"#0","tintindex":0},"up":{"uv":[10.375,9.875,11.5,9.75],"texture":"#0","tintindex":0},"down":{"uv":[10.375,10.0,11.5,10.125],"texture":"#0","tintindex":0}}},{"from":[5.4722223,18.035686,10.010563],"to":[6.9722223,20.035686,13.510563],"rotation":{"origin":[7.2222223,19.285686,10.260563],"axis":"y","angle":-45.0},"faces":{"east":{"uv":[6.375,5.0,7.25,5.5],"texture":"#0","tintindex":0},"south":{"uv":[9.25,10.125,9.625,10.625],"texture":"#0","tintindex":0},"north":{"uv":[8.75,10.125,9.125,10.625],"texture":"#0","tintindex":0},"west":{"uv":[8.875,3.875,9.75,4.375],"texture":"#0","tintindex":0},"up":{"uv":[2.25,10.0,1.875,9.125],"texture":"#0","tintindex":0},"down":{"uv":[10.125,8.25,9.75,9.125],"texture":"#0","tintindex":0}}},{"from":[9.222222,15.497625,2.8192205],"to":[9.222222,16.497625,5.819221],"rotation":{"origin":[7.9722223,16.497625,3.8192205],"axis":"x","angle":-45.0},"faces":{"east":{"uv":[10.5,10.25,9.75,10.5],"texture":"#0","tintindex":0},"west":{"uv":[9.75,10.25,10.5,10.5],"texture":"#0","tintindex":0}}},{"from":[-0.5916605,6.4976254,5.275402],"to":[-0.5916605,15.997625,10.275402],"rotation":{"origin":[4.90834,13.997625,11.025402],"axis":"y","angle":22.5},"faces":{"east":{"uv":[4.25,0.0,3.0,2.375],"texture":"#0","tintindex":0},"west":{"uv":[3.0,0.0,4.25,2.375],"texture":"#0","tintindex":0}}},{"from":[4.0972223,18.035686,11.585563],"to":[5.5972223,19.535686,15.085562],"rotation":{"origin":[7.2222223,19.285686,11.335563],"axis":"x","angle":-45.0},"faces":{"east":{"uv":[7.625,4.5,8.5,4.875],"texture":"#0","tintindex":0},"south":{"uv":[10.375,9.0,10.75,9.375],"texture":"#0","tintindex":0},"north":{"uv":[7.5,10.375,7.875,10.75],"texture":"#0","tintindex":0},"west":{"uv":[9.875,1.125,10.75,1.5],"texture":"#0","tintindex":0},"up":{"uv":[10.25,2.5,9.875,1.625],"texture":"#0","tintindex":0},"down":{"uv":[2.75,9.875,2.375,10.75],"texture":"#0","tintindex":0}}},{"from":[6.7222223,19.497625,1.8192205],"to":[7.2222223,20.497625,3.3192205],"faces":{"east":{"uv":[5.5,10.875,5.875,11.125],"texture":"#0","tintindex":0},"south":{"uv":[9.5,11.0,9.625,11.25],"texture":"#0","tintindex":0},"north":{"uv":[9.25,11.0,9.375,11.25],"texture":"#0","tintindex":0},"west":{"uv":[6.0,10.875,6.375,11.125],"texture":"#0","tintindex":0},"up":{"uv":[3.375,11.375,3.25,11.0],"texture":"#0","tintindex":0},"down":{"uv":[3.625,11.0,3.5,11.375],"texture":"#0","tintindex":0}}},{"from":[9.2097225,15.247625,1.6942205],"to":[9.2097225,16.247625,3.6942205],"rotation":{"origin":[7.9722223,16.497625,3.8192205],"axis":"x","angle":-22.5},"faces":{"east":{"uv":[11.125,10.25,10.625,10.5],"texture":"#0","tintindex":0},"west":{"uv":[10.625,10.25,11.125,10.5],"texture":"#0","tintindex":0}}},{"from":[8.786104,6.4976254,11.525402],"to":[13.286104,13.497625,11.525402],"rotation":{"origin":[11.036104,13.997625,11.025402],"axis":"y","angle":-22.5},"faces":{"south":{"uv":[5.5,0.0,4.375,1.75],"texture":"#0","tintindex":0},"north":{"uv":[4.375,0.0,5.5,1.75],"texture":"#0","tintindex":0},"west":{"uv":[4.375,0.0,5.5,1.75],"texture":"#0","tintindex":0}}},{"from":[16.536106,6.4976254,5.275402],"to":[16.536106,15.997625,10.275402],"rotation":{"origin":[11.036104,13.997625,11.025402],"axis":"y","angle":-22.5},"faces":{"east":{"uv":[4.25,0.0,3.0,2.375],"texture":"#0","tintindex":0},"west":{"uv":[3.0,0.0,4.25,2.375],"texture":"#0","tintindex":0}}},{"from":[6.7222223,14.497625,2.8192205],"to":[9.222222,15.497625,5.819221],"rotation":{"origin":[7.9722223,16.497625,3.8192205],"axis":"x","angle":-45.0},"faces":{"east":{"uv":[3.375,10.25,4.125,10.5],"texture":"#0","tintindex":0},"south":{"uv":[10.375,0.375,11.0,0.625],"texture":"#0","tintindex":0},"north":{"uv":[10.375,0.0,11.0,0.25],"texture":"#0","tintindex":0},"west":{"uv":[10.25,8.25,11.0,8.5],"texture":"#0","tintindex":0},"up":{"uv":[7.125,9.875,6.5,9.125],"texture":"#0","tintindex":0},"down":{"uv":[7.875,9.5,7.25,10.25],"texture":"#0","tintindex":0}}},{"from":[10.347222,18.035686,11.585563],"to":[11.847222,19.535686,15.085562],"rotation":{"origin":[8.722222,19.285686,11.335563],"axis":"x","angle":-45.0},"faces":{"east":{"uv":[9.875,2.625,10.75,3.0],"texture":"#0","tintindex":0},"south":{"uv":[10.5,4.875,10.875,5.25],"texture":"#0","tintindex":0},"north":{"uv":[10.5,4.375,10.875,4.75],"texture":"#0","tintindex":0},"west":{"uv":[9.875,3.875,10.75,4.25],"texture":"#0","tintindex":0},"up":{"uv":[3.25,10.75,2.875,9.875],"texture":"#0","tintindex":0},"down":{"uv":[4.625,9.875,4.25,10.75],"texture":"#0","tintindex":0}}},{"from":[9.222222,20.497625,5.319221],"to":[9.222222,22.997625,9.319221],"rotation":{"origin":[7.9722223,17.497625,8.0692215],"axis":"x","angle":-22.5},"faces":{"east":{"uv":[6.375,9.125,5.375,9.75],"texture":"#0","tintindex":0},"west":{"uv":[5.375,9.125,6.375,9.75],"texture":"#0","tintindex":0}}},{"from":[-2.3734274,6.4976254,2.3178535],"to":[-2.3734274,16.997625,7.817854],"faces":{"east":{"uv":[2.875,0.0,1.5,2.625],"texture":"#0","tintindex":0},"west":{"uv":[1.5,0.0,2.875,2.625],"texture":"#0","tintindex":0}}},{"from":[6.728472,14.247625,1.6942205],"to":[9.215972,15.247625,3.6942205],"rotation":{"origin":[7.978472,16.497625,3.8192205],"axis":"x","angle":-22.5},"faces":{"east":{"uv":[10.5,5.375,11.0,5.625],"texture":"#0","tintindex":0},"south":{"uv":[10.375,2.0,11.0,2.25],"texture":"#0","tintindex":0},"north":{"uv":[10.375,1.625,11.0,1.875],"texture":"#0","tintindex":0},"west":{"uv":[3.375,10.625,3.875,10.875],"texture":"#0","tintindex":0},"up":{"uv":[5.0,2.375,4.375,1.875],"texture":"#0","tintindex":0},"down":{"uv":[6.25,1.25,5.625,1.75],"texture":"#0","tintindex":0}}},{"from":[8.972222,18.035686,10.010563],"to":[10.472222,20.035686,13.510563],"rotation":{"origin":[8.722222,19.285686,10.260563],"axis":"y","angle":45.0},"faces":{"east":{"uv":[8.0,9.5,8.875,10.0],"texture":"#0","tintindex":0},"south":{"uv":[0.0,10.375,0.375,10.875],"texture":"#0","tintindex":0},"north":{"uv":[1.125,10.25,1.5,10.75],"texture":"#0","tintindex":0},"west":{"uv":[9.0,9.5,9.875,10.0],"texture":"#0","tintindex":0},"up":{"uv":[5.125,10.75,4.75,9.875],"texture":"#0","tintindex":0},"down":{"uv":[5.625,9.875,5.25,10.75],"texture":"#0","tintindex":0}}},{"from":[8.722222,19.497625,1.8192205],"to":[9.222222,20.497625,3.3192205],"faces":{"east":{"uv":[1.0,10.875,1.375,11.125],"texture":"#0","tintindex":0},"south":{"uv":[9.0,11.0,9.125,11.25],"texture":"#0","tintindex":0},"north":{"uv":[8.75,11.0,8.875,11.25],"texture":"#0","tintindex":0},"west":{"uv":[5.0,10.875,5.375,11.125],"texture":"#0","tintindex":0},"up":{"uv":[0.125,11.375,0.0,11.0],"texture":"#0","tintindex":0},"down":{"uv":[0.375,11.0,0.25,11.375],"texture":"#0","tintindex":0}}},{"from":[9.222222,15.997625,1.8192205],"to":[9.222222,16.997625,5.819221],"faces":{"east":{"uv":[11.0,3.5,10.0,3.75],"texture":"#0","tintindex":0},"west":{"uv":[10.0,3.5,11.0,3.75],"texture":"#0","tintindex":0}}},{"from":[6.7222223,20.497625,5.319221],"to":[6.7222223,22.997625,9.319221],"rotation":{"origin":[7.9722223,17.497625,8.0692215],"axis":"x","angle":-22.5},"faces":{"east":{"uv":[6.375,9.125,5.375,9.75],"texture":"#0","tintindex":0},"west":{"uv":[5.375,9.125,6.375,9.75],"texture":"#0","tintindex":0}}},{"from":[9.222222,20.497625,5.319221],"to":[9.222222,22.997625,9.319221],"rotation":{"origin":[7.9722223,17.497625,8.0692215],"axis":"x","angle":-22.5},"faces":{"east":{"uv":[0.0,9.25,1.0,9.875],"texture":"#0","tintindex":0},"west":{"uv":[9.25,0.0,10.25,0.625],"texture":"#0","tintindex":0}}},{"from":[6.7222223,15.997625,1.8192205],"to":[6.7222223,16.997625,5.819221],"faces":{"east":{"uv":[11.0,3.5,10.0,3.75],"texture":"#0","tintindex":0},"west":{"uv":[10.0,3.5,11.0,3.75],"texture":"#0","tintindex":0}}},{"from":[5.7222223,7.9976254,5.819221],"to":[10.222222,11.997625,10.3192215],"faces":{"east":{"uv":[7.5,5.0,8.625,6.0],"texture":"#0","tintindex":0},"south":{"uv":[6.25,6.875,7.375,7.875],"texture":"#0","tintindex":0},"north":{"uv":[6.25,6.875,7.375,7.875],"texture":"#0","tintindex":0},"west":{"uv":[7.5,7.25,8.625,8.25],"texture":"#0","tintindex":0},"up":{"uv":[4.875,6.75,3.75,5.625],"texture":"#0","tintindex":0},"down":{"uv":[4.875,6.75,3.75,5.625],"texture":"#0","tintindex":0}}},{"from":[2.65834,6.4976254,11.525402],"to":[7.15834,13.497625,11.525402],"rotation":{"origin":[4.90834,13.997625,11.025402],"axis":"y","angle":22.5},"faces":{"east":{"uv":[5.5,0.0,4.375,1.75],"texture":"#0","tintindex":0},"south":{"uv":[4.375,0.0,5.5,1.75],"texture":"#0","tintindex":0},"north":{"uv":[5.5,0.0,4.375,1.75],"texture":"#0","tintindex":0}}},{"from":[-2.5916605,17.497625,4.775402],"to":[-2.0916605,18.497625,10.275402],"rotation":{"origin":[4.90834,13.997625,11.025402],"axis":"x","angle":-45.0},"faces":{"east":{"uv":[9.75,6.375,11.125,6.625],"texture":"#0","tintindex":0},"south":{"uv":[11.0,7.125,11.125,7.375],"texture":"#0","tintindex":0},"north":{"uv":[7.0,11.0,7.125,11.25],"texture":"#0","tintindex":0},"west":{"uv":[9.75,6.75,11.125,7.0],"texture":"#0","tintindex":0},"up":{"uv":[0.875,11.75,0.75,10.375],"texture":"#0","tintindex":0},"down":{"uv":[7.375,10.375,7.25,11.75],"texture":"#0","tintindex":0}}},{"from":[5.7097225,16.497625,5.319221],"to":[10.234722,20.497625,9.319221],"rotation":{"origin":[7.984722,17.497625,8.0692215],"axis":"x","angle":-22.5},"faces":{"east":{"uv":[0.0,8.125,1.0,9.125],"texture":"#0","tintindex":0},"south":{"uv":[7.625,2.25,8.75,3.25],"texture":"#0","tintindex":0},"north":{"uv":[7.625,1.125,8.75,2.125],"texture":"#0","tintindex":0},"west":{"uv":[8.125,0.0,9.125,1.0],"texture":"#0","tintindex":0},"up":{"uv":[8.75,4.375,7.625,3.375],"texture":"#0","tintindex":0},"down":{"uv":[3.625,7.75,2.5,8.75],"texture":"#0","tintindex":0}}},{"from":[10.347222,21.551044,12.690121],"to":[11.347222,25.051044,13.690121],"rotation":{"origin":[10.847222,23.301044,13.190121],"axis":"x","angle":-22.5},"faces":{"east":{"uv":[8.375,10.125,8.625,11.0],"texture":"#0","tintindex":0},"south":{"uv":[10.0,9.25,10.25,10.125],"texture":"#0","tintindex":0},"north":{"uv":[8.0,10.125,8.25,11.0],"texture":"#0","tintindex":0},"west":{"uv":[1.875,10.125,2.125,11.0],"texture":"#0","tintindex":0},"up":{"uv":[10.625,11.125,10.375,10.875],"texture":"#0","rotation":180,"tintindex":0},"down":{"uv":[11.0,10.875,10.75,11.125],"texture":"#0","rotation":180,"tintindex":0}}},{"from":[6.734722,15.247625,1.6942205],"to":[6.734722,16.247625,3.6942205],"rotation":{"origin":[7.9722223,16.497625,3.8192205],"axis":"x","angle":-22.5},"faces":{"east":{"uv":[11.125,10.25,10.625,10.5],"texture":"#0","tintindex":0},"west":{"uv":[10.625,10.25,11.125,10.5],"texture":"#0","tintindex":0}}},{"from":[5.7222223,3.4976254,5.819221],"to":[10.222222,7.4976254,10.3192215],"faces":{"east":{"uv":[7.5,5.0,8.625,6.0],"texture":"#0","tintindex":0},"south":{"uv":[6.25,6.875,7.375,7.875],"texture":"#0","tintindex":0},"north":{"uv":[6.25,6.875,7.375,7.875],"texture":"#0","tintindex":0},"west":{"uv":[7.5,7.25,8.625,8.25],"texture":"#0","tintindex":0},"up":{"uv":[4.875,6.75,3.75,5.625],"texture":"#0","tintindex":0},"down":{"uv":[4.875,6.75,3.75,5.625],"texture":"#0","tintindex":0}}}],"textures":{"particle":"#0","0":"modelengine:f5eb696f-88c9-4f15-9212-c4e2c8bddc2d"}}