{"model":{"type":"minecraft:range_dispatch","property":"minecraft:custom_model_data","entries":[{"threshold":7191009.0,"model":{"model":"minecraft:8db9e902-6181-428e-8adf-c0328f14739c","type":"minecraft:model"}},{"threshold":7191010.0,"model":{"model":"minecraft:3fe6b4f6-4a34-4c2d-989a-8d2bb481f5a1","type":"minecraft:model"}},{"threshold":7191011.0,"model":{"model":"minecraft:7ec0ef8f-7d04-44df-a1fd-dff1ca9a9590","type":"minecraft:model"}},{"threshold":7191012.0,"model":{"model":"minecraft:fd61ae70-ad52-41b7-8afb-089000e25020","type":"minecraft:model"}},{"threshold":7191013.0,"model":{"model":"minecraft:1516936b-1370-4980-9fad-506c754cc3d8","type":"minecraft:model"}},{"threshold":7191014.0,"model":{"model":"minecraft:e316cd93-fb32-4647-9fe8-90fbc80dd0dd","type":"minecraft:model"}},{"threshold":7191015.0,"model":{"model":"minecraft:69101306-04be-4105-8311-6e46bce776da","type":"minecraft:model"}},{"threshold":7191016.0,"model":{"model":"minecraft:d6d38575-5220-4e4a-a897-95083ff12d12","type":"minecraft:model"}}],"scale":1.0,"fallback":{"type":"minecraft:model","model":"minecraft:item/golden_horse_armor"}}}