{"model":{"type":"minecraft:range_dispatch","property":"minecraft:custom_model_data","entries":[{"threshold":7191009.0,"model":{"model":"minecraft:c6ea9432-2fa0-4099-986e-c03d2c3a345e","type":"minecraft:model"}},{"threshold":7191010.0,"model":{"model":"minecraft:33859074-2989-4301-9800-d84d04280a1c","type":"minecraft:model"}},{"threshold":7191011.0,"model":{"model":"minecraft:82772a9d-e1e5-41a7-9ce7-ab7e903ec574","type":"minecraft:model"}},{"threshold":7191012.0,"model":{"model":"minecraft:365e5ee9-5800-4b82-9c53-35a5bceff482","type":"minecraft:model"}},{"threshold":7191013.0,"model":{"model":"minecraft:441dac91-ddea-44cd-9639-ada2781c0430","type":"minecraft:model"}},{"threshold":7191014.0,"model":{"model":"minecraft:487ccf4e-ad29-419a-8f34-c0ebd59503c9","type":"minecraft:model"}},{"threshold":7191015.0,"model":{"model":"minecraft:caeeab71-a09d-4f92-a7d5-e32f408ed1ad","type":"minecraft:model"}},{"threshold":7191016.0,"model":{"model":"minecraft:328d68fc-01e0-4139-ba70-b33b2effb285","type":"minecraft:model"}}],"scale":1.0,"fallback":{"type":"minecraft:model","model":"minecraft:item/golden_horse_armor"}}}