{"model":{"type":"minecraft:range_dispatch","property":"minecraft:custom_model_data","entries":[{"threshold":6001.0,"model":{"model":"minecraft:gold_coin","type":"minecraft:model"}},{"threshold":6001.0,"model":{"model":"minecraft:0b000749-e28b-4cff-99d1-9f69ecaf01f6","type":"minecraft:model"}},{"threshold":6002.0,"model":{"model":"minecraft:gold_coin_medium","type":"minecraft:model"}},{"threshold":6002.0,"model":{"model":"minecraft:8ae6a10f-2b54-4bd0-b0a4-027775a70131","type":"minecraft:model"}},{"threshold":6003.0,"model":{"model":"minecraft:gold_coin_large","type":"minecraft:model"}},{"threshold":6003.0,"model":{"model":"minecraft:6eea09e9-2742-4a72-ad63-46be7d23b01e","type":"minecraft:model"}}],"scale":1.0,"fallback":{"type":"minecraft:model","model":"minecraft:item/gold_nugget"}}}