{"model":{"type":"minecraft:range_dispatch","property":"minecraft:custom_model_data","entries":[{"threshold":7191009.0,"model":{"model":"minecraft:46e78ea0-4f75-4064-a948-9727a6f9d56e","type":"minecraft:model"}},{"threshold":7191010.0,"model":{"model":"minecraft:e8afb016-ca73-4ad8-b372-cb568f4e5bbb","type":"minecraft:model"}},{"threshold":7191011.0,"model":{"model":"minecraft:a4c3b33f-ab60-47d3-8191-3009691caf55","type":"minecraft:model"}},{"threshold":7191012.0,"model":{"model":"minecraft:50506819-6bc2-47c2-b0e8-340487e30164","type":"minecraft:model"}},{"threshold":7191013.0,"model":{"model":"minecraft:0bc9a802-cb36-44ef-a23f-b78795b1fe15","type":"minecraft:model"}},{"threshold":7191014.0,"model":{"model":"minecraft:0d0a6176-3b9a-4763-9721-2bd5c5d0934e","type":"minecraft:model"}},{"threshold":7191015.0,"model":{"model":"minecraft:edcfa23f-2673-469a-b3f5-58ea59a43a2b","type":"minecraft:model"}},{"threshold":7191016.0,"model":{"model":"minecraft:024661a5-6c06-4b36-b994-23751594a30a","type":"minecraft:model"}}],"scale":1.0,"fallback":{"type":"minecraft:model","model":"minecraft:item/golden_horse_armor"}}}