{"model":{"type":"minecraft:range_dispatch","property":"minecraft:custom_model_data","entries":[{"threshold":1001.0,"model":{"model":"nexo:19561c52-d83b-4486-b36f-c156cccb0013","type":"minecraft:model"}},{"threshold":1009.0,"model":{"model":"nexo:87dea539-941a-4162-8c70-8f930651ec5e","type":"minecraft:model"}},{"threshold":1010.0,"model":{"model":"nexo:ef4e5c0d-a1de-4fc2-bad7-e0bed3b8e2b5","type":"minecraft:model"}},{"threshold":1011.0,"model":{"model":"nexo:9a19b095-6d6b-47eb-af35-a2c3c3cdc7ca","type":"minecraft:model"}},{"threshold":1012.0,"model":{"model":"nexo:f3e909b8-4d24-43e0-b5d6-d4cb1a3328dd","type":"minecraft:model"}},{"threshold":1013.0,"model":{"model":"nexo:54830bb1-739b-4649-9c42-9624c7b9ddf5","type":"minecraft:model"}},{"threshold":1014.0,"model":{"model":"minecraft:95c09ce0-ebef-4bed-801a-a01313524cd8","type":"minecraft:model"}},{"threshold":1015.0,"model":{"model":"minecraft:bc3e559d-87ff-4469-b298-799b65f7b5b3","type":"minecraft:model"}},{"threshold":1016.0,"model":{"model":"minecraft:1956c624-ed6e-4765-8d7b-35a77590b805","type":"minecraft:model"}}],"scale":1.0,"fallback":{"type":"minecraft:model","model":"minecraft:item/paper"}}}