{"model":{"type":"minecraft:range_dispatch","property":"minecraft:custom_model_data","fallback":{"type":"minecraft:special","base":"minecraft:item/template_skull","model":{"type":"minecraft:head","kind":"player"}},"entries":[{"threshold":1.0,"model":{"type":"minecraft:special","base":"minecraft:a1aa9012-a79a-431d-9911-57aba20ec5ef","model":{"type":"minecraft:head","kind":"player"}}},{"threshold":2.0,"model":{"type":"minecraft:special","base":"minecraft:5a575746-6261-4e13-af2c-ce302b9c097c","model":{"type":"minecraft:head","kind":"player"}}},{"threshold":3.0,"model":{"type":"minecraft:special","base":"minecraft:10f8e55c-30dd-42a6-8f6f-a39bdcf499ae","model":{"type":"minecraft:head","kind":"player"}}},{"threshold":4.0,"model":{"type":"minecraft:special","base":"minecraft:26d5bced-37cd-4e3e-9589-95045c45f6db","model":{"type":"minecraft:head","kind":"player"}}},{"threshold":5.0,"model":{"type":"minecraft:special","base":"minecraft:7a73ed00-80b2-43c5-9712-8102563a3abb","model":{"type":"minecraft:head","kind":"player"}}},{"threshold":6.0,"model":{"type":"minecraft:special","base":"minecraft:74c70d60-6444-40e3-9ec8-8c600336e234","model":{"type":"minecraft:head","kind":"player"}}},{"threshold":7.0,"model":{"type":"minecraft:special","base":"minecraft:33ea9edd-c8be-4162-b522-66c5e2ce1bc5","model":{"type":"minecraft:head","kind":"player"}}},{"threshold":8.0,"model":{"type":"minecraft:special","base":"minecraft:0992644b-e90f-4592-8bce-07c5ca9b93bf","model":{"type":"minecraft:head","kind":"player"}}}]}}