{"model":{"type":"minecraft:condition","on_false":{"type":"minecraft:range_dispatch","property":"minecraft:custom_model_data","entries":[{"model":{"type":"minecraft:special","base":"minecraft:item/shield","model":{"type":"minecraft:shield"}},"threshold":0.0},{"threshold":1000.0,"model":{"model":"nexo:0580458f-940a-4de1-831f-1e851e65823f","type":"minecraft:model"}}]},"on_true":{"type":"minecraft:range_dispatch","property":"minecraft:custom_model_data","entries":[{"model":{"type":"minecraft:special","base":"minecraft:item/shield_blocking","model":{"type":"minecraft:shield"}},"threshold":0.0},{"threshold":1000.0,"model":{"model":"nexo:481b45f3-1d1c-4a8d-9ece-1e0b079b4267","type":"minecraft:model"}}]},"property":"minecraft:using_item"}}