{"providers":[{"type":"bitmap","file":"d8c56a85-bad8-47e8-89e4-58eaf5f2e5c3.png","ascent":8,"chars":["ꐙ"]},{"type":"bitmap","file":"8e808bc3-2caf-41fd-9654-7b4f7d1ae8c5.png","ascent":8,"chars":["ꐔ"]},{"type":"bitmap","file":"466c0a7a-28b3-4197-b5a0-24d624b07a65.png","ascent":8,"chars":["ꐐ"]},{"type":"bitmap","file":"182ccd99-bdce-4f96-acea-0981777178dc.png","ascent":8,"chars":["ꐒ"]},{"type":"bitmap","file":"2c2ef343-43db-41c8-9bf7-e2c90666ddad.png","ascent":8,"chars":["ꐟ"]},{"type":"bitmap","file":"e4d450e6-f140-4308-95bd-3ab092ec07f2.png","ascent":8,"chars":["ꐜ"]},{"type":"bitmap","file":"bbd0de93-88e3-4577-ba6c-ea5aa9718c53.png","ascent":8,"chars":["ꐚ"]},{"type":"bitmap","file":"240ba082-56ad-4792-81fb-0b340b1e2b1e.png","ascent":8,"chars":["ꐞ"]},{"type":"bitmap","file":"ee056b53-5fe5-4b2a-92ea-83aa8e705431.png","height":256,"ascent":37,"chars":["ꐑ"]},{"type":"bitmap","file":"bb9d5d3f-9022-4819-b26f-b9bb30931948.png","ascent":8,"chars":["ꐗ"]},{"type":"bitmap","file":"37674ab8-e70d-473e-a9ed-6917bde42edb.png","ascent":8,"chars":["ꐕ"]},{"type":"bitmap","file":"f6702981-6d76-4c2a-8cbe-3c9783674eef.png","height":256,"ascent":37,"chars":["ꐐ"]},{"type":"bitmap","file":"a48e3143-084e-4894-9f2c-068078105ada.png","ascent":8,"chars":["ꐛ"]},{"type":"bitmap","file":"85e2f65b-4b84-4e0a-870c-3dc309dcf758.png","ascent":8,"chars":["ꐖ"]},{"type":"bitmap","file":"73f4fa27-18eb-43ab-9a3d-744aedd0168f.png","ascent":8,"chars":["ꐘ"]},{"type":"bitmap","file":"56d4d68d-5d70-4d13-b17d-63796cc7ebde.png","ascent":8,"chars":["ꐝ"]},{"type":"reference","id":"nexo:shift"}]}