{"display":{"thirdperson_righthand":{"rotation":[87.0,-180.0,0.0],"translation":[0.0,2.5,3.25],"scale":[0.4,0.4,0.4]},"thirdperson_lefthand":{"rotation":[87.0,-180.0,0.0],"translation":[0.0,2.5,3.25],"scale":[0.4,0.4,0.4]},"gui":{"rotation":[40.0,-13.0,5.0],"translation":[-0.25,1.3913,0.0],"scale":[0.5,0.7,0.7]},"head":{"rotation":[-180.0,0.0,0.0],"translation":[0.0,0.5,0.0]},"fixed":{"rotation":[89.0,-180.0,0.0],"translation":[0.0,0.0,0.75],"scale":[0.5,0.5,0.5]}},"elements":[{"from":[-6.0,0.0,-0.9],"to":[6.0,2.0,15.9],"rotation":{"origin":[6.0,0.0,-1.0],"axis":"z","angle":-22.5},"faces":{"down":{"uv":[3.0,0.0,0.0,4.25],"texture":"#0"},"up":{"uv":[7.0,0.0,10.0,4.25],"texture":"#0"},"north":{"uv":[0.0,4.875,3.0,4.375],"texture":"#0"},"south":{"uv":[3.0,4.875,0.0,4.375],"texture":"#0"},"west":{"uv":[4.1875,4.25,4.6875,0.0],"texture":"#0","rotation":90},"east":{"uv":[3.1875,0.0,3.6875,4.25],"texture":"#0","rotation":90}}},{"from":[-5.2137,1.9064,-0.525],"to":[7.7863,2.9064,15.475],"rotation":{"origin":[6.0,0.0,-1.0],"axis":"z","angle":-22.5},"faces":{"down":{"uv":[0.0,0.0,0.8125,1.0],"texture":"#0"},"up":{"uv":[9.8125,9.0,6.5625,5.0],"texture":"#0"},"north":{"uv":[6.5625,9.0625,9.8125,9.3125],"texture":"#0"},"south":{"uv":[6.5625,9.0625,9.8125,9.3125],"texture":"#0"},"west":{"uv":[9.875,5.0,10.125,9.0],"texture":"#0","rotation":90},"east":{"uv":[0.0,0.0,1.0,0.0625],"texture":"#0"}}},{"from":[10.0,0.0,-0.9],"to":[22.0,2.0,15.9],"rotation":{"origin":[10.0,0.0,-1.0],"axis":"z","angle":22.5},"faces":{"down":{"uv":[0.0,0.0,3.0,4.25],"texture":"#0"},"up":{"uv":[7.0,0.0,10.0,4.25],"texture":"#0"},"north":{"uv":[3.0,4.875,0.0,4.375],"texture":"#0"},"south":{"uv":[0.0,4.875,3.0,4.375],"texture":"#0"},"west":{"uv":[3.1875,4.25,3.6875,0.0],"texture":"#0","rotation":90},"east":{"uv":[4.1875,4.25,4.6875,0.0],"texture":"#0","rotation":90}}},{"from":[8.213699,1.9064,-0.5],"to":[21.2137,2.9064,15.5],"rotation":{"origin":[10.0,0.0,-1.0],"axis":"z","angle":22.5},"faces":{"down":{"uv":[0.8125,0.0,1.625,1.0],"texture":"#0"},"up":{"uv":[6.4375,9.0,3.1875,5.0],"texture":"#0"},"north":{"uv":[6.5625,9.0625,9.8125,9.3125],"texture":"#0"},"south":{"uv":[6.5625,9.0625,9.8125,9.3125],"texture":"#0"},"west":{"uv":[1.0,0.0,2.0,0.0625],"texture":"#0"},"east":{"uv":[9.875,5.0,10.125,9.0],"texture":"#0","rotation":90}}},{"from":[6.025,0.0,-1.0],"to":[9.975,2.0,16.0],"faces":{"down":{"uv":[3.0625,0.0,4.0625,4.25],"texture":"#0"},"up":{"uv":[7.4375,0.0,8.4375,4.25],"texture":"#0"},"north":{"uv":[3.0625,3.5625,4.0625,4.0625],"texture":"#0"},"south":{"uv":[3.0625,3.5625,4.0625,4.0625],"texture":"#0"},"west":{"uv":[3.0625,0.0,4.0625,4.25],"texture":"#0","rotation":90},"east":{"uv":[3.0625,0.0,4.0625,4.25],"texture":"#0","rotation":90}}},{"from":[15.5,-2.975,16.025],"to":[17.5,2.025,16.026],"rotation":{"origin":[8.0,8.0,7.0],"axis":"z","angle":22.5},"faces":{"down":{"uv":[0.0,0.0,0.125,0.0],"texture":"#0"},"up":{"uv":[0.0,9.3125,0.5,9.5625],"texture":"#0"},"north":{"uv":[0.0,9.5625,0.5,10.8125],"texture":"#0"},"south":{"uv":[0.0,9.5625,0.5,10.8125],"texture":"#0"},"west":{"uv":[0.0,0.0,0.0,0.3125],"texture":"#0"},"east":{"uv":[0.0,0.0,0.0,0.3125],"texture":"#0"}}},{"from":[15.5,2.025,15.025],"to":[17.5,2.026,16.025],"rotation":{"origin":[8.0,8.0,7.0],"axis":"z","angle":22.5},"faces":{"down":{"uv":[0.0,0.0,0.125,0.0625],"texture":"#0"},"up":{"uv":[0.0,9.3125,0.5,9.5625],"texture":"#0"},"north":{"uv":[0.0,0.0,0.125,0.0],"texture":"#0"},"south":{"uv":[0.0,0.0,0.125,0.0],"texture":"#0"},"west":{"uv":[0.0,0.0,0.0625,0.0],"texture":"#0"},"east":{"uv":[0.0,0.0,0.0625,0.0],"texture":"#0"}}}],"textures":{"0":"26a81002-a937-40e5-b2cb-0e7ebffc8753"}}