{"display":{"thirdperson_righthand":{"rotation":[118.75,0.0,0.0],"translation":[0.0,-1.5,6.75],"scale":[0.8,0.8,0.8]},"thirdperson_lefthand":{"rotation":[118.75,0.0,0.0],"translation":[0.0,-1.5,6.75],"scale":[0.8,0.8,0.8]},"firstperson_righthand":{"rotation":[75.5,0.0,0.0],"translation":[0.0,5.5,9.5]},"firstperson_lefthand":{"rotation":[75.5,0.0,0.0],"translation":[0.0,5.5,9.5]},"ground":{"translation":[0.0,4.5,0.0]},"gui":{"rotation":[73.54,10.13,-30.79],"translation":[6.0,4.0,0.0],"scale":[1.6,1.6,1.6]},"head":{"translation":[0.0,14.5,0.0]},"fixed":{"rotation":[90.0,0.29,-180.0],"translation":[0.0,0.0,-11.0],"scale":[1.5,1.5,1.5]}},"elements":[{"from":[6.0,0.0,6.0],"to":[10.0,1.0,10.0],"rotation":{"origin":[6.0,0.0,6.0],"axis":"y","angle":0.0},"faces":{"north":{"uv":[4.0,0.0,8.0,1.0],"texture":"#2"},"east":{"uv":[4.0,1.0,8.0,2.0],"texture":"#2"},"south":{"uv":[4.0,2.0,8.0,3.0],"texture":"#2"},"west":{"uv":[4.0,3.0,8.0,4.0],"texture":"#2"},"up":{"uv":[4.0,4.0,0.0,0.0],"texture":"#2"},"down":{"uv":[4.0,4.0,0.0,8.0],"texture":"#2"}}},{"from":[7.0,0.0,5.5],"to":[9.0,1.0,6.5],"rotation":{"origin":[7.0,0.0,4.5],"axis":"y","angle":0.0},"faces":{"north":{"uv":[2.0,8.0,4.0,9.0],"texture":"#2"},"east":{"uv":[0.0,9.0,1.0,10.0],"texture":"#2"},"south":{"uv":[8.0,2.0,10.0,3.0],"texture":"#2"},"west":{"uv":[1.0,9.0,2.0,10.0],"texture":"#2"},"up":{"uv":[10.0,4.0,8.0,3.0],"texture":"#2"},"down":{"uv":[10.0,5.0,8.0,6.0],"texture":"#2"}}},{"from":[7.0,0.0,9.5],"to":[9.0,1.0,10.5],"rotation":{"origin":[7.0,0.0,8.5],"axis":"y","angle":0.0},"faces":{"north":{"uv":[6.0,7.0,8.0,8.0],"texture":"#2"},"east":{"uv":[8.0,7.0,9.0,8.0],"texture":"#2"},"south":{"uv":[0.0,8.0,2.0,9.0],"texture":"#2"},"west":{"uv":[8.0,8.0,9.0,9.0],"texture":"#2"},"up":{"uv":[10.0,1.0,8.0,0.0],"texture":"#2"},"down":{"uv":[10.0,1.0,8.0,2.0],"texture":"#2"}}},{"from":[9.5,0.0,7.0],"to":[10.5,1.0,9.0],"rotation":{"origin":[8.5,0.0,9.0],"axis":"y","angle":0.0},"faces":{"north":{"uv":[8.0,6.0,9.0,7.0],"texture":"#2"},"east":{"uv":[5.0,6.0,7.0,7.0],"texture":"#2"},"south":{"uv":[7.0,8.0,8.0,9.0],"texture":"#2"},"west":{"uv":[7.0,4.0,9.0,5.0],"texture":"#2"},"up":{"uv":[6.0,9.0,5.0,7.0],"texture":"#2"},"down":{"uv":[8.0,5.0,7.0,7.0],"texture":"#2"}}},{"from":[5.5,0.0,7.0],"to":[6.5,1.0,9.0],"rotation":{"origin":[4.5,0.0,9.0],"axis":"y","angle":0.0},"faces":{"north":{"uv":[4.0,8.0,5.0,9.0],"texture":"#2"},"east":{"uv":[4.0,4.0,6.0,5.0],"texture":"#2"},"south":{"uv":[6.0,8.0,7.0,9.0],"texture":"#2"},"west":{"uv":[4.0,5.0,6.0,6.0],"texture":"#2"},"up":{"uv":[5.0,8.0,4.0,6.0],"texture":"#2"},"down":{"uv":[7.0,4.0,6.0,6.0],"texture":"#2"}}}],"textures":{"2":"86919bfe-d48e-4477-ac7d-c514a6a1f114"}}