{"display":{"thirdperson_righthand":{"translation":[0.0,5.5,1.75],"scale":[0.7,0.7,0.7]},"thirdperson_lefthand":{"translation":[0.0,5.5,1.75],"scale":[0.7,0.7,0.7]},"firstperson_righthand":{"rotation":[-14.29,12.2,7.66],"translation":[0.0,7.5,0.0],"scale":[0.8,0.8,0.8]},"firstperson_lefthand":{"rotation":[-14.29,12.2,7.66],"translation":[0.0,7.5,0.0],"scale":[0.8,0.8,0.8]},"ground":{"translation":[0.0,4.5,0.0]},"gui":{"rotation":[-144.5,-12.3,-173.18],"translation":[1.0,5.5,0.0],"scale":[1.15,1.15,1.15]},"head":{"translation":[0.0,14.5,0.0]},"fixed":{"rotation":[90.0,0.29,-180.0],"translation":[0.0,0.0,-11.0],"scale":[1.5,1.5,1.5]}},"elements":[{"from":[4.75,0.25,3.625],"to":[5.75,1.25,5.625],"rotation":{"origin":[3.25,0.75,4.625],"axis":"z","angle":22.5},"faces":{"north":{"uv":[4.0,8.0,5.0,9.0],"texture":"#2","rotation":180},"east":{"uv":[4.0,5.0,6.0,6.0],"texture":"#2","rotation":180},"south":{"uv":[6.0,8.0,7.0,9.0],"texture":"#2","rotation":180},"west":{"uv":[4.0,4.0,6.0,5.0],"texture":"#2","rotation":180},"up":{"uv":[7.0,4.0,6.0,6.0],"texture":"#2","rotation":180},"down":{"uv":[5.0,8.0,4.0,6.0],"texture":"#2","rotation":180}}},{"from":[1.25,0.25,2.625],"to":[5.25,1.25,6.625],"rotation":{"origin":[3.25,0.75,4.625],"axis":"z","angle":22.5},"faces":{"north":{"uv":[4.0,0.0,8.0,1.0],"texture":"#2","rotation":180},"east":{"uv":[4.0,3.0,8.0,4.0],"texture":"#2","rotation":180},"south":{"uv":[4.0,2.0,8.0,3.0],"texture":"#2","rotation":180},"west":{"uv":[4.0,1.0,8.0,2.0],"texture":"#2","rotation":180},"up":{"uv":[4.0,4.0,0.0,8.0],"texture":"#2","rotation":180},"down":{"uv":[4.0,4.0,0.0,0.0],"texture":"#2","rotation":180}}},{"from":[2.25,0.25,2.125],"to":[4.25,1.25,3.125],"rotation":{"origin":[3.25,0.75,4.625],"axis":"z","angle":22.5},"faces":{"north":{"uv":[2.0,8.0,4.0,9.0],"texture":"#2","rotation":180},"east":{"uv":[1.0,9.0,2.0,10.0],"texture":"#2","rotation":180},"south":{"uv":[8.0,2.0,10.0,3.0],"texture":"#2","rotation":180},"west":{"uv":[0.0,9.0,1.0,10.0],"texture":"#2","rotation":180},"up":{"uv":[10.0,5.0,8.0,6.0],"texture":"#2","rotation":180},"down":{"uv":[10.0,4.0,8.0,3.0],"texture":"#2","rotation":180}}},{"from":[2.25,0.25,6.125],"to":[4.25,1.25,7.125],"rotation":{"origin":[3.25,0.75,4.625],"axis":"z","angle":22.5},"faces":{"north":{"uv":[6.0,7.0,8.0,8.0],"texture":"#2","rotation":180},"east":{"uv":[8.0,8.0,9.0,9.0],"texture":"#2","rotation":180},"south":{"uv":[0.0,8.0,2.0,9.0],"texture":"#2","rotation":180},"west":{"uv":[8.0,7.0,9.0,8.0],"texture":"#2","rotation":180},"up":{"uv":[10.0,1.0,8.0,2.0],"texture":"#2","rotation":180},"down":{"uv":[10.0,1.0,8.0,0.0],"texture":"#2","rotation":180}}},{"from":[0.75,0.25,3.625],"to":[1.75,1.25,5.625],"rotation":{"origin":[3.25,0.75,4.625],"axis":"z","angle":22.5},"faces":{"north":{"uv":[8.0,6.0,9.0,7.0],"texture":"#2","rotation":180},"east":{"uv":[7.0,4.0,9.0,5.0],"texture":"#2","rotation":180},"south":{"uv":[7.0,8.0,8.0,9.0],"texture":"#2","rotation":180},"west":{"uv":[5.0,6.0,7.0,7.0],"texture":"#2","rotation":180},"up":{"uv":[8.0,5.0,7.0,7.0],"texture":"#2","rotation":180},"down":{"uv":[6.0,9.0,5.0,7.0],"texture":"#2","rotation":180}}},{"from":[5.0,0.0,1.625],"to":[6.0,1.0,3.625],"rotation":{"origin":[7.5,0.5,2.625],"axis":"y","angle":-45.0},"faces":{"north":{"uv":[4.0,8.0,5.0,9.0],"texture":"#2"},"east":{"uv":[4.0,4.0,6.0,5.0],"texture":"#2"},"south":{"uv":[6.0,8.0,7.0,9.0],"texture":"#2"},"west":{"uv":[4.0,5.0,6.0,6.0],"texture":"#2"},"up":{"uv":[5.0,8.0,4.0,6.0],"texture":"#2"},"down":{"uv":[7.0,4.0,6.0,6.0],"texture":"#2"}}},{"from":[5.5,0.0,0.625],"to":[9.5,1.0,4.625],"rotation":{"origin":[7.5,0.5,2.625],"axis":"y","angle":-45.0},"faces":{"north":{"uv":[4.0,0.0,8.0,1.0],"texture":"#2"},"east":{"uv":[4.0,1.0,8.0,2.0],"texture":"#2"},"south":{"uv":[4.0,2.0,8.0,3.0],"texture":"#2"},"west":{"uv":[4.0,3.0,8.0,4.0],"texture":"#2"},"up":{"uv":[4.0,4.0,0.0,0.0],"texture":"#2"},"down":{"uv":[4.0,4.0,0.0,8.0],"texture":"#2"}}},{"from":[6.5,0.0,0.125],"to":[8.5,1.0,1.125],"rotation":{"origin":[7.5,0.5,2.625],"axis":"y","angle":-45.0},"faces":{"north":{"uv":[2.0,8.0,4.0,9.0],"texture":"#2"},"east":{"uv":[0.0,9.0,1.0,10.0],"texture":"#2"},"south":{"uv":[8.0,2.0,10.0,3.0],"texture":"#2"},"west":{"uv":[1.0,9.0,2.0,10.0],"texture":"#2"},"up":{"uv":[10.0,4.0,8.0,3.0],"texture":"#2"},"down":{"uv":[10.0,5.0,8.0,6.0],"texture":"#2"}}},{"from":[6.5,0.0,4.125],"to":[8.5,1.0,5.125],"rotation":{"origin":[7.5,0.5,2.625],"axis":"y","angle":-45.0},"faces":{"north":{"uv":[6.0,7.0,8.0,8.0],"texture":"#2"},"east":{"uv":[8.0,7.0,9.0,8.0],"texture":"#2"},"south":{"uv":[0.0,8.0,2.0,9.0],"texture":"#2"},"west":{"uv":[8.0,8.0,9.0,9.0],"texture":"#2"},"up":{"uv":[10.0,1.0,8.0,0.0],"texture":"#2"},"down":{"uv":[10.0,1.0,8.0,2.0],"texture":"#2"}}},{"from":[9.0,0.0,1.625],"to":[10.0,1.0,3.625],"rotation":{"origin":[7.5,0.5,2.625],"axis":"y","angle":-45.0},"faces":{"north":{"uv":[8.0,6.0,9.0,7.0],"texture":"#2"},"east":{"uv":[5.0,6.0,7.0,7.0],"texture":"#2"},"south":{"uv":[7.0,8.0,8.0,9.0],"texture":"#2"},"west":{"uv":[7.0,4.0,9.0,5.0],"texture":"#2"},"up":{"uv":[6.0,9.0,5.0,7.0],"texture":"#2"},"down":{"uv":[8.0,5.0,7.0,7.0],"texture":"#2"}}},{"from":[7.5,1.0,5.125],"to":[9.5,2.0,6.125],"rotation":{"origin":[8.5,1.5,3.625],"axis":"y","angle":22.5},"faces":{"north":{"uv":[4.0,4.0,6.0,5.0],"texture":"#2"},"east":{"uv":[6.0,8.0,7.0,9.0],"texture":"#2"},"south":{"uv":[4.0,5.0,6.0,6.0],"texture":"#2"},"west":{"uv":[4.0,8.0,5.0,9.0],"texture":"#2"},"up":{"uv":[5.0,8.0,4.0,6.0],"texture":"#2","rotation":270},"down":{"uv":[7.0,4.0,6.0,6.0],"texture":"#2","rotation":90}}},{"from":[6.5,1.0,1.625],"to":[10.5,2.0,5.625],"rotation":{"origin":[8.5,1.5,3.625],"axis":"y","angle":22.5},"faces":{"north":{"uv":[4.0,1.0,8.0,2.0],"texture":"#2"},"east":{"uv":[4.0,2.0,8.0,3.0],"texture":"#2"},"south":{"uv":[4.0,3.0,8.0,4.0],"texture":"#2"},"west":{"uv":[4.0,0.0,8.0,1.0],"texture":"#2"},"up":{"uv":[4.0,4.0,0.0,0.0],"texture":"#2","rotation":270},"down":{"uv":[4.0,4.0,0.0,8.0],"texture":"#2","rotation":90}}},{"from":[6.0,1.0,2.625],"to":[7.0,2.0,4.625],"rotation":{"origin":[8.5,1.5,3.625],"axis":"y","angle":22.5},"faces":{"north":{"uv":[0.0,9.0,1.0,10.0],"texture":"#2"},"east":{"uv":[8.0,2.0,10.0,3.0],"texture":"#2"},"south":{"uv":[1.0,9.0,2.0,10.0],"texture":"#2"},"west":{"uv":[2.0,8.0,4.0,9.0],"texture":"#2"},"up":{"uv":[10.0,4.0,8.0,3.0],"texture":"#2","rotation":270},"down":{"uv":[10.0,5.0,8.0,6.0],"texture":"#2","rotation":90}}},{"from":[10.0,1.0,2.625],"to":[11.0,2.0,4.625],"rotation":{"origin":[8.5,1.5,3.625],"axis":"y","angle":22.5},"faces":{"north":{"uv":[8.0,7.0,9.0,8.0],"texture":"#2"},"east":{"uv":[0.0,8.0,2.0,9.0],"texture":"#2"},"south":{"uv":[8.0,8.0,9.0,9.0],"texture":"#2"},"west":{"uv":[6.0,7.0,8.0,8.0],"texture":"#2"},"up":{"uv":[10.0,1.0,8.0,0.0],"texture":"#2","rotation":270},"down":{"uv":[10.0,1.0,8.0,2.0],"texture":"#2","rotation":90}}},{"from":[7.5,1.0,1.125],"to":[9.5,2.0,2.125],"rotation":{"origin":[8.5,1.5,3.625],"axis":"y","angle":22.5},"faces":{"north":{"uv":[5.0,6.0,7.0,7.0],"texture":"#2"},"east":{"uv":[7.0,8.0,8.0,9.0],"texture":"#2"},"south":{"uv":[7.0,4.0,9.0,5.0],"texture":"#2"},"west":{"uv":[8.0,6.0,9.0,7.0],"texture":"#2"},"up":{"uv":[6.0,9.0,5.0,7.0],"texture":"#2","rotation":270},"down":{"uv":[8.0,5.0,7.0,7.0],"texture":"#2","rotation":90}}},{"from":[10.5,0.0,2.125],"to":[14.5,1.0,6.125],"rotation":{"origin":[12.5,0.5,4.125],"axis":"y","angle":22.5},"faces":{"north":{"uv":[4.0,1.0,8.0,2.0],"texture":"#2"},"east":{"uv":[4.0,2.0,8.0,3.0],"texture":"#2"},"south":{"uv":[4.0,3.0,8.0,4.0],"texture":"#2"},"west":{"uv":[4.0,0.0,8.0,1.0],"texture":"#2"},"up":{"uv":[4.0,4.0,0.0,0.0],"texture":"#2","rotation":270},"down":{"uv":[4.0,4.0,0.0,8.0],"texture":"#2","rotation":90}}},{"from":[11.5,0.0,5.625],"to":[13.5,1.0,6.625],"rotation":{"origin":[12.5,0.5,4.125],"axis":"y","angle":22.5},"faces":{"north":{"uv":[4.0,4.0,6.0,5.0],"texture":"#2"},"east":{"uv":[6.0,8.0,7.0,9.0],"texture":"#2"},"south":{"uv":[4.0,5.0,6.0,6.0],"texture":"#2"},"west":{"uv":[4.0,8.0,5.0,9.0],"texture":"#2"},"up":{"uv":[5.0,8.0,4.0,6.0],"texture":"#2","rotation":270},"down":{"uv":[7.0,4.0,6.0,6.0],"texture":"#2","rotation":90}}},{"from":[14.0,0.0,3.125],"to":[15.0,1.0,5.125],"rotation":{"origin":[12.5,0.5,4.125],"axis":"y","angle":22.5},"faces":{"north":{"uv":[8.0,7.0,9.0,8.0],"texture":"#2"},"east":{"uv":[0.0,8.0,2.0,9.0],"texture":"#2"},"south":{"uv":[8.0,8.0,9.0,9.0],"texture":"#2"},"west":{"uv":[6.0,7.0,8.0,8.0],"texture":"#2"},"up":{"uv":[10.0,1.0,8.0,0.0],"texture":"#2","rotation":270},"down":{"uv":[10.0,1.0,8.0,2.0],"texture":"#2","rotation":90}}},{"from":[11.5,0.0,1.625],"to":[13.5,1.0,2.625],"rotation":{"origin":[12.5,0.5,4.125],"axis":"y","angle":22.5},"faces":{"north":{"uv":[5.0,6.0,7.0,7.0],"texture":"#2"},"east":{"uv":[7.0,8.0,8.0,9.0],"texture":"#2"},"south":{"uv":[7.0,4.0,9.0,5.0],"texture":"#2"},"west":{"uv":[8.0,6.0,9.0,7.0],"texture":"#2"},"up":{"uv":[6.0,9.0,5.0,7.0],"texture":"#2","rotation":270},"down":{"uv":[8.0,5.0,7.0,7.0],"texture":"#2","rotation":90}}},{"from":[10.0,0.0,3.125],"to":[11.0,1.0,5.125],"rotation":{"origin":[12.5,0.5,4.125],"axis":"y","angle":22.5},"faces":{"north":{"uv":[0.0,9.0,1.0,10.0],"texture":"#2"},"east":{"uv":[8.0,2.0,10.0,3.0],"texture":"#2"},"south":{"uv":[1.0,9.0,2.0,10.0],"texture":"#2"},"west":{"uv":[2.0,8.0,4.0,9.0],"texture":"#2"},"up":{"uv":[10.0,4.0,8.0,3.0],"texture":"#2","rotation":270},"down":{"uv":[10.0,5.0,8.0,6.0],"texture":"#2","rotation":90}}},{"from":[9.5,3.5,11.875],"to":[11.5,4.5,12.875],"rotation":{"origin":[10.5,2.0,12.375],"axis":"x","angle":-22.5},"faces":{"north":{"uv":[7.0,4.0,6.0,6.0],"texture":"#2","rotation":90},"east":{"uv":[4.0,8.0,5.0,9.0],"texture":"#2","rotation":270},"south":{"uv":[5.0,8.0,4.0,6.0],"texture":"#2","rotation":90},"west":{"uv":[6.0,8.0,7.0,9.0],"texture":"#2","rotation":90},"up":{"uv":[4.0,5.0,6.0,6.0],"texture":"#2","rotation":180},"down":{"uv":[4.0,4.0,6.0,5.0],"texture":"#2"}}},{"from":[8.5,0.0,11.875],"to":[12.5,4.0,12.875],"rotation":{"origin":[10.5,2.0,12.375],"axis":"x","angle":-22.5},"faces":{"north":{"uv":[4.0,4.0,0.0,8.0],"texture":"#2","rotation":90},"east":{"uv":[4.0,0.0,8.0,1.0],"texture":"#2","rotation":270},"south":{"uv":[4.0,4.0,0.0,0.0],"texture":"#2","rotation":90},"west":{"uv":[4.0,2.0,8.0,3.0],"texture":"#2","rotation":90},"up":{"uv":[4.0,3.0,8.0,4.0],"texture":"#2","rotation":180},"down":{"uv":[4.0,1.0,8.0,2.0],"texture":"#2"}}},{"from":[12.0,1.0,11.875],"to":[13.0,3.0,12.875],"rotation":{"origin":[10.5,2.0,12.375],"axis":"x","angle":-22.5},"faces":{"north":{"uv":[10.0,5.0,8.0,6.0],"texture":"#2","rotation":90},"east":{"uv":[2.0,8.0,4.0,9.0],"texture":"#2","rotation":270},"south":{"uv":[10.0,4.0,8.0,3.0],"texture":"#2","rotation":90},"west":{"uv":[8.0,2.0,10.0,3.0],"texture":"#2","rotation":90},"up":{"uv":[1.0,9.0,2.0,10.0],"texture":"#2","rotation":180},"down":{"uv":[0.0,9.0,1.0,10.0],"texture":"#2"}}},{"from":[8.0,1.0,11.875],"to":[9.0,3.0,12.875],"rotation":{"origin":[10.5,2.0,12.375],"axis":"x","angle":-22.5},"faces":{"north":{"uv":[10.0,1.0,8.0,2.0],"texture":"#2","rotation":90},"east":{"uv":[6.0,7.0,8.0,8.0],"texture":"#2","rotation":270},"south":{"uv":[10.0,1.0,8.0,0.0],"texture":"#2","rotation":90},"west":{"uv":[0.0,8.0,2.0,9.0],"texture":"#2","rotation":90},"up":{"uv":[8.0,8.0,9.0,9.0],"texture":"#2","rotation":180},"down":{"uv":[8.0,7.0,9.0,8.0],"texture":"#2"}}},{"from":[9.5,-0.5,11.875],"to":[11.5,0.5,12.875],"rotation":{"origin":[10.5,2.0,12.375],"axis":"x","angle":-22.5},"faces":{"north":{"uv":[8.0,5.0,7.0,7.0],"texture":"#2","rotation":90},"east":{"uv":[8.0,6.0,9.0,7.0],"texture":"#2","rotation":270},"south":{"uv":[6.0,9.0,5.0,7.0],"texture":"#2","rotation":90},"west":{"uv":[7.0,8.0,8.0,9.0],"texture":"#2","rotation":90},"up":{"uv":[7.0,4.0,9.0,5.0],"texture":"#2","rotation":180},"down":{"uv":[5.0,6.0,7.0,7.0],"texture":"#2"}}},{"from":[5.06645,3.75,8.125],"to":[7.06645,4.75,9.125],"rotation":{"origin":[6.06645,2.25,8.625],"axis":"x","angle":22.5},"faces":{"north":{"uv":[7.0,6.0,6.0,4.0],"texture":"#2","rotation":90},"east":{"uv":[6.0,9.0,7.0,8.0],"texture":"#2","rotation":90},"south":{"uv":[5.0,6.0,4.0,8.0],"texture":"#2","rotation":90},"west":{"uv":[4.0,9.0,5.0,8.0],"texture":"#2","rotation":270},"up":{"uv":[6.0,5.0,4.0,6.0],"texture":"#2","rotation":180},"down":{"uv":[6.0,4.0,4.0,5.0],"texture":"#2"}}},{"from":[4.06645,0.25,8.125],"to":[8.06645,4.25,9.125],"rotation":{"origin":[6.06645,2.25,8.625],"axis":"x","angle":22.5},"faces":{"north":{"uv":[4.0,8.0,0.0,4.0],"texture":"#2","rotation":90},"east":{"uv":[4.0,3.0,8.0,2.0],"texture":"#2","rotation":90},"south":{"uv":[4.0,0.0,0.0,4.0],"texture":"#2","rotation":90},"west":{"uv":[4.0,1.0,8.0,0.0],"texture":"#2","rotation":270},"up":{"uv":[8.0,3.0,4.0,4.0],"texture":"#2","rotation":180},"down":{"uv":[8.0,1.0,4.0,2.0],"texture":"#2"}}},{"from":[3.56645,1.25,8.125],"to":[4.56645,3.25,9.125],"rotation":{"origin":[6.06645,2.25,8.625],"axis":"x","angle":22.5},"faces":{"north":{"uv":[10.0,6.0,8.0,5.0],"texture":"#2","rotation":90},"east":{"uv":[8.0,3.0,10.0,2.0],"texture":"#2","rotation":90},"south":{"uv":[10.0,3.0,8.0,4.0],"texture":"#2","rotation":90},"west":{"uv":[2.0,9.0,4.0,8.0],"texture":"#2","rotation":270},"up":{"uv":[2.0,9.0,1.0,10.0],"texture":"#2","rotation":180},"down":{"uv":[1.0,9.0,0.0,10.0],"texture":"#2"}}},{"from":[7.56645,1.25,8.125],"to":[8.56645,3.25,9.125],"rotation":{"origin":[6.06645,2.25,8.625],"axis":"x","angle":22.5},"faces":{"north":{"uv":[10.0,2.0,8.0,1.0],"texture":"#2","rotation":90},"east":{"uv":[0.0,9.0,2.0,8.0],"texture":"#2","rotation":90},"south":{"uv":[10.0,0.0,8.0,1.0],"texture":"#2","rotation":90},"west":{"uv":[6.0,8.0,8.0,7.0],"texture":"#2","rotation":270},"up":{"uv":[9.0,8.0,8.0,9.0],"texture":"#2","rotation":180},"down":{"uv":[9.0,7.0,8.0,8.0],"texture":"#2"}}},{"from":[5.06645,-0.25,8.125],"to":[7.06645,0.75,9.125],"rotation":{"origin":[6.06645,2.25,8.625],"axis":"x","angle":22.5},"faces":{"north":{"uv":[8.0,7.0,7.0,5.0],"texture":"#2","rotation":90},"east":{"uv":[7.0,9.0,8.0,8.0],"texture":"#2","rotation":90},"south":{"uv":[6.0,7.0,5.0,9.0],"texture":"#2","rotation":90},"west":{"uv":[8.0,7.0,9.0,6.0],"texture":"#2","rotation":270},"up":{"uv":[9.0,4.0,7.0,5.0],"texture":"#2","rotation":180},"down":{"uv":[7.0,6.0,5.0,7.0],"texture":"#2"}}},{"from":[3.75,0.0,13.875],"to":[5.75,1.0,14.875],"rotation":{"origin":[4.75,0.5,12.375],"axis":"y","angle":-22.5},"faces":{"north":{"uv":[4.0,4.0,6.0,5.0],"texture":"#2"},"east":{"uv":[6.0,8.0,7.0,9.0],"texture":"#2"},"south":{"uv":[4.0,5.0,6.0,6.0],"texture":"#2"},"west":{"uv":[4.0,8.0,5.0,9.0],"texture":"#2"},"up":{"uv":[5.0,8.0,4.0,6.0],"texture":"#2","rotation":270},"down":{"uv":[7.0,4.0,6.0,6.0],"texture":"#2","rotation":90}}},{"from":[2.75,0.0,10.375],"to":[6.75,1.0,14.375],"rotation":{"origin":[4.75,0.5,12.375],"axis":"y","angle":-22.5},"faces":{"north":{"uv":[4.0,1.0,8.0,2.0],"texture":"#2"},"east":{"uv":[4.0,2.0,8.0,3.0],"texture":"#2"},"south":{"uv":[4.0,3.0,8.0,4.0],"texture":"#2"},"west":{"uv":[4.0,0.0,8.0,1.0],"texture":"#2"},"up":{"uv":[4.0,4.0,0.0,0.0],"texture":"#2","rotation":270},"down":{"uv":[4.0,4.0,0.0,8.0],"texture":"#2","rotation":90}}},{"from":[2.25,0.0,11.375],"to":[3.25,1.0,13.375],"rotation":{"origin":[4.75,0.5,12.375],"axis":"y","angle":-22.5},"faces":{"north":{"uv":[0.0,9.0,1.0,10.0],"texture":"#2"},"east":{"uv":[8.0,2.0,10.0,3.0],"texture":"#2"},"south":{"uv":[1.0,9.0,2.0,10.0],"texture":"#2"},"west":{"uv":[2.0,8.0,4.0,9.0],"texture":"#2"},"up":{"uv":[10.0,4.0,8.0,3.0],"texture":"#2","rotation":270},"down":{"uv":[10.0,5.0,8.0,6.0],"texture":"#2","rotation":90}}},{"from":[6.25,0.0,11.375],"to":[7.25,1.0,13.375],"rotation":{"origin":[4.75,0.5,12.375],"axis":"y","angle":-22.5},"faces":{"north":{"uv":[8.0,7.0,9.0,8.0],"texture":"#2"},"east":{"uv":[0.0,8.0,2.0,9.0],"texture":"#2"},"south":{"uv":[8.0,8.0,9.0,9.0],"texture":"#2"},"west":{"uv":[6.0,7.0,8.0,8.0],"texture":"#2"},"up":{"uv":[10.0,1.0,8.0,0.0],"texture":"#2","rotation":270},"down":{"uv":[10.0,1.0,8.0,2.0],"texture":"#2","rotation":90}}},{"from":[3.75,0.0,9.875],"to":[5.75,1.0,10.875],"rotation":{"origin":[4.75,0.5,12.375],"axis":"y","angle":-22.5},"faces":{"north":{"uv":[5.0,6.0,7.0,7.0],"texture":"#2"},"east":{"uv":[7.0,8.0,8.0,9.0],"texture":"#2"},"south":{"uv":[7.0,4.0,9.0,5.0],"texture":"#2"},"west":{"uv":[8.0,6.0,9.0,7.0],"texture":"#2"},"up":{"uv":[6.0,9.0,5.0,7.0],"texture":"#2","rotation":270},"down":{"uv":[8.0,5.0,7.0,7.0],"texture":"#2","rotation":90}}},{"from":[2.25,3.0,12.375],"to":[3.25,4.0,14.375],"rotation":{"origin":[4.75,3.5,13.375],"axis":"y","angle":45.0},"faces":{"north":{"uv":[4.0,8.0,5.0,9.0],"texture":"#2"},"east":{"uv":[4.0,4.0,6.0,5.0],"texture":"#2"},"south":{"uv":[6.0,8.0,7.0,9.0],"texture":"#2"},"west":{"uv":[4.0,5.0,6.0,6.0],"texture":"#2"},"up":{"uv":[5.0,8.0,4.0,6.0],"texture":"#2"},"down":{"uv":[7.0,4.0,6.0,6.0],"texture":"#2"}}},{"from":[2.75,3.0,11.375],"to":[6.75,4.0,15.375],"rotation":{"origin":[4.75,3.5,13.375],"axis":"y","angle":45.0},"faces":{"north":{"uv":[4.0,0.0,8.0,1.0],"texture":"#2"},"east":{"uv":[4.0,1.0,8.0,2.0],"texture":"#2"},"south":{"uv":[4.0,2.0,8.0,3.0],"texture":"#2"},"west":{"uv":[4.0,3.0,8.0,4.0],"texture":"#2"},"up":{"uv":[4.0,4.0,0.0,0.0],"texture":"#2"},"down":{"uv":[4.0,4.0,0.0,8.0],"texture":"#2"}}},{"from":[3.75,3.0,10.875],"to":[5.75,4.0,11.875],"rotation":{"origin":[4.75,3.5,13.375],"axis":"y","angle":45.0},"faces":{"north":{"uv":[2.0,8.0,4.0,9.0],"texture":"#2"},"east":{"uv":[0.0,9.0,1.0,10.0],"texture":"#2"},"south":{"uv":[8.0,2.0,10.0,3.0],"texture":"#2"},"west":{"uv":[1.0,9.0,2.0,10.0],"texture":"#2"},"up":{"uv":[10.0,4.0,8.0,3.0],"texture":"#2"},"down":{"uv":[10.0,5.0,8.0,6.0],"texture":"#2"}}},{"from":[3.75,3.0,14.875],"to":[5.75,4.0,15.875],"rotation":{"origin":[4.75,3.5,13.375],"axis":"y","angle":45.0},"faces":{"north":{"uv":[6.0,7.0,8.0,8.0],"texture":"#2"},"east":{"uv":[8.0,7.0,9.0,8.0],"texture":"#2"},"south":{"uv":[0.0,8.0,2.0,9.0],"texture":"#2"},"west":{"uv":[8.0,8.0,9.0,9.0],"texture":"#2"},"up":{"uv":[10.0,1.0,8.0,0.0],"texture":"#2"},"down":{"uv":[10.0,1.0,8.0,2.0],"texture":"#2"}}},{"from":[6.25,3.0,12.375],"to":[7.25,4.0,14.375],"rotation":{"origin":[4.75,3.5,13.375],"axis":"y","angle":45.0},"faces":{"north":{"uv":[8.0,6.0,9.0,7.0],"texture":"#2"},"east":{"uv":[5.0,6.0,7.0,7.0],"texture":"#2"},"south":{"uv":[7.0,8.0,8.0,9.0],"texture":"#2"},"west":{"uv":[7.0,4.0,9.0,5.0],"texture":"#2"},"up":{"uv":[6.0,9.0,5.0,7.0],"texture":"#2"},"down":{"uv":[8.0,5.0,7.0,7.0],"texture":"#2"}}},{"from":[3.75,1.0,13.875],"to":[5.75,2.0,14.875],"rotation":{"origin":[4.75,1.5,12.375],"axis":"y","angle":22.5},"faces":{"north":{"uv":[4.0,4.0,6.0,5.0],"texture":"#2"},"east":{"uv":[6.0,8.0,7.0,9.0],"texture":"#2"},"south":{"uv":[4.0,5.0,6.0,6.0],"texture":"#2"},"west":{"uv":[4.0,8.0,5.0,9.0],"texture":"#2"},"up":{"uv":[5.0,8.0,4.0,6.0],"texture":"#2","rotation":270},"down":{"uv":[7.0,4.0,6.0,6.0],"texture":"#2","rotation":90}}},{"from":[2.75,1.0,10.375],"to":[6.75,2.0,14.375],"rotation":{"origin":[4.75,1.5,12.375],"axis":"y","angle":22.5},"faces":{"north":{"uv":[4.0,1.0,8.0,2.0],"texture":"#2"},"east":{"uv":[4.0,2.0,8.0,3.0],"texture":"#2"},"south":{"uv":[4.0,3.0,8.0,4.0],"texture":"#2"},"west":{"uv":[4.0,0.0,8.0,1.0],"texture":"#2"},"up":{"uv":[4.0,4.0,0.0,0.0],"texture":"#2","rotation":270},"down":{"uv":[4.0,4.0,0.0,8.0],"texture":"#2","rotation":90}}},{"from":[2.25,1.0,11.375],"to":[3.25,2.0,13.375],"rotation":{"origin":[4.75,1.5,12.375],"axis":"y","angle":22.5},"faces":{"north":{"uv":[0.0,9.0,1.0,10.0],"texture":"#2"},"east":{"uv":[8.0,2.0,10.0,3.0],"texture":"#2"},"south":{"uv":[1.0,9.0,2.0,10.0],"texture":"#2"},"west":{"uv":[2.0,8.0,4.0,9.0],"texture":"#2"},"up":{"uv":[10.0,4.0,8.0,3.0],"texture":"#2","rotation":270},"down":{"uv":[10.0,5.0,8.0,6.0],"texture":"#2","rotation":90}}},{"from":[6.25,1.0,11.375],"to":[7.25,2.0,13.375],"rotation":{"origin":[4.75,1.5,12.375],"axis":"y","angle":22.5},"faces":{"north":{"uv":[8.0,7.0,9.0,8.0],"texture":"#2"},"east":{"uv":[0.0,8.0,2.0,9.0],"texture":"#2"},"south":{"uv":[8.0,8.0,9.0,9.0],"texture":"#2"},"west":{"uv":[6.0,7.0,8.0,8.0],"texture":"#2"},"up":{"uv":[10.0,1.0,8.0,0.0],"texture":"#2","rotation":270},"down":{"uv":[10.0,1.0,8.0,2.0],"texture":"#2","rotation":90}}},{"from":[3.75,1.0,9.875],"to":[5.75,2.0,10.875],"rotation":{"origin":[4.75,1.5,12.375],"axis":"y","angle":22.5},"faces":{"north":{"uv":[5.0,6.0,7.0,7.0],"texture":"#2"},"east":{"uv":[7.0,8.0,8.0,9.0],"texture":"#2"},"south":{"uv":[7.0,4.0,9.0,5.0],"texture":"#2"},"west":{"uv":[8.0,6.0,9.0,7.0],"texture":"#2"},"up":{"uv":[6.0,9.0,5.0,7.0],"texture":"#2","rotation":270},"down":{"uv":[8.0,5.0,7.0,7.0],"texture":"#2","rotation":90}}},{"from":[2.75,2.0,13.875],"to":[4.75,3.0,14.875],"rotation":{"origin":[3.75,2.5,12.375],"axis":"y","angle":45.0},"faces":{"north":{"uv":[4.0,4.0,6.0,5.0],"texture":"#2"},"east":{"uv":[6.0,8.0,7.0,9.0],"texture":"#2"},"south":{"uv":[4.0,5.0,6.0,6.0],"texture":"#2"},"west":{"uv":[4.0,8.0,5.0,9.0],"texture":"#2"},"up":{"uv":[5.0,8.0,4.0,6.0],"texture":"#2","rotation":270},"down":{"uv":[7.0,4.0,6.0,6.0],"texture":"#2","rotation":90}}},{"from":[1.75,2.0,10.375],"to":[5.75,3.0,14.375],"rotation":{"origin":[3.75,2.5,12.375],"axis":"y","angle":45.0},"faces":{"north":{"uv":[4.0,1.0,8.0,2.0],"texture":"#2"},"east":{"uv":[4.0,2.0,8.0,3.0],"texture":"#2"},"south":{"uv":[4.0,3.0,8.0,4.0],"texture":"#2"},"west":{"uv":[4.0,0.0,8.0,1.0],"texture":"#2"},"up":{"uv":[4.0,4.0,0.0,0.0],"texture":"#2","rotation":270},"down":{"uv":[4.0,4.0,0.0,8.0],"texture":"#2","rotation":90}}},{"from":[1.25,2.0,11.375],"to":[2.25,3.0,13.375],"rotation":{"origin":[3.75,2.5,12.375],"axis":"y","angle":45.0},"faces":{"north":{"uv":[0.0,9.0,1.0,10.0],"texture":"#2"},"east":{"uv":[8.0,2.0,10.0,3.0],"texture":"#2"},"south":{"uv":[1.0,9.0,2.0,10.0],"texture":"#2"},"west":{"uv":[2.0,8.0,4.0,9.0],"texture":"#2"},"up":{"uv":[10.0,4.0,8.0,3.0],"texture":"#2","rotation":270},"down":{"uv":[10.0,5.0,8.0,6.0],"texture":"#2","rotation":90}}},{"from":[5.25,2.0,11.375],"to":[6.25,3.0,13.375],"rotation":{"origin":[3.75,2.5,12.375],"axis":"y","angle":45.0},"faces":{"north":{"uv":[8.0,7.0,9.0,8.0],"texture":"#2"},"east":{"uv":[0.0,8.0,2.0,9.0],"texture":"#2"},"south":{"uv":[8.0,8.0,9.0,9.0],"texture":"#2"},"west":{"uv":[6.0,7.0,8.0,8.0],"texture":"#2"},"up":{"uv":[10.0,1.0,8.0,0.0],"texture":"#2","rotation":270},"down":{"uv":[10.0,1.0,8.0,2.0],"texture":"#2","rotation":90}}},{"from":[2.75,2.0,9.875],"to":[4.75,3.0,10.875],"rotation":{"origin":[3.75,2.5,12.375],"axis":"y","angle":45.0},"faces":{"north":{"uv":[5.0,6.0,7.0,7.0],"texture":"#2"},"east":{"uv":[7.0,8.0,8.0,9.0],"texture":"#2"},"south":{"uv":[7.0,4.0,9.0,5.0],"texture":"#2"},"west":{"uv":[8.0,6.0,9.0,7.0],"texture":"#2"},"up":{"uv":[6.0,9.0,5.0,7.0],"texture":"#2","rotation":270},"down":{"uv":[8.0,5.0,7.0,7.0],"texture":"#2","rotation":90}}},{"from":[4.75,4.0,13.875],"to":[6.75,5.0,14.875],"rotation":{"origin":[5.75,4.5,12.375],"axis":"y","angle":0.0},"faces":{"north":{"uv":[4.0,4.0,6.0,5.0],"texture":"#2"},"east":{"uv":[6.0,8.0,7.0,9.0],"texture":"#2"},"south":{"uv":[4.0,5.0,6.0,6.0],"texture":"#2"},"west":{"uv":[4.0,8.0,5.0,9.0],"texture":"#2"},"up":{"uv":[5.0,8.0,4.0,6.0],"texture":"#2","rotation":270},"down":{"uv":[7.0,4.0,6.0,6.0],"texture":"#2","rotation":90}}},{"from":[3.75,4.0,10.375],"to":[7.75,5.0,14.375],"rotation":{"origin":[5.75,4.5,12.375],"axis":"y","angle":0.0},"faces":{"north":{"uv":[4.0,1.0,8.0,2.0],"texture":"#2"},"east":{"uv":[4.0,2.0,8.0,3.0],"texture":"#2"},"south":{"uv":[4.0,3.0,8.0,4.0],"texture":"#2"},"west":{"uv":[4.0,0.0,8.0,1.0],"texture":"#2"},"up":{"uv":[4.0,4.0,0.0,0.0],"texture":"#2","rotation":270},"down":{"uv":[4.0,4.0,0.0,8.0],"texture":"#2","rotation":90}}},{"from":[3.25,4.0,11.375],"to":[4.25,5.0,13.375],"rotation":{"origin":[5.75,4.5,12.375],"axis":"y","angle":0.0},"faces":{"north":{"uv":[0.0,9.0,1.0,10.0],"texture":"#2"},"east":{"uv":[8.0,2.0,10.0,3.0],"texture":"#2"},"south":{"uv":[1.0,9.0,2.0,10.0],"texture":"#2"},"west":{"uv":[2.0,8.0,4.0,9.0],"texture":"#2"},"up":{"uv":[10.0,4.0,8.0,3.0],"texture":"#2","rotation":270},"down":{"uv":[10.0,5.0,8.0,6.0],"texture":"#2","rotation":90}}},{"from":[7.25,4.0,11.375],"to":[8.25,5.0,13.375],"rotation":{"origin":[5.75,4.5,12.375],"axis":"y","angle":0.0},"faces":{"north":{"uv":[8.0,7.0,9.0,8.0],"texture":"#2"},"east":{"uv":[0.0,8.0,2.0,9.0],"texture":"#2"},"south":{"uv":[8.0,8.0,9.0,9.0],"texture":"#2"},"west":{"uv":[6.0,7.0,8.0,8.0],"texture":"#2"},"up":{"uv":[10.0,1.0,8.0,0.0],"texture":"#2","rotation":270},"down":{"uv":[10.0,1.0,8.0,2.0],"texture":"#2","rotation":90}}},{"from":[4.75,4.0,9.875],"to":[6.75,5.0,10.875],"rotation":{"origin":[5.75,4.5,12.375],"axis":"y","angle":0.0},"faces":{"north":{"uv":[5.0,6.0,7.0,7.0],"texture":"#2"},"east":{"uv":[7.0,8.0,8.0,9.0],"texture":"#2"},"south":{"uv":[7.0,4.0,9.0,5.0],"texture":"#2"},"west":{"uv":[8.0,6.0,9.0,7.0],"texture":"#2"},"up":{"uv":[6.0,9.0,5.0,7.0],"texture":"#2","rotation":270},"down":{"uv":[8.0,5.0,7.0,7.0],"texture":"#2","rotation":90}}},{"from":[10.75,1.0,10.875],"to":[12.75,2.0,11.875],"rotation":{"origin":[11.75,1.5,9.375],"axis":"y","angle":0.0},"faces":{"north":{"uv":[4.0,4.0,6.0,5.0],"texture":"#2"},"east":{"uv":[6.0,8.0,7.0,9.0],"texture":"#2"},"south":{"uv":[4.0,5.0,6.0,6.0],"texture":"#2"},"west":{"uv":[4.0,8.0,5.0,9.0],"texture":"#2"},"up":{"uv":[5.0,8.0,4.0,6.0],"texture":"#2","rotation":270},"down":{"uv":[7.0,4.0,6.0,6.0],"texture":"#2","rotation":90}}},{"from":[9.75,1.0,7.375],"to":[13.75,2.0,11.375],"rotation":{"origin":[11.75,1.5,9.375],"axis":"y","angle":0.0},"faces":{"north":{"uv":[4.0,1.0,8.0,2.0],"texture":"#2"},"east":{"uv":[4.0,2.0,8.0,3.0],"texture":"#2"},"south":{"uv":[4.0,3.0,8.0,4.0],"texture":"#2"},"west":{"uv":[4.0,0.0,8.0,1.0],"texture":"#2"},"up":{"uv":[4.0,4.0,0.0,0.0],"texture":"#2","rotation":270},"down":{"uv":[4.0,4.0,0.0,8.0],"texture":"#2","rotation":90}}},{"from":[9.25,1.0,8.375],"to":[10.25,2.0,10.375],"rotation":{"origin":[11.75,1.5,9.375],"axis":"y","angle":0.0},"faces":{"north":{"uv":[0.0,9.0,1.0,10.0],"texture":"#2"},"east":{"uv":[8.0,2.0,10.0,3.0],"texture":"#2"},"south":{"uv":[1.0,9.0,2.0,10.0],"texture":"#2"},"west":{"uv":[2.0,8.0,4.0,9.0],"texture":"#2"},"up":{"uv":[10.0,4.0,8.0,3.0],"texture":"#2","rotation":270},"down":{"uv":[10.0,5.0,8.0,6.0],"texture":"#2","rotation":90}}},{"from":[13.25,1.0,8.375],"to":[14.25,2.0,10.375],"rotation":{"origin":[11.75,1.5,9.375],"axis":"y","angle":0.0},"faces":{"north":{"uv":[8.0,7.0,9.0,8.0],"texture":"#2"},"east":{"uv":[0.0,8.0,2.0,9.0],"texture":"#2"},"south":{"uv":[8.0,8.0,9.0,9.0],"texture":"#2"},"west":{"uv":[6.0,7.0,8.0,8.0],"texture":"#2"},"up":{"uv":[10.0,1.0,8.0,0.0],"texture":"#2","rotation":270},"down":{"uv":[10.0,1.0,8.0,2.0],"texture":"#2","rotation":90}}},{"from":[10.75,1.0,6.875],"to":[12.75,2.0,7.875],"rotation":{"origin":[11.75,1.5,9.375],"axis":"y","angle":0.0},"faces":{"north":{"uv":[5.0,6.0,7.0,7.0],"texture":"#2"},"east":{"uv":[7.0,8.0,8.0,9.0],"texture":"#2"},"south":{"uv":[7.0,4.0,9.0,5.0],"texture":"#2"},"west":{"uv":[8.0,6.0,9.0,7.0],"texture":"#2"},"up":{"uv":[6.0,9.0,5.0,7.0],"texture":"#2","rotation":270},"down":{"uv":[8.0,5.0,7.0,7.0],"texture":"#2","rotation":90}}},{"from":[11.75,2.0,9.875],"to":[13.75,3.0,10.875],"rotation":{"origin":[12.75,2.5,8.375],"axis":"y","angle":22.5},"faces":{"north":{"uv":[4.0,4.0,6.0,5.0],"texture":"#2"},"east":{"uv":[6.0,8.0,7.0,9.0],"texture":"#2"},"south":{"uv":[4.0,5.0,6.0,6.0],"texture":"#2"},"west":{"uv":[4.0,8.0,5.0,9.0],"texture":"#2"},"up":{"uv":[5.0,8.0,4.0,6.0],"texture":"#2","rotation":270},"down":{"uv":[7.0,4.0,6.0,6.0],"texture":"#2","rotation":90}}},{"from":[10.75,2.0,6.375],"to":[14.75,3.0,10.375],"rotation":{"origin":[12.75,2.5,8.375],"axis":"y","angle":22.5},"faces":{"north":{"uv":[4.0,1.0,8.0,2.0],"texture":"#2"},"east":{"uv":[4.0,2.0,8.0,3.0],"texture":"#2"},"south":{"uv":[4.0,3.0,8.0,4.0],"texture":"#2"},"west":{"uv":[4.0,0.0,8.0,1.0],"texture":"#2"},"up":{"uv":[4.0,4.0,0.0,0.0],"texture":"#2","rotation":270},"down":{"uv":[4.0,4.0,0.0,8.0],"texture":"#2","rotation":90}}},{"from":[10.25,2.0,7.375],"to":[11.25,3.0,9.375],"rotation":{"origin":[12.75,2.5,8.375],"axis":"y","angle":22.5},"faces":{"north":{"uv":[0.0,9.0,1.0,10.0],"texture":"#2"},"east":{"uv":[8.0,2.0,10.0,3.0],"texture":"#2"},"south":{"uv":[1.0,9.0,2.0,10.0],"texture":"#2"},"west":{"uv":[2.0,8.0,4.0,9.0],"texture":"#2"},"up":{"uv":[10.0,4.0,8.0,3.0],"texture":"#2","rotation":270},"down":{"uv":[10.0,5.0,8.0,6.0],"texture":"#2","rotation":90}}},{"from":[14.25,2.0,7.375],"to":[15.25,3.0,9.375],"rotation":{"origin":[12.75,2.5,8.375],"axis":"y","angle":22.5},"faces":{"north":{"uv":[8.0,7.0,9.0,8.0],"texture":"#2"},"east":{"uv":[0.0,8.0,2.0,9.0],"texture":"#2"},"south":{"uv":[8.0,8.0,9.0,9.0],"texture":"#2"},"west":{"uv":[6.0,7.0,8.0,8.0],"texture":"#2"},"up":{"uv":[10.0,1.0,8.0,0.0],"texture":"#2","rotation":270},"down":{"uv":[10.0,1.0,8.0,2.0],"texture":"#2","rotation":90}}},{"from":[11.75,2.0,5.875],"to":[13.75,3.0,6.875],"rotation":{"origin":[12.75,2.5,8.375],"axis":"y","angle":22.5},"faces":{"north":{"uv":[5.0,6.0,7.0,7.0],"texture":"#2"},"east":{"uv":[7.0,8.0,8.0,9.0],"texture":"#2"},"south":{"uv":[7.0,4.0,9.0,5.0],"texture":"#2"},"west":{"uv":[8.0,6.0,9.0,7.0],"texture":"#2"},"up":{"uv":[6.0,9.0,5.0,7.0],"texture":"#2","rotation":270},"down":{"uv":[8.0,5.0,7.0,7.0],"texture":"#2","rotation":90}}},{"from":[10.75,0.0,10.875],"to":[12.75,1.0,11.875],"rotation":{"origin":[11.75,0.5,9.375],"axis":"y","angle":-45.0},"faces":{"north":{"uv":[4.0,4.0,6.0,5.0],"texture":"#2"},"east":{"uv":[6.0,8.0,7.0,9.0],"texture":"#2"},"south":{"uv":[4.0,5.0,6.0,6.0],"texture":"#2"},"west":{"uv":[4.0,8.0,5.0,9.0],"texture":"#2"},"up":{"uv":[5.0,8.0,4.0,6.0],"texture":"#2","rotation":270},"down":{"uv":[7.0,4.0,6.0,6.0],"texture":"#2","rotation":90}}},{"from":[9.75,0.0,7.375],"to":[13.75,1.0,11.375],"rotation":{"origin":[11.75,0.5,9.375],"axis":"y","angle":-45.0},"faces":{"north":{"uv":[4.0,1.0,8.0,2.0],"texture":"#2"},"east":{"uv":[4.0,2.0,8.0,3.0],"texture":"#2"},"south":{"uv":[4.0,3.0,8.0,4.0],"texture":"#2"},"west":{"uv":[4.0,0.0,8.0,1.0],"texture":"#2"},"up":{"uv":[4.0,4.0,0.0,0.0],"texture":"#2","rotation":270},"down":{"uv":[4.0,4.0,0.0,8.0],"texture":"#2","rotation":90}}},{"from":[9.25,0.0,8.375],"to":[10.25,1.0,10.375],"rotation":{"origin":[11.75,0.5,9.375],"axis":"y","angle":-45.0},"faces":{"north":{"uv":[0.0,9.0,1.0,10.0],"texture":"#2"},"east":{"uv":[8.0,2.0,10.0,3.0],"texture":"#2"},"south":{"uv":[1.0,9.0,2.0,10.0],"texture":"#2"},"west":{"uv":[2.0,8.0,4.0,9.0],"texture":"#2"},"up":{"uv":[10.0,4.0,8.0,3.0],"texture":"#2","rotation":270},"down":{"uv":[10.0,5.0,8.0,6.0],"texture":"#2","rotation":90}}},{"from":[13.25,0.0,8.375],"to":[14.25,1.0,10.375],"rotation":{"origin":[11.75,0.5,9.375],"axis":"y","angle":-45.0},"faces":{"north":{"uv":[8.0,7.0,9.0,8.0],"texture":"#2"},"east":{"uv":[0.0,8.0,2.0,9.0],"texture":"#2"},"south":{"uv":[8.0,8.0,9.0,9.0],"texture":"#2"},"west":{"uv":[6.0,7.0,8.0,8.0],"texture":"#2"},"up":{"uv":[10.0,1.0,8.0,0.0],"texture":"#2","rotation":270},"down":{"uv":[10.0,1.0,8.0,2.0],"texture":"#2","rotation":90}}},{"from":[10.75,0.0,6.875],"to":[12.75,1.0,7.875],"rotation":{"origin":[11.75,0.5,9.375],"axis":"y","angle":-45.0},"faces":{"north":{"uv":[5.0,6.0,7.0,7.0],"texture":"#2"},"east":{"uv":[7.0,8.0,8.0,9.0],"texture":"#2"},"south":{"uv":[7.0,4.0,9.0,5.0],"texture":"#2"},"west":{"uv":[8.0,6.0,9.0,7.0],"texture":"#2"},"up":{"uv":[6.0,9.0,5.0,7.0],"texture":"#2","rotation":270},"down":{"uv":[8.0,5.0,7.0,7.0],"texture":"#2","rotation":90}}}],"textures":{"2":"42740015-50f5-4b6e-a382-bbd138812acd"}}