{"display":{"thirdperson_righthand":{"rotation":[59.75,0.0,0.0],"translation":[0.0,5.25,4.5],"scale":[0.8,0.8,0.8]},"thirdperson_lefthand":{"rotation":[59.75,0.0,0.0],"translation":[0.0,5.25,4.5],"scale":[0.8,0.8,0.8]},"firstperson_righthand":{"rotation":[62.75,0.0,0.0],"translation":[1.5,6.0,7.75],"scale":[1.2,1.0,1.0]},"firstperson_lefthand":{"rotation":[62.75,0.0,0.0],"translation":[1.5,6.0,7.75],"scale":[1.2,1.0,1.0]},"ground":{"translation":[0.0,6.0,0.0],"scale":[1.3,1.3,1.3]},"gui":{"rotation":[56.01,19.95,-26.87],"translation":[4.5,6.75,-11.0],"scale":[1.5,1.5,1.5]},"fixed":{"rotation":[90.0,0.0,-180.0],"translation":[0.0,0.0,-11.0],"scale":[1.5,1.5,1.5]}},"elements":[{"from":[5.999,0.024,3.999],"to":[10.001,2.026,12.001],"rotation":{"origin":[7.0,0.025,5.0],"axis":"y","angle":0.0},"faces":{"north":{"uv":[5.0,5.0,7.0,6.0],"texture":"#0"},"east":{"uv":[0.0,4.0,4.0,5.0],"texture":"#0"},"south":{"uv":[5.0,6.0,7.0,7.0],"texture":"#0"},"west":{"uv":[4.0,0.0,8.0,1.0],"texture":"#0"},"up":{"uv":[2.0,4.0,0.0,0.0],"texture":"#0"},"down":{"uv":[4.0,0.0,2.0,4.0],"texture":"#0"}}}],"textures":{"particle":"bd72b41c-4234-41b8-bccf-6bd734520892","0":"bd72b41c-4234-41b8-bccf-6bd734520892"}}