{"display":{"thirdperson_righthand":{"rotation":[0.0,-90.0,0.0],"translation":[4.0,0.5,1.0]},"thirdperson_lefthand":{"rotation":[0.0,-90.0,0.0],"translation":[4.0,0.5,1.0]},"firstperson_righthand":{"translation":[-0.5,1.0,0.0]},"firstperson_lefthand":{"translation":[-0.5,1.0,0.0]},"ground":{"rotation":[76.0,0.0,0.0],"translation":[0.0,-1.5,2.0],"scale":[0.66,0.66,0.66]},"gui":{"translation":[0.0,2.0,0.0],"scale":[0.8,0.8,0.8]},"head":{"scale":[0.02,0.02,0.02]},"fixed":{"translation":[0.0,3.5,-2.75],"scale":[1.25,1.25,1.25]}},"elements":[{"from":[6.57614,8.80872,7.0016],"to":[8.7419,10.97448,8.9984],"rotation":{"origin":[8.0,10.23257,8.0],"axis":"z","angle":45.0},"faces":{"north":{"uv":[9.5,6.0,10.375,6.875],"texture":"#2"},"east":{"uv":[7.0,9.5,7.875,10.375],"texture":"#2"},"south":{"uv":[9.5,7.0,10.375,7.875],"texture":"#2"},"west":{"uv":[8.0,9.5,8.875,10.375],"texture":"#2"},"up":{"uv":[10.375,8.875,9.5,8.0],"texture":"#2"},"down":{"uv":[10.375,9.0,9.5,9.875],"texture":"#2"}}},{"from":[8.5739,10.41719,7.4409],"to":[10.78574,11.64599,8.5591],"rotation":{"origin":[8.0,10.23257,8.0],"axis":"z","angle":-22.5},"faces":{"north":{"uv":[10.5,3.5,11.375,4.0],"texture":"#2"},"east":{"uv":[10.0,5.5,10.5,6.0],"texture":"#2"},"south":{"uv":[8.0,10.5,8.875,11.0],"texture":"#2"},"west":{"uv":[12.5,4.5,13.0,5.0],"texture":"#2"},"up":{"uv":[11.375,8.5,10.5,8.0],"texture":"#2"},"down":{"uv":[11.375,8.5,10.5,9.0],"texture":"#2"}}},{"from":[9.93246,7.62635,7.4793],"to":[10.96926,9.26219,8.5207],"rotation":{"origin":[8.0,10.23257,8.0],"axis":"z","angle":22.5},"faces":{"north":{"uv":[13.0,4.0,13.375,4.625],"texture":"#2"},"east":{"uv":[4.5,13.0,4.875,13.625],"texture":"#2"},"south":{"uv":[5.0,13.0,5.375,13.625],"texture":"#2"},"west":{"uv":[13.0,5.0,13.375,5.625],"texture":"#2"},"up":{"uv":[14.375,3.375,14.0,3.0],"texture":"#2"},"down":{"uv":[3.875,14.0,3.5,14.375],"texture":"#2"}}},{"from":[10.62692,8.52183,7.5177],"to":[11.47172,10.15767,8.4823],"rotation":{"origin":[8.0,10.23257,8.0],"axis":"z","angle":22.5},"faces":{"north":{"uv":[13.0,8.0,13.375,8.625],"texture":"#2"},"east":{"uv":[8.5,13.0,8.875,13.625],"texture":"#2"},"south":{"uv":[9.5,13.0,9.875,13.625],"texture":"#2"},"west":{"uv":[13.0,9.5,13.375,10.125],"texture":"#2"},"up":{"uv":[5.375,14.375,5.0,14.0],"texture":"#2"},"down":{"uv":[14.375,5.0,14.0,5.375],"texture":"#2"}}},{"from":[9.63295,10.30583,7.5561],"to":[10.69279,11.15063,8.4439],"rotation":{"origin":[8.0,10.23257,8.0],"axis":"y","angle":0.0},"faces":{"north":{"uv":[13.5,2.0,14.0,2.375],"texture":"#2"},"east":{"uv":[5.5,14.0,5.875,14.375],"texture":"#2"},"south":{"uv":[13.5,2.5,14.0,2.875],"texture":"#2"},"west":{"uv":[14.0,5.5,14.375,5.875],"texture":"#2"},"up":{"uv":[14.0,3.375,13.5,3.0],"texture":"#2"},"down":{"uv":[14.0,3.5,13.5,3.875],"texture":"#2"}}},{"from":[2.67008,5.69783,8.0],"to":[13.32992,12.33911,8.0],"rotation":{"origin":[8.0,10.23257,8.0],"axis":"y","angle":0.0},"faces":{"north":{"uv":[4.0125,0.0,8.4875,2.75],"texture":"#2"},"east":{"uv":[0.0,0.0,0.0,2.75],"texture":"#2"},"south":{"uv":[4.0125,0.0,8.4875,2.75],"texture":"#2"},"west":{"uv":[0.0,0.0,0.0,2.75],"texture":"#2"},"up":{"uv":[4.5,0.0,0.0,0.0],"texture":"#2"},"down":{"uv":[4.5,0.0,0.0,0.0],"texture":"#2"}}},{"from":[7.74723,-1.34839,8.5],"to":[14.38851,12.31145,8.5],"rotation":{"origin":[11.06787,5.48153,8.5],"axis":"y","angle":-22.5},"faces":{"north":{"uv":[6.0125,16.0,16.0,11.25],"texture":"#3","rotation":270},"east":{"uv":[4.5,0.0,0.0,0.0],"texture":"#3","rotation":90},"south":{"uv":[16.0,16.0,6.0125,11.25],"texture":"#3","rotation":90},"west":{"uv":[4.5,0.0,0.0,0.0],"texture":"#3","rotation":90},"up":{"uv":[0.0,2.75,0.0,0.0],"texture":"#3","rotation":90},"down":{"uv":[0.0,2.75,0.0,0.0],"texture":"#3","rotation":90}}},{"from":[1.61149,-1.34839,8.5],"to":[8.25277,12.31145,8.5],"rotation":{"origin":[4.93213,5.48153,8.5],"axis":"y","angle":22.5},"faces":{"north":{"uv":[6.0125,11.25,16.0,16.0],"texture":"#3","rotation":270},"east":{"uv":[4.5,0.0,0.0,0.0],"texture":"#3","rotation":90},"south":{"uv":[16.0,11.25,6.0125,16.0],"texture":"#3","rotation":90},"west":{"uv":[4.5,0.0,0.0,0.0],"texture":"#3","rotation":90},"up":{"uv":[0.0,0.0,0.0,2.75],"texture":"#3","rotation":90},"down":{"uv":[0.0,0.0,0.0,2.75],"texture":"#3","rotation":90}}},{"from":[11.06719,10.8804,7.5561],"to":[12.31903,11.5332,8.4439],"rotation":{"origin":[8.0,10.23257,8.0],"axis":"z","angle":-22.5},"faces":{"north":{"uv":[14.5,2.5,15.0,2.75],"texture":"#2"},"east":{"uv":[5.5,14.5,5.875,14.75],"texture":"#2"},"south":{"uv":[3.0,14.5,3.5,14.75],"texture":"#2"},"west":{"uv":[14.5,5.5,14.875,5.75],"texture":"#2"},"up":{"uv":[8.0,13.875,7.5,13.5],"texture":"#2"},"down":{"uv":[8.5,13.5,8.0,13.875],"texture":"#2"}}},{"from":[7.2383,10.89495,7.49005],"to":[9.06614,12.12375,8.50995],"rotation":{"origin":[8.0,10.23257,8.0],"axis":"z","angle":-45.0},"faces":{"north":{"uv":[11.5,2.5,12.25,3.0],"texture":"#2"},"east":{"uv":[13.5,8.0,13.875,8.5],"texture":"#2"},"south":{"uv":[11.5,9.0,12.25,9.5],"texture":"#2"},"west":{"uv":[13.5,8.5,13.875,9.0],"texture":"#2"},"up":{"uv":[13.25,2.875,12.5,2.5],"texture":"#2"},"down":{"uv":[5.25,12.5,4.5,12.875],"texture":"#2"}}},{"from":[8.47633,10.0633,7.20896],"to":[9.45937,12.76666,8.79104],"rotation":{"origin":[8.0,10.23257,8.0],"axis":"z","angle":22.5},"faces":{"north":{"uv":[6.5,11.0,6.875,12.125],"texture":"#2"},"east":{"uv":[10.0,4.0,10.625,5.125],"texture":"#2"},"south":{"uv":[8.0,11.0,8.375,12.125],"texture":"#2"},"west":{"uv":[9.0,10.0,9.625,11.125],"texture":"#2"},"up":{"uv":[10.375,13.625,10.0,13.0],"texture":"#2"},"down":{"uv":[10.875,13.0,10.5,13.625],"texture":"#2"}}},{"from":[6.54063,10.0633,7.20896],"to":[7.52367,12.76666,8.79104],"rotation":{"origin":[8.0,10.23257,8.0],"axis":"z","angle":-22.5},"faces":{"north":{"uv":[6.875,11.0,6.5,12.125],"texture":"#2"},"east":{"uv":[9.625,10.0,9.0,11.125],"texture":"#2"},"south":{"uv":[8.375,11.0,8.0,12.125],"texture":"#2"},"west":{"uv":[10.625,4.0,10.0,5.125],"texture":"#2"},"up":{"uv":[10.0,13.625,10.375,13.0],"texture":"#2"},"down":{"uv":[10.5,13.0,10.875,13.625],"texture":"#2"}}},{"from":[6.93386,10.89495,7.49005],"to":[8.7617,12.12375,8.50995],"rotation":{"origin":[8.0,10.23257,8.0],"axis":"z","angle":45.0},"faces":{"north":{"uv":[12.25,2.5,11.5,3.0],"texture":"#2"},"east":{"uv":[13.875,8.5,13.5,9.0],"texture":"#2"},"south":{"uv":[12.25,9.0,11.5,9.5],"texture":"#2"},"west":{"uv":[13.875,8.0,13.5,8.5],"texture":"#2"},"up":{"uv":[12.5,2.875,13.25,2.5],"texture":"#2"},"down":{"uv":[4.5,12.5,5.25,12.875],"texture":"#2"}}},{"from":[5.21426,10.41719,7.4409],"to":[7.4261,11.64599,8.5591],"rotation":{"origin":[8.0,10.23257,8.0],"axis":"z","angle":22.5},"faces":{"north":{"uv":[11.375,3.5,10.5,4.0],"texture":"#2"},"east":{"uv":[13.0,4.5,12.5,5.0],"texture":"#2"},"south":{"uv":[8.875,10.5,8.0,11.0],"texture":"#2"},"west":{"uv":[10.5,5.5,10.0,6.0],"texture":"#2"},"up":{"uv":[10.5,8.5,11.375,8.0],"texture":"#2"},"down":{"uv":[10.5,8.5,11.375,9.0],"texture":"#2"}}},{"from":[5.30721,10.30583,7.5561],"to":[6.36705,11.15063,8.4439],"rotation":{"origin":[8.0,10.23257,8.0],"axis":"y","angle":0.0},"faces":{"north":{"uv":[14.0,2.0,13.5,2.375],"texture":"#2"},"east":{"uv":[14.375,5.5,14.0,5.875],"texture":"#2"},"south":{"uv":[14.0,2.5,13.5,2.875],"texture":"#2"},"west":{"uv":[5.875,14.0,5.5,14.375],"texture":"#2"},"up":{"uv":[13.5,3.375,14.0,3.0],"texture":"#2"},"down":{"uv":[13.5,3.5,14.0,3.875],"texture":"#2"}}},{"from":[4.52828,8.52183,7.5177],"to":[5.37308,10.15767,8.4823],"rotation":{"origin":[8.0,10.23257,8.0],"axis":"z","angle":-22.5},"faces":{"north":{"uv":[13.375,8.0,13.0,8.625],"texture":"#2"},"east":{"uv":[13.375,9.5,13.0,10.125],"texture":"#2"},"south":{"uv":[9.875,13.0,9.5,13.625],"texture":"#2"},"west":{"uv":[8.875,13.0,8.5,13.625],"texture":"#2"},"up":{"uv":[5.0,14.375,5.375,14.0],"texture":"#2"},"down":{"uv":[14.0,5.0,14.375,5.375],"texture":"#2"}}},{"from":[5.03074,7.62635,7.4793],"to":[6.06754,9.26219,8.5207],"rotation":{"origin":[8.0,10.23257,8.0],"axis":"z","angle":-22.5},"faces":{"north":{"uv":[13.375,4.0,13.0,4.625],"texture":"#2"},"east":{"uv":[13.375,5.0,13.0,5.625],"texture":"#2"},"south":{"uv":[5.375,13.0,5.0,13.625],"texture":"#2"},"west":{"uv":[4.875,13.0,4.5,13.625],"texture":"#2"},"up":{"uv":[14.0,3.375,14.375,3.0],"texture":"#2"},"down":{"uv":[3.5,14.0,3.875,14.375],"texture":"#2"}}},{"from":[3.68097,10.8804,7.5561],"to":[4.93281,11.5332,8.4439],"rotation":{"origin":[8.0,10.23257,8.0],"axis":"z","angle":22.5},"faces":{"north":{"uv":[15.0,2.5,14.5,2.75],"texture":"#2"},"east":{"uv":[14.875,5.5,14.5,5.75],"texture":"#2"},"south":{"uv":[3.5,14.5,3.0,14.75],"texture":"#2"},"west":{"uv":[5.875,14.5,5.5,14.75],"texture":"#2"},"up":{"uv":[7.5,13.875,8.0,13.5],"texture":"#2"},"down":{"uv":[8.0,13.5,8.5,13.875],"texture":"#2"}}},{"from":[5.66946,12.00278,7.12141],"to":[6.2298,12.56311,8.87859],"rotation":{"origin":[8.0,10.23257,8.0],"axis":"z","angle":-45.0},"faces":{"north":{"uv":[10.5,14.5,10.75,14.75],"texture":"#2"},"east":{"uv":[13.5,9.0,14.25,9.25],"texture":"#2"},"south":{"uv":[14.5,10.5,14.75,10.75],"texture":"#2"},"west":{"uv":[13.5,9.5,14.25,9.75],"texture":"#2"},"up":{"uv":[9.25,14.25,9.0,13.5],"texture":"#2"},"down":{"uv":[13.75,10.0,13.5,10.75],"texture":"#2"}}},{"from":[7.67608,6.85817,9.06],"to":[17.27608,16.45817,9.06],"rotation":{"origin":[12.47608,11.65817,9.06],"axis":"y","angle":-22.5},"faces":{"north":{"uv":[16.0,0.0,0.0,16.0],"texture":"#1","rotation":270},"east":{"uv":[0.0,0.0,0.5,0.5],"texture":"#1","rotation":90},"south":{"uv":[0.0,0.0,16.0,16.0],"texture":"#1","rotation":90},"west":{"uv":[0.0,0.0,0.5,0.5],"texture":"#1","rotation":90},"up":{"uv":[0.5,0.0,0.0,0.625],"texture":"#1","rotation":90},"down":{"uv":[0.5,0.0,0.0,0.625],"texture":"#1","rotation":90}}},{"from":[-1.27608,6.85817,9.06],"to":[8.32392,16.45817,9.06],"rotation":{"origin":[3.52392,11.65817,9.06],"axis":"y","angle":22.5},"faces":{"north":{"uv":[16.0,16.0,0.0,0.0],"texture":"#1","rotation":270},"east":{"uv":[0.0,0.5,0.5,0.0],"texture":"#1","rotation":90},"south":{"uv":[0.0,16.0,16.0,0.0],"texture":"#1","rotation":90},"west":{"uv":[0.0,0.5,0.5,0.0],"texture":"#1","rotation":90},"up":{"uv":[0.5,0.625,0.0,0.0],"texture":"#1","rotation":90},"down":{"uv":[0.5,0.625,0.0,0.0],"texture":"#1","rotation":90}}},{"from":[4.45588,10.34262,7.5177],"to":[5.30068,11.97846,8.4823],"rotation":{"origin":[8.0,10.23257,8.0],"axis":"z","angle":45.0},"faces":{"north":{"uv":[5.875,13.0,5.5,13.625],"texture":"#2"},"east":{"uv":[6.875,13.0,6.5,13.625],"texture":"#2"},"south":{"uv":[13.375,6.0,13.0,6.625],"texture":"#2"},"west":{"uv":[6.375,13.0,6.0,13.625],"texture":"#2"},"up":{"uv":[14.0,3.875,14.375,3.5],"texture":"#2"},"down":{"uv":[4.5,14.0,4.875,14.375],"texture":"#2"}}},{"from":[6.21256,6.721,7.5561],"to":[6.86536,7.78084,8.4439],"rotation":{"origin":[8.0,10.23257,8.0],"axis":"z","angle":-22.5},"faces":{"north":{"uv":[14.25,7.5,14.0,8.0],"texture":"#2"},"east":{"uv":[2.375,13.5,2.0,14.0],"texture":"#2"},"south":{"uv":[8.25,14.0,8.0,14.5],"texture":"#2"},"west":{"uv":[13.875,1.5,13.5,2.0],"texture":"#2"},"up":{"uv":[4.5,14.875,4.75,14.5],"texture":"#2"},"down":{"uv":[14.5,4.5,14.75,4.875],"texture":"#2"}}},{"from":[7.68115,5.68625,7.5945],"to":[8.29555,6.55409,8.4055],"rotation":{"origin":[8.0,10.23257,8.0],"axis":"z","angle":-45.0},"faces":{"north":{"uv":[6.25,14.5,6.0,14.875],"texture":"#2"},"east":{"uv":[14.375,6.0,14.0,6.375],"texture":"#2"},"south":{"uv":[14.75,6.0,14.5,6.375],"texture":"#2"},"west":{"uv":[6.375,14.0,6.0,14.375],"texture":"#2"},"up":{"uv":[6.5,14.875,6.75,14.5],"texture":"#2"},"down":{"uv":[14.5,6.5,14.75,6.875],"texture":"#2"}}},{"from":[10.69932,10.34262,7.5177],"to":[11.54412,11.97846,8.4823],"rotation":{"origin":[8.0,10.23257,8.0],"axis":"z","angle":-45.0},"faces":{"north":{"uv":[5.5,13.0,5.875,13.625],"texture":"#2"},"east":{"uv":[6.0,13.0,6.375,13.625],"texture":"#2"},"south":{"uv":[13.0,6.0,13.375,6.625],"texture":"#2"},"west":{"uv":[6.5,13.0,6.875,13.625],"texture":"#2"},"up":{"uv":[14.375,3.875,14.0,3.5],"texture":"#2"},"down":{"uv":[4.875,14.0,4.5,14.375],"texture":"#2"}}},{"from":[9.13464,6.721,7.5561],"to":[9.78744,7.78084,8.4439],"rotation":{"origin":[8.0,10.23257,8.0],"axis":"z","angle":22.5},"faces":{"north":{"uv":[14.0,7.5,14.25,8.0],"texture":"#2"},"east":{"uv":[13.5,1.5,13.875,2.0],"texture":"#2"},"south":{"uv":[8.0,14.0,8.25,14.5],"texture":"#2"},"west":{"uv":[2.0,13.5,2.375,14.0],"texture":"#2"},"up":{"uv":[4.75,14.875,4.5,14.5],"texture":"#2"},"down":{"uv":[14.75,4.5,14.5,4.875],"texture":"#2"}}},{"from":[7.70445,5.68625,7.5945],"to":[8.31885,6.55409,8.4055],"rotation":{"origin":[8.0,10.23257,8.0],"axis":"z","angle":45.0},"faces":{"north":{"uv":[6.0,14.5,6.25,14.875],"texture":"#2"},"east":{"uv":[6.0,14.0,6.375,14.375],"texture":"#2"},"south":{"uv":[14.5,6.0,14.75,6.375],"texture":"#2"},"west":{"uv":[14.0,6.0,14.375,6.375],"texture":"#2"},"up":{"uv":[6.75,14.875,6.5,14.5],"texture":"#2"},"down":{"uv":[14.75,6.5,14.5,6.875],"texture":"#2"}}},{"from":[5.39634,-0.32108,7.078],"to":[5.76114,0.04372,8.422],"rotation":{"origin":[7.93447,2.30972,7.75],"axis":"z","angle":45.0},"faces":{"north":{"uv":[11.0,14.5,11.125,14.625],"texture":"#2"},"east":{"uv":[7.0,14.5,7.625,14.625],"texture":"#2"},"south":{"uv":[14.5,11.0,14.625,11.125],"texture":"#2"},"west":{"uv":[14.5,7.0,15.125,7.125],"texture":"#2"},"up":{"uv":[14.625,8.125,14.5,7.5],"texture":"#2"},"down":{"uv":[8.125,14.5,8.0,15.125],"texture":"#2"}}},{"from":[6.06257,0.34515,7.046],"to":[7.50257,0.98515,8.454],"rotation":{"origin":[7.93447,2.30972,7.75],"axis":"z","angle":45.0},"faces":{"north":{"uv":[12.0,8.0,12.75,8.375],"texture":"#2"},"east":{"uv":[12.0,8.5,12.75,8.875],"texture":"#2"},"south":{"uv":[12.0,9.5,12.75,9.875],"texture":"#2"},"west":{"uv":[12.0,10.0,12.75,10.375],"texture":"#2"},"up":{"uv":[2.25,11.25,1.5,10.5],"texture":"#2"},"down":{"uv":[3.25,10.5,2.5,11.25],"texture":"#2"}}},{"from":[6.06257,0.98515,7.046],"to":[6.70257,1.78515,8.454],"rotation":{"origin":[7.93447,2.30972,7.75],"axis":"z","angle":45.0},"faces":{"north":{"uv":[14.0,2.5,14.375,2.875],"texture":"#2"},"east":{"uv":[12.0,10.5,12.75,10.875],"texture":"#2"},"south":{"uv":[3.0,14.0,3.375,14.375],"texture":"#2"},"west":{"uv":[11.0,12.0,11.75,12.375],"texture":"#2"},"up":{"uv":[12.375,12.25,12.0,11.5],"texture":"#2"},"down":{"uv":[12.875,3.5,12.5,4.25],"texture":"#2"}}},{"from":[8.88268,-0.70935,7.11],"to":[9.52268,1.05065,8.39],"rotation":{"origin":[7.93447,2.30972,7.75],"axis":"z","angle":-22.5},"faces":{"north":{"uv":[10.0,11.5,10.375,12.375],"texture":"#2"},"east":{"uv":[7.0,10.5,7.625,11.375],"texture":"#2"},"south":{"uv":[10.5,11.5,10.875,12.375],"texture":"#2"},"west":{"uv":[10.5,7.0,11.125,7.875],"texture":"#2"},"up":{"uv":[13.375,3.625,13.0,3.0],"texture":"#2"},"down":{"uv":[3.875,13.0,3.5,13.625],"texture":"#2"}}},{"from":[7.55873,-2.76821,7.792],"to":[8.44193,-1.57251,8.208],"rotation":{"origin":[8.00033,-2.89036,8.0],"axis":"z","angle":-45.0},"faces":{"north":{"uv":[3.5,12.625,4.0,12.0],"texture":"#2"},"east":{"uv":[14.0,2.125,14.25,1.5],"texture":"#2"},"south":{"uv":[6.0,12.625,6.5,12.0],"texture":"#2"},"west":{"uv":[2.5,14.625,2.75,14.0],"texture":"#2"},"up":{"uv":[14.5,10.25,14.0,10.0],"texture":"#2"},"down":{"uv":[10.5,14.0,10.0,14.25],"texture":"#2"}}},{"from":[7.1744,-3.15482,7.75808],"to":[7.7376,-2.59162,8.24192],"rotation":{"origin":[8.0,-2.32922,8.032],"axis":"z","angle":45.0},"faces":{"north":{"uv":[9.25,14.75,9.0,14.5],"texture":"#2"},"east":{"uv":[14.75,9.75,14.5,9.5],"texture":"#2"},"south":{"uv":[9.75,14.75,9.5,14.5],"texture":"#2"},"west":{"uv":[14.75,9.25,14.5,9.0],"texture":"#2"},"up":{"uv":[14.5,10.25,14.75,10.0],"texture":"#2"},"down":{"uv":[10.0,14.5,10.25,14.75],"texture":"#2"}}},{"from":[7.55807,-2.76821,7.792],"to":[8.44127,-1.57251,8.208],"rotation":{"origin":[7.99967,-2.89036,8.0],"axis":"z","angle":45.0},"faces":{"north":{"uv":[4.0,12.625,3.5,12.0],"texture":"#2"},"east":{"uv":[2.75,14.625,2.5,14.0],"texture":"#2"},"south":{"uv":[6.5,12.625,6.0,12.0],"texture":"#2"},"west":{"uv":[14.25,2.125,14.0,1.5],"texture":"#2"},"up":{"uv":[14.0,10.25,14.5,10.0],"texture":"#2"},"down":{"uv":[10.0,14.0,10.5,14.25],"texture":"#2"}}},{"from":[6.0544,-1.59802,7.792],"to":[6.9376,1.03768,8.208],"rotation":{"origin":[8.096,-0.17192,8.03392],"axis":"z","angle":22.5},"faces":{"north":{"uv":[9.0,5.375,8.5,4.0],"texture":"#2"},"east":{"uv":[11.75,10.875,11.5,9.5],"texture":"#2"},"south":{"uv":[10.5,11.375,10.0,10.0],"texture":"#2"},"west":{"uv":[9.75,12.875,9.5,11.5],"texture":"#2"},"up":{"uv":[9.5,14.25,10.0,14.0],"texture":"#2"},"down":{"uv":[14.0,8.5,14.5,8.75],"texture":"#2"}}},{"from":[9.0624,-1.59802,7.792],"to":[9.9456,1.03768,8.208],"rotation":{"origin":[7.904,-0.17192,8.03392],"axis":"z","angle":-22.5},"faces":{"north":{"uv":[8.5,5.375,9.0,4.0],"texture":"#2"},"east":{"uv":[9.5,12.875,9.75,11.5],"texture":"#2"},"south":{"uv":[10.0,11.375,10.5,10.0],"texture":"#2"},"west":{"uv":[11.5,10.875,11.75,9.5],"texture":"#2"},"up":{"uv":[10.0,14.25,9.5,14.0],"texture":"#2"},"down":{"uv":[14.5,8.5,14.0,8.75],"texture":"#2"}}},{"from":[11.42417,0.94276,8.0484],"to":[12.30737,1.99716,8.9516],"rotation":{"origin":[11.00981,2.98758,8.5],"axis":"z","angle":-45.0},"faces":{"north":{"uv":[13.0,5.0,12.5,5.5],"texture":"#2","rotation":180},"east":{"uv":[14.25,12.0,14.0,12.5],"texture":"#2","rotation":180},"south":{"uv":[13.0,5.5,12.5,6.0],"texture":"#2","rotation":180},"west":{"uv":[12.75,14.0,12.5,14.5],"texture":"#2","rotation":180},"up":{"uv":[13.0,14.0,13.5,14.25],"texture":"#2","rotation":180},"down":{"uv":[14.0,12.75,14.5,12.5],"texture":"#2","rotation":180}}},{"from":[10.35204,1.38477,8.058],"to":[11.23524,4.89197,8.942],"rotation":{"origin":[11.00981,2.98758,8.5],"axis":"y","angle":0.0},"faces":{"north":{"uv":[6.0,9.0,5.5,10.75],"texture":"#2","rotation":180},"east":{"uv":[10.75,9.0,10.5,10.75],"texture":"#2","rotation":180},"south":{"uv":[6.5,9.0,6.0,10.75],"texture":"#2","rotation":180},"west":{"uv":[11.25,1.0,11.0,2.75],"texture":"#2","rotation":180},"up":{"uv":[8.5,14.0,9.0,14.25],"texture":"#2","rotation":180},"down":{"uv":[14.0,8.25,14.5,8.0],"texture":"#2","rotation":180}}},{"from":[10.14886,4.18543,8.0484],"to":[11.03206,5.23983,8.9516],"rotation":{"origin":[11.00981,3.98758,8.5],"axis":"z","angle":-45.0},"faces":{"north":{"uv":[13.0,6.0,12.5,6.5],"texture":"#2","rotation":180},"east":{"uv":[13.75,14.0,13.5,14.5],"texture":"#2","rotation":180},"south":{"uv":[7.0,12.5,6.5,13.0],"texture":"#2","rotation":180},"west":{"uv":[14.25,14.0,14.0,14.5],"texture":"#2","rotation":180},"up":{"uv":[14.5,0.0,15.0,0.25],"texture":"#2","rotation":180},"down":{"uv":[0.0,14.75,0.5,14.5],"texture":"#2","rotation":180}}},{"from":[10.83607,4.87236,8.055],"to":[11.91927,6.45956,8.945],"rotation":{"origin":[11.00981,3.98758,8.497],"axis":"y","angle":0.0},"faces":{"north":{"uv":[7.5,11.5,7.0,12.25],"texture":"#2","rotation":180},"east":{"uv":[13.75,5.0,13.5,5.75],"texture":"#2","rotation":180},"south":{"uv":[8.0,11.5,7.5,12.25],"texture":"#2","rotation":180},"west":{"uv":[13.75,6.0,13.5,6.75],"texture":"#2","rotation":180},"up":{"uv":[14.5,0.5,15.0,0.75],"texture":"#2","rotation":180},"down":{"uv":[0.5,14.75,1.0,14.5],"texture":"#2","rotation":180}}},{"from":[3.69263,0.94276,8.0484],"to":[4.57583,1.99716,8.9516],"rotation":{"origin":[4.99019,2.98758,8.5],"axis":"z","angle":45.0},"faces":{"north":{"uv":[12.5,5.0,13.0,5.5],"texture":"#2","rotation":180},"east":{"uv":[12.5,14.0,12.75,14.5],"texture":"#2","rotation":180},"south":{"uv":[12.5,5.5,13.0,6.0],"texture":"#2","rotation":180},"west":{"uv":[14.0,12.0,14.25,12.5],"texture":"#2","rotation":180},"up":{"uv":[13.5,14.0,13.0,14.25],"texture":"#2","rotation":180},"down":{"uv":[14.5,12.75,14.0,12.5],"texture":"#2","rotation":180}}},{"from":[4.76476,1.38477,8.058],"to":[5.64796,4.89197,8.942],"rotation":{"origin":[4.99019,2.98758,8.5],"axis":"y","angle":0.0},"faces":{"north":{"uv":[5.5,9.0,6.0,10.75],"texture":"#2","rotation":180},"east":{"uv":[11.0,1.0,11.25,2.75],"texture":"#2","rotation":180},"south":{"uv":[6.0,9.0,6.5,10.75],"texture":"#2","rotation":180},"west":{"uv":[10.5,9.0,10.75,10.75],"texture":"#2","rotation":180},"up":{"uv":[9.0,14.0,8.5,14.25],"texture":"#2","rotation":180},"down":{"uv":[14.5,8.25,14.0,8.0],"texture":"#2","rotation":180}}},{"from":[4.96794,4.18543,8.0484],"to":[5.85114,5.23983,8.9516],"rotation":{"origin":[4.99019,3.98758,8.5],"axis":"z","angle":45.0},"faces":{"north":{"uv":[12.5,6.0,13.0,6.5],"texture":"#2","rotation":180},"east":{"uv":[14.0,14.0,14.25,14.5],"texture":"#2","rotation":180},"south":{"uv":[6.5,12.5,7.0,13.0],"texture":"#2","rotation":180},"west":{"uv":[13.5,14.0,13.75,14.5],"texture":"#2","rotation":180},"up":{"uv":[15.0,0.0,14.5,0.25],"texture":"#2","rotation":180},"down":{"uv":[0.5,14.75,0.0,14.5],"texture":"#2","rotation":180}}},{"from":[4.08073,4.87236,8.055],"to":[5.16393,6.45956,8.945],"rotation":{"origin":[4.99019,3.98758,8.497],"axis":"y","angle":0.0},"faces":{"north":{"uv":[7.0,11.5,7.5,12.25],"texture":"#2","rotation":180},"east":{"uv":[13.5,6.0,13.75,6.75],"texture":"#2","rotation":180},"south":{"uv":[7.5,11.5,8.0,12.25],"texture":"#2","rotation":180},"west":{"uv":[13.5,5.0,13.75,5.75],"texture":"#2","rotation":180},"up":{"uv":[15.0,0.5,14.5,0.75],"texture":"#2","rotation":180},"down":{"uv":[1.0,14.75,0.5,14.5],"texture":"#2","rotation":180}}},{"from":[6.47732,-0.70935,7.11],"to":[7.11732,1.05065,8.39],"rotation":{"origin":[8.06553,2.30972,7.75],"axis":"z","angle":22.5},"faces":{"north":{"uv":[10.375,11.5,10.0,12.375],"texture":"#2"},"east":{"uv":[11.125,7.0,10.5,7.875],"texture":"#2"},"south":{"uv":[10.875,11.5,10.5,12.375],"texture":"#2"},"west":{"uv":[7.625,10.5,7.0,11.375],"texture":"#2"},"up":{"uv":[13.0,3.625,13.375,3.0],"texture":"#2"},"down":{"uv":[3.5,13.0,3.875,13.625],"texture":"#2"}}},{"from":[5.39634,7.75628,7.328],"to":[5.76114,8.12108,8.672],"rotation":{"origin":[7.93447,5.49028,8.0],"axis":"z","angle":-45.0},"faces":{"north":{"uv":[11.0,14.625,11.125,14.5],"texture":"#2"},"east":{"uv":[7.0,14.625,7.625,14.5],"texture":"#2"},"south":{"uv":[14.5,11.125,14.625,11.0],"texture":"#2"},"west":{"uv":[14.5,7.125,15.125,7.0],"texture":"#2"},"up":{"uv":[8.125,15.125,8.0,14.5],"texture":"#2"},"down":{"uv":[14.625,7.5,14.5,8.125],"texture":"#2"}}}],"textures":{"particle":"f47d081a-9be6-42eb-9c39-b9a80e69f7af","1":"f47d081a-9be6-42eb-9c39-b9a80e69f7af","2":"93ae10c9-5333-4bf7-82a5-6cae0cb681a4","3":"00de75c0-7083-4e70-84ad-901b52e74ee7"},"gui_light":"front"}