{"display":{"thirdperson_righthand":{"rotation":[12.0,0.0,0.0],"translation":[10.0,15.0,2.75]},"thirdperson_lefthand":{"rotation":[12.0,0.0,0.0],"translation":[-10.0,15.0,2.75]},"firstperson_righthand":{"rotation":[-28.0,0.0,0.0],"translation":[18.0,9.0,-18.0]},"firstperson_lefthand":{"rotation":[-28.0,0.0,0.0],"translation":[-2.0,9.0,-18.0]},"gui":{"rotation":[-90.0,139.0,82.0],"translation":[0.0043,0.6999,0.0],"scale":[0.3956,0.4652,0.5347]},"head":{"scale":[1.0E-4,1.0E-4,1.0E-4]},"ground":{"translation":[0.0,8.0,0.0],"scale":[0.5,0.5,0.5]},"fixed":{"rotation":[-90.0,45.0,90.0],"translation":[-2.0,0.0,-8.0],"scale":[0.75,0.75,0.75]}},"elements":[{"from":[-2.0,-12.5,9.0],"to":[-1.5,-9.0,10.5],"faces":{"north":{"uv":[1.5,9.0,2.0,12.5],"texture":"#1"},"south":{"uv":[14.0,9.0,14.5,12.5],"texture":"#1"},"west":{"uv":[9.0,9.0,10.5,12.5],"texture":"#1"},"east":{"uv":[5.5,9.0,7.0,12.5],"texture":"#1"}}},{"from":[-3.0,-15.0,9.0],"to":[-0.5,-13.5,10.5],"faces":{"down":{"uv":[13.0,5.5,15.5,7.0],"texture":"#1"},"up":{"uv":[13.0,9.0,15.5,10.5],"texture":"#1"},"north":{"uv":[0.5,13.5,3.0,15.0],"texture":"#1"},"south":{"uv":[13.0,13.5,15.5,15.0],"texture":"#1"},"west":{"uv":[9.0,13.5,10.5,15.0],"texture":"#1"},"east":{"uv":[5.5,13.5,7.0,15.0],"texture":"#1"}}},{"from":[-2.5,-15.5,8.5],"to":[-1.0,-15.0,11.0],"faces":{"down":{"uv":[13.5,5.0,15.0,7.5],"texture":"#0"},"north":{"uv":[1.0,15.0,2.5,15.5],"texture":"#0"},"south":{"uv":[13.5,15.0,15.0,15.5],"texture":"#0"},"west":{"uv":[8.5,15.0,11.0,15.5],"texture":"#0"},"east":{"uv":[5.0,15.0,7.5,15.5],"texture":"#0"}}},{"from":[-2.5,-15.0,8.0],"to":[-1.0,-13.5,11.5],"faces":{"down":{"uv":[13.5,4.5,15.0,8.0],"texture":"#0"},"up":{"uv":[13.5,8.0,15.0,11.5],"texture":"#0"},"north":{"uv":[1.0,13.5,2.5,15.0],"texture":"#0"},"south":{"uv":[13.5,13.5,15.0,15.0],"texture":"#0"},"west":{"uv":[8.0,13.5,11.5,15.0],"texture":"#0"},"east":{"uv":[4.5,13.5,8.0,15.0],"texture":"#0"}}},{"from":[-2.5,-13.5,8.5],"to":[-1.0,-12.5,11.0],"faces":{"up":{"uv":[13.5,8.5,15.0,11.0],"texture":"#0"},"north":{"uv":[1.0,12.5,2.5,13.5],"texture":"#0"},"south":{"uv":[13.5,12.5,15.0,13.5],"texture":"#0"},"west":{"uv":[8.5,12.5,11.0,13.5],"texture":"#0"},"east":{"uv":[5.0,12.5,7.5,13.5],"texture":"#0"}}},{"from":[-2.5,-16.0,9.0],"to":[-1.0,-15.5,10.5],"faces":{"down":{"uv":[13.5,5.5,15.0,7.0],"texture":"#0"},"north":{"uv":[1.0,15.5,2.5,16.0],"texture":"#0"},"south":{"uv":[13.5,15.5,15.0,16.0],"texture":"#0"},"west":{"uv":[9.0,15.5,10.5,16.0],"texture":"#0"},"east":{"uv":[5.5,15.5,7.0,16.0],"texture":"#0"}}},{"from":[-3.0,-13.5,9.5],"to":[-0.5,-13.0,10.0],"faces":{"up":{"uv":[13.0,9.5,15.5,10.0],"texture":"#1"},"north":{"uv":[0.5,13.0,3.0,13.5],"texture":"#1"},"south":{"uv":[13.0,13.0,15.5,13.5],"texture":"#1"},"west":{"uv":[9.5,13.0,10.0,13.5],"texture":"#1"},"east":{"uv":[6.0,13.0,6.5,13.5],"texture":"#1"}}},{"from":[-3.0,-15.5,9.5],"to":[-0.5,-15.0,10.0],"faces":{"down":{"uv":[13.0,6.0,15.5,6.5],"texture":"#1"},"north":{"uv":[0.5,15.0,3.0,15.5],"texture":"#1"},"south":{"uv":[13.0,15.0,15.5,15.5],"texture":"#1"},"west":{"uv":[9.5,15.0,10.0,15.5],"texture":"#1"},"east":{"uv":[6.0,15.0,6.5,15.5],"texture":"#1"}}},{"from":[-3.0,-12.0,9.0],"to":[-0.5,-11.0,10.5],"faces":{"down":{"uv":[13.0,5.5,15.5,7.0],"texture":"#1"},"up":{"uv":[13.0,9.0,15.5,10.5],"texture":"#1"},"north":{"uv":[0.5,11.0,3.0,12.0],"texture":"#1"},"south":{"uv":[13.0,11.0,15.5,12.0],"texture":"#1"},"west":{"uv":[9.0,11.0,10.5,12.0],"texture":"#1"},"east":{"uv":[5.5,11.0,7.0,12.0],"texture":"#1"}}},{"from":[-2.5,-2.5,13.0],"to":[-1.0,-2.0,15.5],"faces":{"up":{"uv":[13.5,13.0,15.0,15.5],"texture":"#0"},"north":{"uv":[1.0,2.0,2.5,2.5],"texture":"#0"},"south":{"uv":[13.5,2.0,15.0,2.5],"texture":"#0"},"west":{"uv":[13.0,2.0,15.5,2.5],"texture":"#0"},"east":{"uv":[0.5,2.0,3.0,2.5],"texture":"#0"}}},{"from":[-2.5,-12.5,9.5],"to":[-1.0,-9.0,10.0],"faces":{"north":{"uv":[1.0,9.0,2.5,12.5],"texture":"#1"},"south":{"uv":[13.5,9.0,15.0,12.5],"texture":"#1"},"west":{"uv":[9.5,9.0,10.0,12.5],"texture":"#1"},"east":{"uv":[6.0,9.0,6.5,12.5],"texture":"#1"}}},{"from":[-2.5,-12.0,8.5],"to":[-1.0,-11.0,11.0],"faces":{"down":{"uv":[13.5,5.0,15.0,7.5],"texture":"#1"},"up":{"uv":[13.5,8.5,15.0,11.0],"texture":"#1"},"north":{"uv":[1.0,11.0,2.5,12.0],"texture":"#1"},"south":{"uv":[13.5,11.0,15.0,12.0],"texture":"#1"},"west":{"uv":[8.5,11.0,11.0,12.0],"texture":"#1"},"east":{"uv":[5.0,11.0,7.5,12.0],"texture":"#1"}}},{"from":[-3.0,-2.0,14.5],"to":[-0.5,-1.5,15.5],"faces":{"down":{"uv":[13.0,0.5,15.5,1.5],"texture":"#0"},"up":{"uv":[13.0,14.5,15.5,15.5],"texture":"#0"},"north":{"uv":[0.5,1.5,3.0,2.0],"texture":"#0"},"south":{"uv":[13.0,1.5,15.5,2.0],"texture":"#0"},"west":{"uv":[14.5,1.5,15.5,2.0],"texture":"#0"},"east":{"uv":[0.5,1.5,1.5,2.0],"texture":"#0"}}},{"from":[-2.5,-5.5,8.0],"to":[-1.0,-5.0,11.5],"faces":{"down":{"uv":[13.5,4.5,15.0,8.0],"texture":"#0"},"north":{"uv":[1.0,5.0,2.5,5.5],"texture":"#0"},"south":{"uv":[13.5,5.0,15.0,5.5],"texture":"#0"},"west":{"uv":[8.0,5.0,11.5,5.5],"texture":"#0"},"east":{"uv":[4.5,5.0,8.0,5.5],"texture":"#0"}}},{"from":[-2.5,-6.0,8.5],"to":[-1.0,-5.5,11.0],"faces":{"down":{"uv":[13.5,5.0,15.0,7.5],"texture":"#0"},"north":{"uv":[1.0,5.5,2.5,6.0],"texture":"#0"},"south":{"uv":[13.5,5.5,15.0,6.0],"texture":"#0"},"west":{"uv":[8.5,5.5,11.0,6.0],"texture":"#0"},"east":{"uv":[5.0,5.5,7.5,6.0],"texture":"#0"}}},{"from":[-3.5,-3.5,11.0],"to":[0.0,-2.0,11.5],"faces":{"down":{"uv":[12.5,4.5,16.0,5.0],"texture":"#1"},"up":{"uv":[12.5,11.0,16.0,11.5],"texture":"#1"},"north":{"uv":[0.0,2.0,3.5,3.5],"texture":"#1"},"south":{"uv":[12.5,2.0,16.0,3.5],"texture":"#1"},"west":{"uv":[11.0,2.0,11.5,3.5],"texture":"#1"},"east":{"uv":[4.5,2.0,5.0,3.5],"texture":"#1"}}},{"from":[-3.0,-4.5,12.0],"to":[-0.5,-4.0,13.0],"faces":{"down":{"uv":[13.0,3.0,15.5,4.0],"texture":"#0"},"south":{"uv":[13.0,4.0,15.5,4.5],"texture":"#0"},"west":{"uv":[12.0,4.0,13.0,4.5],"texture":"#0"},"east":{"uv":[3.0,4.0,4.0,4.5],"texture":"#0"}}},{"from":[-3.0,-4.0,12.0],"to":[-0.5,-3.5,13.5],"faces":{"down":{"uv":[12.99999,2.5,15.49999,4.0],"texture":"#0"},"south":{"uv":[12.99999,3.5,15.49999,4.0],"texture":"#0"},"west":{"uv":[12.0,3.5,13.5,4.0],"texture":"#0"},"east":{"uv":[2.5,3.5,4.0,4.0],"texture":"#0"}}},{"from":[-3.0,-3.5,12.0],"to":[-0.5,-3.0,14.0],"faces":{"down":{"uv":[12.99999,2.0,15.49999,4.0],"texture":"#0"},"up":{"uv":[12.99999,12.0,15.49999,14.0],"texture":"#0"},"north":{"uv":[0.5000076,3.0,3.000008,3.5],"texture":"#0"},"south":{"uv":[12.99999,3.0,15.49999,3.5],"texture":"#0"},"west":{"uv":[12.0,3.0,14.0,3.5],"texture":"#0"},"east":{"uv":[2.0,3.0,4.0,3.5],"texture":"#0"}}},{"from":[-3.0,-3.0,13.0],"to":[-0.5,-2.5,15.0],"faces":{"down":{"uv":[13.0,1.0,15.5,3.0],"texture":"#0"},"up":{"uv":[13.0,13.0,15.5,15.0],"texture":"#0"},"north":{"uv":[0.5,2.5,3.0,3.0],"texture":"#0"},"south":{"uv":[13.0,2.5,15.5,3.0],"texture":"#0"},"west":{"uv":[13.0,2.5,15.0,3.0],"texture":"#0"},"east":{"uv":[1.0,2.5,3.0,3.0],"texture":"#0"}}},{"from":[-3.0,-2.5,13.5],"to":[-0.5,-2.0,15.0],"faces":{"up":{"uv":[13.0,13.5,15.5,15.0],"texture":"#0"},"north":{"uv":[0.5,2.0,3.0,2.5],"texture":"#0"},"south":{"uv":[13.0,2.0,15.5,2.5],"texture":"#0"},"west":{"uv":[13.5,2.0,15.0,2.5],"texture":"#0"},"east":{"uv":[1.0,2.0,2.5,2.5],"texture":"#0"}}},{"from":[-3.0,-1.0,14.5],"to":[-0.5,-0.5,15.0],"faces":{"down":{"uv":[13.0,1.0,15.5,1.5],"texture":"#0"},"up":{"uv":[13.0,14.5,15.5,15.0],"texture":"#0"},"north":{"uv":[0.5,0.5,3.0,1.0],"texture":"#0"},"south":{"uv":[13.0,0.5,15.5,1.0],"texture":"#0"},"west":{"uv":[14.5,0.5,15.0,1.0],"texture":"#0"},"east":{"uv":[1.0,0.5,1.5,1.0],"texture":"#0"}}},{"from":[-2.5,-5.0,6.5],"to":[-1.0,-4.5,13.0],"faces":{"down":{"uv":[13.5,3.0,15.0,9.5],"texture":"#0"},"north":{"uv":[1.0,4.5,2.5,5.0],"texture":"#0"},"south":{"uv":[13.5,4.5,15.0,5.0],"texture":"#0"},"west":{"uv":[6.5,4.5,13.0,5.0],"texture":"#0"},"east":{"uv":[3.0,4.5,9.5,5.0],"texture":"#0"}}},{"from":[-2.5,-4.5,13.0],"to":[-1.0,-4.0,13.5],"faces":{"down":{"uv":[13.49999,2.500001,14.99999,3.000001],"texture":"#0"},"south":{"uv":[13.49999,4.0,14.99999,4.5],"texture":"#0"},"west":{"uv":[13.0,4.0,13.5,4.5],"texture":"#0"},"east":{"uv":[2.500001,4.0,3.000001,4.5],"texture":"#0"}}},{"from":[-2.5,-4.0,13.5],"to":[-1.0,-3.5,14.0],"faces":{"down":{"uv":[13.49999,2.0,14.99999,2.5],"texture":"#0"},"south":{"uv":[13.49999,3.5,14.99999,4.0],"texture":"#0"},"west":{"uv":[13.5,3.5,14.0,4.0],"texture":"#0"},"east":{"uv":[2.0,3.5,2.5,4.0],"texture":"#0"}}},{"from":[-2.5,-0.5,14.5],"to":[-1.0,0.0,15.0],"faces":{"up":{"uv":[13.5,14.5,15.0,15.0],"texture":"#0"},"north":{"uv":[1.0,0.0,2.5,0.5],"texture":"#0"},"south":{"uv":[13.5,0.0,15.0,0.5],"texture":"#0"},"west":{"uv":[14.5,0.0,15.0,0.5],"texture":"#0"},"east":{"uv":[1.0,0.0,1.5,0.5],"texture":"#0"}}},{"from":[-2.5,-3.0,12.5],"to":[-1.0,-2.5,15.5],"faces":{"down":{"uv":[13.5,0.5,15.0,3.5],"texture":"#0"},"up":{"uv":[13.5,12.5,15.0,15.5],"texture":"#0"},"south":{"uv":[13.5,2.5,15.0,3.0],"texture":"#0"},"west":{"uv":[12.5,2.5,15.5,3.0],"texture":"#0"},"east":{"uv":[0.5,2.5,3.5,3.0],"texture":"#0"}}},{"from":[-3.0,-1.5,15.0],"to":[-0.5,-1.0,15.5],"faces":{"up":{"uv":[13.0,15.0,15.5,15.5],"texture":"#0"},"north":{"uv":[0.5,1.0,3.0,1.5],"texture":"#0"},"south":{"uv":[13.0,1.0,15.5,1.5],"texture":"#0"},"west":{"uv":[15.0,1.0,15.5,1.5],"texture":"#0"},"east":{"uv":[0.5,1.0,1.0,1.5],"texture":"#0"}}},{"from":[-3.0,-4.0,11.5],"to":[-0.5,-3.5,12.0],"faces":{"up":{"uv":[13.0,11.5,15.5,12.0],"texture":"#0"},"north":{"uv":[0.5,3.5,3.0,4.0],"texture":"#0"},"west":{"uv":[11.5,3.5,12.0,4.0],"texture":"#0"},"east":{"uv":[4.0,3.5,4.5,4.0],"texture":"#0"}}},{"from":[-2.5,-3.5,14.0],"to":[-1.0,-3.0,15.0],"faces":{"down":{"uv":[13.5,1.0,15.0,2.0],"texture":"#0"},"south":{"uv":[13.5,3.0,15.0,3.5],"texture":"#0"},"west":{"uv":[14.0,3.0,15.0,3.5],"texture":"#0"},"east":{"uv":[1.0,3.0,2.0,3.5],"texture":"#0"}}},{"from":[-2.5,-2.0,14.0],"to":[-1.0,-1.5,16.0],"faces":{"down":{"uv":[13.5,0.0,15.0,2.0],"texture":"#0"},"up":{"uv":[13.5,14.0,15.0,16.0],"texture":"#0"},"north":{"uv":[1.0,1.5,2.5,2.0],"texture":"#0"},"south":{"uv":[13.5,1.5,15.0,2.0],"texture":"#0"},"west":{"uv":[14.0,1.5,16.0,2.0],"texture":"#0"},"east":{"uv":[0.0,1.5,2.0,2.0],"texture":"#0"}}},{"from":[-2.5,-1.5,14.5],"to":[-1.0,-1.0,16.0],"faces":{"up":{"uv":[13.5,14.5,15.0,16.0],"texture":"#0"},"north":{"uv":[1.0,1.0,2.5,1.5],"texture":"#0"},"south":{"uv":[13.5,1.0,15.0,1.5],"texture":"#0"},"west":{"uv":[14.5,1.0,16.0,1.5],"texture":"#0"},"east":{"uv":[0.0,1.0,1.5,1.5],"texture":"#0"}}},{"from":[-2.5,-1.0,14.0],"to":[-1.0,-0.5,15.5],"faces":{"down":{"uv":[13.5,0.5,15.0,2.0],"texture":"#0"},"up":{"uv":[13.5,14.0,15.0,15.5],"texture":"#0"},"north":{"uv":[1.0,0.5,2.5,1.0],"texture":"#0"},"south":{"uv":[13.5,0.5,15.0,1.0],"texture":"#0"},"west":{"uv":[14.0,0.5,15.5,1.0],"texture":"#0"},"east":{"uv":[0.5,0.5,2.0,1.0],"texture":"#0"}}},{"from":[-3.0,-4.5,6.5],"to":[-0.5,-4.0,7.5],"faces":{"down":{"uv":[13.0,8.5,15.5,9.5],"texture":"#0"},"north":{"uv":[0.5,4.0,3.0,4.5],"texture":"#0"},"west":{"uv":[6.5,4.0,7.5,4.5],"texture":"#0"},"east":{"uv":[8.5,4.0,9.5,4.5],"texture":"#0"}}},{"from":[-3.0,-1.0,4.5],"to":[-0.5,-0.5,5.0],"faces":{"down":{"uv":[13.0,11.0,15.5,11.5],"texture":"#0"},"up":{"uv":[13.0,4.5,15.5,5.0],"texture":"#0"},"north":{"uv":[0.5,0.5,3.0,1.0],"texture":"#0"},"south":{"uv":[13.0,0.5,15.5,1.0],"texture":"#0"},"west":{"uv":[4.5,0.5,5.0,1.0],"texture":"#0"},"east":{"uv":[11.0,0.5,11.5,1.0],"texture":"#0"}}},{"from":[-2.5,-0.5,4.5],"to":[-1.0,0.0,5.0],"faces":{"up":{"uv":[13.5,4.5,15.0,5.0],"texture":"#0"},"north":{"uv":[1.0,0.0,2.5,0.5],"texture":"#0"},"south":{"uv":[13.5,0.0,15.0,0.5],"texture":"#0"},"west":{"uv":[4.5,0.0,5.0,0.5],"texture":"#0"},"east":{"uv":[11.0,0.0,11.5,0.5],"texture":"#0"}}},{"from":[-3.0,-1.5,4.0],"to":[-0.5,-1.0,4.5],"faces":{"up":{"uv":[13.0,4.0,15.5,4.5],"texture":"#0"},"north":{"uv":[0.5,1.0,3.0,1.5],"texture":"#0"},"south":{"uv":[13.0,1.0,15.5,1.5],"texture":"#0"},"west":{"uv":[4.0,1.0,4.5,1.5],"texture":"#0"},"east":{"uv":[11.5,1.0,12.0,1.5],"texture":"#0"}}},{"from":[-2.5,-1.5,3.5],"to":[-1.0,-1.0,5.0],"faces":{"up":{"uv":[13.5,3.5,15.0,5.0],"texture":"#0"},"north":{"uv":[1.0,1.0,2.5,1.5],"texture":"#0"},"south":{"uv":[13.5,1.0,15.0,1.5],"texture":"#0"},"west":{"uv":[3.5,1.0,5.0,1.5],"texture":"#0"},"east":{"uv":[11.0,1.0,12.5,1.5],"texture":"#0"}}},{"from":[-2.5,-1.0,4.0],"to":[-1.0,-0.5,5.5],"faces":{"down":{"uv":[13.5,10.5,15.0,12.0],"texture":"#0"},"up":{"uv":[13.5,4.0,15.0,5.5],"texture":"#0"},"north":{"uv":[1.0,0.5,2.5,1.0],"texture":"#0"},"south":{"uv":[13.5,0.5,15.0,1.0],"texture":"#0"},"west":{"uv":[4.0,0.5,5.5,1.0],"texture":"#0"},"east":{"uv":[10.5,0.5,12.0,1.0],"texture":"#0"}}},{"from":[-3.0,-2.0,4.0],"to":[-0.5,-1.5,5.0],"faces":{"down":{"uv":[13.0,11.0,15.5,12.0],"texture":"#0"},"up":{"uv":[13.0,4.0,15.5,5.0],"texture":"#0"},"north":{"uv":[0.5,1.5,3.0,2.0],"texture":"#0"},"south":{"uv":[13.0,1.5,15.5,2.0],"texture":"#0"},"west":{"uv":[4.0,1.5,5.0,2.0],"texture":"#0"},"east":{"uv":[11.0,1.5,12.0,2.0],"texture":"#0"}}},{"from":[-2.5,-2.0,3.5],"to":[-1.0,-1.5,6.0],"faces":{"down":{"uv":[13.5,10.0,15.0,12.5],"texture":"#0"},"up":{"uv":[13.5,3.5,15.0,6.0],"texture":"#0"},"north":{"uv":[1.0,1.5,2.5,2.0],"texture":"#0"},"south":{"uv":[13.5,1.5,15.0,2.0],"texture":"#0"},"west":{"uv":[3.5,1.5,6.0,2.0],"texture":"#0"},"east":{"uv":[10.0,1.5,12.5,2.0],"texture":"#0"}}},{"from":[-2.5,-2.5,4.0],"to":[-1.0,-2.0,6.5],"faces":{"up":{"uv":[13.5,4.0,15.0,6.5],"texture":"#0"},"north":{"uv":[1.0,2.0,2.5,2.5],"texture":"#0"},"south":{"uv":[13.5,2.0,15.0,2.5],"texture":"#0"},"west":{"uv":[4.0,2.0,6.5,2.5],"texture":"#0"},"east":{"uv":[9.5,2.0,12.0,2.5],"texture":"#0"}}},{"from":[-3.0,-2.5,4.5],"to":[-0.5,-2.0,5.5],"faces":{"up":{"uv":[13.0,4.5,15.5,5.5],"texture":"#0"},"north":{"uv":[0.5,2.0,3.0,2.5],"texture":"#0"},"south":{"uv":[13.0,2.0,15.5,2.5],"texture":"#0"},"west":{"uv":[4.5,2.0,5.5,2.5],"texture":"#0"},"east":{"uv":[10.5,2.0,11.5,2.5],"texture":"#0"}}},{"from":[-3.0,-3.0,4.5],"to":[-0.5,-2.5,6.5],"faces":{"down":{"uv":[13.0,9.5,15.5,11.5],"texture":"#0"},"up":{"uv":[13.0,4.5,15.5,6.5],"texture":"#0"},"north":{"uv":[0.5,2.5,3.0,3.0],"texture":"#0"},"south":{"uv":[13.0,2.5,15.5,3.0],"texture":"#0"},"west":{"uv":[4.5,2.5,6.5,3.0],"texture":"#0"},"east":{"uv":[9.5,2.5,11.5,3.0],"texture":"#0"}}},{"from":[-2.5,-3.0,4.0],"to":[-1.0,-2.5,7.0],"faces":{"down":{"uv":[13.5,9.0,15.0,12.0],"texture":"#0"},"up":{"uv":[13.5,4.0,15.0,7.0],"texture":"#0"},"north":{"uv":[1.0,2.5,2.5,3.0],"texture":"#0"},"west":{"uv":[4.0,2.5,7.0,3.0],"texture":"#0"},"east":{"uv":[9.0,2.5,12.0,3.0],"texture":"#0"}}},{"from":[-3.0,-3.5,5.5],"to":[-0.5,-3.0,7.5],"faces":{"down":{"uv":[13.0,8.5,15.5,10.5],"texture":"#0"},"up":{"uv":[13.0,5.5,15.5,7.5],"texture":"#0"},"north":{"uv":[0.5,3.0,3.0,3.5],"texture":"#0"},"south":{"uv":[13.0,3.0,15.5,3.5],"texture":"#0"},"west":{"uv":[5.5,3.0,7.5,3.5],"texture":"#0"},"east":{"uv":[8.5,3.0,10.5,3.5],"texture":"#0"}}},{"from":[-2.5,-3.5,4.5],"to":[-1.0,-3.0,5.5],"faces":{"down":{"uv":[13.5,10.5,15.0,11.5],"texture":"#0"},"north":{"uv":[1.0,3.0,2.5,3.5],"texture":"#0"},"west":{"uv":[4.5,3.0,5.5,3.5],"texture":"#0"},"east":{"uv":[10.5,3.0,11.5,3.5],"texture":"#0"}}},{"from":[-3.0,-4.0,6.0],"to":[-0.5,-3.5,7.5],"faces":{"down":{"uv":[13.0,8.5,15.5,10.0],"texture":"#0"},"north":{"uv":[0.5,3.5,3.0,4.0],"texture":"#0"},"west":{"uv":[6.0,3.5,7.5,4.0],"texture":"#0"},"east":{"uv":[8.5,3.5,10.0,4.0],"texture":"#0"}}},{"from":[-2.5,-4.0,5.5],"to":[-1.0,-3.5,6.0],"faces":{"down":{"uv":[13.5,10.0,15.0,10.5],"texture":"#0"},"north":{"uv":[1.0,3.5,2.5,4.0],"texture":"#0"},"west":{"uv":[5.5,3.5,6.0,4.0],"texture":"#0"},"east":{"uv":[10.0,3.5,10.5,4.0],"texture":"#0"}}},{"from":[-2.5,-4.5,6.0],"to":[-1.0,-4.0,6.5],"faces":{"down":{"uv":[13.5,9.5,15.0,10.0],"texture":"#0"},"north":{"uv":[1.0,4.0,2.5,4.5],"texture":"#0"},"west":{"uv":[6.0,4.0,6.5,4.5],"texture":"#0"},"east":{"uv":[9.5,4.0,10.0,4.5],"texture":"#0"}}},{"from":[-3.0,-3.0,12.0],"to":[-0.5,-2.0,12.5],"faces":{"up":{"uv":[13.0,12.0,15.5,12.5],"texture":"#0"},"north":{"uv":[0.5,2.0,3.0,3.0],"texture":"#0"},"south":{"uv":[13.0,2.0,15.5,3.0],"texture":"#0"},"west":{"uv":[12.0,2.0,12.5,3.0],"texture":"#0"},"east":{"uv":[3.5,2.0,4.0,3.0],"texture":"#0"}}},{"from":[-2.5,-2.0,8.0],"to":[-1.0,-1.5,11.5],"faces":{"west":{"uv":[8.0,1.5,11.5,2.0],"texture":"#0"},"east":{"uv":[4.5,1.5,8.0,2.0],"texture":"#0"}}},{"from":[-3.0,-5.0,8.5],"to":[-0.5,-4.5,11.0],"faces":{"down":{"uv":[13.0,5.0,15.5,7.5],"texture":"#0"},"north":{"uv":[0.5,4.5,3.0,5.0],"texture":"#0"},"south":{"uv":[13.0,4.5,15.5,5.0],"texture":"#0"},"west":{"uv":[8.5,4.5,11.0,5.0],"texture":"#0"},"east":{"uv":[5.0,4.5,7.5,5.0],"texture":"#0"}}},{"from":[-3.5,-2.0,8.5],"to":[0.0,-1.5,11.0],"faces":{"down":{"uv":[12.5,5.0,16.0,7.5],"texture":"#1"},"up":{"uv":[12.5,8.5,16.0,11.0],"texture":"#1"},"north":{"uv":[0.0,1.5,3.5,2.0],"texture":"#1"},"south":{"uv":[12.5,1.5,16.0,2.0],"texture":"#1"},"west":{"uv":[8.5,1.5,11.0,2.0],"texture":"#1"},"east":{"uv":[5.0,1.5,7.5,2.0],"texture":"#1"}}},{"from":[-3.5,-3.5,8.0],"to":[0.0,-2.0,8.5],"faces":{"down":{"uv":[12.5,7.5,16.0,8.0],"texture":"#1"},"up":{"uv":[12.5,8.0,16.0,8.5],"texture":"#1"},"north":{"uv":[0.0,2.0,3.5,3.5],"texture":"#1"},"south":{"uv":[12.5,2.0,16.0,3.5],"texture":"#1"},"west":{"uv":[8.0,2.0,8.5,3.5],"texture":"#1"},"east":{"uv":[7.5,2.0,8.0,3.5],"texture":"#1"}}},{"from":[-3.5,-4.0,8.5],"to":[0.0,-3.5,11.0],"faces":{"down":{"uv":[12.5,5.0,16.0,7.5],"texture":"#1"},"up":{"uv":[12.5,8.5,16.0,11.0],"texture":"#1"},"north":{"uv":[0.0,3.5,3.5,4.0],"texture":"#1"},"south":{"uv":[12.5,3.5,16.0,4.0],"texture":"#1"},"west":{"uv":[8.5,3.5,11.0,4.0],"texture":"#1"},"east":{"uv":[5.0,3.5,7.5,4.0],"texture":"#1"}}},{"from":[-3.0,-2.0,7.5],"to":[-0.5,-1.5,8.0],"faces":{"down":{"uv":[13.0,8.0,15.5,8.5],"texture":"#0"},"up":{"uv":[13.0,7.5,15.5,8.0],"texture":"#0"},"north":{"uv":[0.5,1.5,3.0,2.0],"texture":"#0"},"south":{"uv":[13.0,1.5,15.5,2.0],"texture":"#0"},"west":{"uv":[7.5,1.5,8.0,2.0],"texture":"#0"},"east":{"uv":[8.0,1.5,8.5,2.0],"texture":"#0"}}},{"from":[-3.0,-2.0,11.5],"to":[-0.5,-1.5,12.0],"faces":{"down":{"uv":[13.0,4.0,15.5,4.5],"texture":"#0"},"up":{"uv":[13.0,11.5,15.5,12.0],"texture":"#0"},"north":{"uv":[0.5,1.5,3.0,2.0],"texture":"#0"},"south":{"uv":[13.0,1.5,15.5,2.0],"texture":"#0"},"west":{"uv":[11.5,1.5,12.0,2.0],"texture":"#0"},"east":{"uv":[4.0,1.5,4.5,2.0],"texture":"#0"}}},{"from":[-2.5,-4.0,8.0],"to":[-1.0,-3.5,11.5],"faces":{"west":{"uv":[8.0,3.5,11.5,4.0],"texture":"#0"},"east":{"uv":[4.5,3.5,8.0,4.0],"texture":"#0"}}},{"from":[-3.0,-3.0,7.0],"to":[-0.5,-2.0,7.5],"faces":{"up":{"uv":[13.0,7.0,15.5,7.5],"texture":"#0"},"north":{"uv":[0.5,2.0,3.0,3.0],"texture":"#0"},"south":{"uv":[13.0,2.0,15.5,3.0],"texture":"#0"},"west":{"uv":[7.0,2.0,7.5,3.0],"texture":"#0"},"east":{"uv":[8.5,2.0,9.0,3.0],"texture":"#0"}}},{"from":[-2.5,-3.5,11.5],"to":[-1.0,-2.0,12.0],"faces":{"south":{"uv":[13.5,2.0,15.0,3.5],"texture":"#0"},"west":{"uv":[11.5,2.0,12.0,3.5],"texture":"#0"},"east":{"uv":[4.0,2.0,4.5,3.5],"texture":"#0"}}},{"from":[-3.0,-4.5,7.5],"to":[-0.5,-4.0,12.0],"faces":{"down":{"uv":[13.0,4.0,15.5,8.5],"texture":"#0"},"up":{"uv":[13.0,7.5,15.5,12.0],"texture":"#0"},"west":{"uv":[7.5,4.0,12.0,4.5],"texture":"#0"},"east":{"uv":[4.0,4.0,8.5,4.5],"texture":"#0"}}},{"from":[-3.0,-4.0,7.5],"to":[-0.5,-3.5,8.0],"faces":{"up":{"uv":[13.0,7.5,15.5,8.0],"texture":"#0"},"south":{"uv":[13.0,3.5,15.5,4.0],"texture":"#0"},"west":{"uv":[7.5,3.5,8.0,4.0],"texture":"#0"},"east":{"uv":[8.0,3.5,8.5,4.0],"texture":"#0"}}},{"from":[-3.0,-3.5,8.5],"to":[-0.5,-2.0,11.0],"faces":{"west":{"uv":[8.5,2.0,11.0,3.5],"texture":"#0"},"east":{"uv":[5.0,2.0,7.5,3.5],"texture":"#0"}}},{"from":[-2.5,-3.5,7.5],"to":[-1.0,-2.0,8.0],"faces":{"north":{"uv":[1.0,2.0,2.5,3.5],"texture":"#0"},"west":{"uv":[7.5,2.0,8.0,3.5],"texture":"#0"},"east":{"uv":[8.0,2.0,8.5,3.5],"texture":"#0"}}},{"from":[-3.0,-1.5,8.0],"to":[-0.5,-1.0,11.5],"faces":{"down":{"uv":[13.0,4.5,15.5,8.0],"texture":"#0"},"up":{"uv":[13.0,8.0,15.5,11.5],"texture":"#0"},"north":{"uv":[0.5,1.0,3.0,1.5],"texture":"#0"},"south":{"uv":[13.0,1.0,15.5,1.5],"texture":"#0"},"west":{"uv":[8.0,1.0,11.5,1.5],"texture":"#0"},"east":{"uv":[4.5,1.0,8.0,1.5],"texture":"#0"}}},{"from":[-2.5,20.5,10.5],"to":[-1.0,23.0,11.5],"faces":{"up":{"uv":[13.5,10.0,15.0,11.0],"texture":"#2"},"north":{"uv":[1.0,2.5,2.5,5.0],"texture":"#2"},"south":{"uv":[13.5,2.5,15.0,5.0],"texture":"#2"},"west":{"uv":[10.0,2.5,11.0,5.0],"texture":"#2"},"east":{"uv":[5.0,2.5,6.0,5.0],"texture":"#2"}}},{"from":[-2.5,23.0,10.5],"to":[-1.0,24.5,11.0],"faces":{"up":{"uv":[13.5,10.0,15.0,10.5],"texture":"#2"},"north":{"uv":[1.0,1.0,2.5,2.5],"texture":"#2"},"south":{"uv":[13.5,1.0,15.0,2.5],"texture":"#2"},"west":{"uv":[10.0,1.0,10.5,2.5],"texture":"#2"},"east":{"uv":[5.5,1.0,6.0,2.5],"texture":"#2"}}},{"from":[-2.5,18.5,10.5],"to":[-1.0,20.5,12.0],"faces":{"up":{"uv":[13.5,10.0,15.0,11.5],"texture":"#2"},"north":{"uv":[0.9999981,5.0,2.499998,7.0],"texture":"#2"},"south":{"uv":[13.5,5.0,15.0,7.0],"texture":"#2"},"west":{"uv":[10.0,5.0,11.5,7.0],"texture":"#2"},"east":{"uv":[4.5,5.0,6.0,7.0],"texture":"#2"}}},{"from":[-2.5,16.0,10.5],"to":[-1.0,18.5,12.5],"faces":{"down":{"uv":[13.5,4.0,15.0,6.0],"texture":"#2"},"up":{"uv":[13.5,10.0,15.0,12.0],"texture":"#2"},"north":{"uv":[1.0,7.0,2.5,9.5],"texture":"#2"},"south":{"uv":[13.5,7.0,15.0,9.5],"texture":"#2"},"west":{"uv":[10.0,7.0,12.0,9.5],"texture":"#2"},"east":{"uv":[4.0,7.0,6.0,9.5],"texture":"#2"}}},{"from":[-2.5,6.5,10.5],"to":[-1.0,16.0,12.0],"faces":{"north":{"uv":[0.9999981,0.0,2.499998,9.5],"texture":"#2"},"south":{"uv":[13.5,0.0,15.0,9.5],"texture":"#2"},"west":{"uv":[10.0,0.0,11.5,9.5],"texture":"#2"},"east":{"uv":[4.5,0.0,6.0,9.5],"texture":"#2"}}},{"from":[-2.5,3.0,12.0],"to":[-1.0,3.5,12.5],"faces":{"west":{"uv":[11.5,12.5,12.0,13.0],"texture":"#2"},"east":{"uv":[4.0,12.5,4.5,13.0],"texture":"#2"}}},{"from":[-2.5,3.5,13.0],"to":[-1.0,4.0,13.5],"faces":{"up":{"uv":[13.5,12.5,15.0,13.0],"texture":"#2"},"north":{"uv":[0.9999962,12.0,2.499996,12.5],"texture":"#2"},"south":{"uv":[13.5,12.0,15.0,12.5],"texture":"#2"},"west":{"uv":[12.5,12.0,13.0,12.5],"texture":"#2"},"east":{"uv":[2.999997,12.0,3.499997,12.5],"texture":"#2"}}},{"from":[-2.5,3.5,12.0],"to":[-1.0,6.5,12.5],"faces":{"up":{"uv":[13.5,11.5,15.0,12.0],"texture":"#2"},"south":{"uv":[13.5,9.5,15.0,12.5],"texture":"#2"},"west":{"uv":[11.5,9.5,12.0,12.5],"texture":"#2"},"east":{"uv":[4.0,9.5,4.5,12.5],"texture":"#2"}}},{"from":[-2.5,2.5,10.5],"to":[-1.0,6.5,12.0],"faces":{"north":{"uv":[0.9999981,9.5,2.499998,13.5],"texture":"#2"},"south":{"uv":[13.5,9.5,15.0,13.5],"texture":"#2"},"west":{"uv":[10.0,9.5,11.5,13.5],"texture":"#2"},"east":{"uv":[4.5,9.5,6.0,13.5],"texture":"#2"}}},{"from":[-2.5,3.0,12.5],"to":[-1.0,3.5,14.0],"faces":{"up":{"uv":[13.5,12.0,15.0,13.5],"texture":"#2"},"south":{"uv":[13.5,12.5,15.0,13.0],"texture":"#2"},"west":{"uv":[12.0,12.5,13.5,13.0],"texture":"#2"},"east":{"uv":[2.5,12.5,4.0,13.0],"texture":"#2"}}},{"from":[-2.5,2.5,12.0],"to":[-1.0,3.0,14.0],"faces":{"down":{"uv":[13.50001,2.499998,15.00001,4.499998],"texture":"#2"},"up":{"uv":[13.50001,11.5,15.00001,13.5],"texture":"#2"},"south":{"uv":[13.50001,13.0,15.00001,13.5],"texture":"#2"},"west":{"uv":[11.5,13.0,13.5,13.5],"texture":"#2"},"east":{"uv":[2.499998,13.0,4.499998,13.5],"texture":"#2"}}},{"from":[-2.5,2.0,10.0],"to":[-1.0,2.5,13.0],"faces":{"down":{"uv":[13.5,3.0,15.0,6.0],"texture":"#2"},"north":{"uv":[1.0,13.5,2.5,14.0],"texture":"#2"},"south":{"uv":[13.5,13.5,15.0,14.0],"texture":"#2"},"west":{"texture":"#2"},"east":{"texture":"#2"}}},{"from":[-2.0,4.0,13.0],"to":[-1.5,4.5,13.5],"faces":{"up":{"uv":[14.0,12.5,14.5,13.0],"texture":"#2"},"south":{"uv":[14.0,11.5,14.5,12.0],"texture":"#2"},"west":{"uv":[12.5,11.5,13.0,12.0],"texture":"#2"},"east":{"uv":[2.999997,11.5,3.499997,12.0],"texture":"#2"}}},{"from":[-2.5,-1.0,9.0],"to":[-1.0,0.5,10.5],"faces":{"north":{"uv":[13.5,5.5,15.0,7.0],"texture":"#0"},"south":{"uv":[13.5,5.5,15.0,7.0],"texture":"#0"},"west":{"uv":[13.5,5.5,15.0,7.0],"texture":"#0"},"east":{"uv":[13.5,5.5,15.0,7.0],"texture":"#0"}}},{"from":[-2.0,-1.0,8.5],"to":[-1.5,0.5,11.0],"faces":{"north":{"uv":[1.5,15.5,2.0,16.0],"texture":"#2"},"south":{"uv":[14.0,15.5,14.5,16.0],"texture":"#2"},"west":{"uv":[6.5,8.0,9.0,9.5],"texture":"#2"},"east":{"uv":[6.5,8.0,9.0,9.5],"texture":"#2"}}},{"from":[-2.0,0.5,8.0],"to":[-1.5,1.0,11.5],"faces":{"down":{"uv":[14.0,4.5,14.5,8.0],"texture":"#2"},"north":{"uv":[1.5,15.0,2.0,15.5],"texture":"#2"},"south":{"uv":[14.0,15.0,14.5,15.5],"texture":"#2"},"west":{"texture":"#2"},"east":{"texture":"#2"}}},{"from":[-2.0,1.0,7.5],"to":[-1.5,1.5,12.0],"faces":{"down":{"uv":[14.0,4.0,14.5,8.5],"texture":"#2"},"north":{"uv":[1.5,14.5,2.0,15.0],"texture":"#2"},"south":{"uv":[14.0,14.5,14.5,15.0],"texture":"#2"},"west":{"texture":"#2"},"east":{"texture":"#2"}}},{"from":[-2.0,1.5,6.5],"to":[-1.5,2.0,13.0],"faces":{"down":{"uv":[14.0,3.0,14.5,9.5],"texture":"#2"},"north":{"uv":[1.5,14.0,2.0,14.5],"texture":"#2"},"south":{"uv":[14.0,14.0,14.5,14.5],"texture":"#2"},"west":{"texture":"#2"},"east":{"texture":"#2"}}},{"from":[-2.0,2.0,6.0],"to":[-1.5,2.5,6.5],"faces":{"down":{"uv":[14.0,9.5,14.5,10.0],"texture":"#2"},"north":{"uv":[1.5,13.5,2.0,14.0],"texture":"#2"},"west":{"texture":"#2"},"east":{"texture":"#2"}}},{"from":[-2.0,2.0,13.0],"to":[-1.5,2.5,13.5],"faces":{"down":{"uv":[14.0,2.5,14.5,3.0],"texture":"#2"},"south":{"uv":[14.0,13.5,14.5,14.0],"texture":"#2"},"west":{"texture":"#2"},"east":{"texture":"#2"}}},{"from":[-2.0,2.5,14.0],"to":[-1.5,3.5,14.5],"faces":{"down":{"uv":[14.00001,1.999992,14.50001,2.499992],"texture":"#2"},"up":{"uv":[14.00001,13.50001,14.50001,14.00001],"texture":"#2"},"north":{"uv":[1.499994,12.5,1.999994,13.5],"texture":"#2"},"south":{"uv":[14.00001,12.5,14.50001,13.5],"texture":"#2"},"west":{"uv":[13.50001,12.5,14.00001,13.5],"texture":"#2"},"east":{"uv":[1.999992,12.5,2.499992,13.5],"texture":"#2"}}},{"from":[-2.0,6.5,12.0],"to":[-1.5,16.0,12.5],"faces":{"south":{"uv":[14.0,0.0,14.5,9.5],"texture":"#2"},"west":{"uv":[11.5,0.0,12.0,9.5],"texture":"#2"},"east":{"uv":[3.999999,0.0,4.499999,9.5],"texture":"#2"}}},{"from":[-2.0,3.5,12.5],"to":[-1.5,4.0,14.0],"faces":{"up":{"uv":[14.0,12.0,14.5,13.5],"texture":"#2"},"south":{"uv":[14.0,12.0,14.5,12.5],"texture":"#2"},"west":{"uv":[12.0,12.0,13.5,12.5],"texture":"#2"},"east":{"uv":[2.499999,12.0,3.999999,12.5],"texture":"#2"}}},{"from":[-2.0,24.5,10.5],"to":[-1.5,25.0,11.0],"faces":{"up":{"uv":[14.0,10.0,14.5,10.5],"texture":"#2"},"north":{"uv":[1.500002,0.5,2.000002,1.0],"texture":"#2"},"south":{"uv":[14.0,0.5,14.5,1.0],"texture":"#2"},"west":{"uv":[10.0,0.5,10.5,1.0],"texture":"#2"},"east":{"uv":[5.5,0.5,6.0,1.0],"texture":"#2"}}},{"from":[-2.0,4.0,12.5],"to":[-1.5,6.5,13.0],"faces":{"up":{"uv":[14.0,12.0,14.5,12.5],"texture":"#2"},"south":{"uv":[14.0,9.5,14.5,12.0],"texture":"#2"},"west":{"uv":[12.0,9.5,12.5,12.0],"texture":"#2"},"east":{"uv":[3.5,9.5,4.0,12.0],"texture":"#2"}}},{"from":[-2.0,16.0,12.5],"to":[-1.5,18.5,13.0],"faces":{"down":{"uv":[14.0,3.5,14.5,4.0],"texture":"#2"},"up":{"uv":[14.0,12.0,14.5,12.5],"texture":"#2"},"south":{"uv":[14.0,7.0,14.5,9.5],"texture":"#2"},"west":{"uv":[12.0,7.0,12.5,9.5],"texture":"#2"},"east":{"uv":[3.5,7.0,4.0,9.5],"texture":"#2"}}},{"from":[-2.0,18.5,12.0],"to":[-1.5,20.5,12.5],"faces":{"up":{"uv":[14.0,11.5,14.5,12.0],"texture":"#2"},"south":{"uv":[14.0,5.0,14.5,7.0],"texture":"#2"},"west":{"uv":[11.5,5.0,12.0,7.0],"texture":"#2"},"east":{"uv":[3.999999,5.0,4.499999,7.0],"texture":"#2"}}},{"from":[-2.0,20.5,11.5],"to":[-1.5,23.0,12.0],"faces":{"up":{"uv":[14.0,11.0,14.5,11.5],"texture":"#2"},"south":{"uv":[14.0,2.5,14.5,5.0],"texture":"#2"},"west":{"uv":[11.0,2.5,11.5,5.0],"texture":"#2"},"east":{"uv":[4.5,2.5,5.0,5.0],"texture":"#2"}}},{"from":[-2.0,23.0,11.0],"to":[-1.5,24.5,11.5],"faces":{"up":{"uv":[14.0,10.5,14.5,11.0],"texture":"#2"},"south":{"uv":[14.0,1.0,14.5,2.5],"texture":"#2"},"west":{"uv":[10.5,1.0,11.0,2.5],"texture":"#2"},"east":{"uv":[5.0,1.0,5.5,2.5],"texture":"#2"}}},{"from":[-2.5,23.0,8.5],"to":[-1.0,24.5,9.0],"faces":{"up":{"uv":[13.5,9.0,15.0,9.5],"texture":"#2"},"north":{"uv":[1.0,1.0,2.5,2.5],"texture":"#2"},"south":{"uv":[13.5,1.0,15.0,2.5],"texture":"#2"},"west":{"uv":[9.0,1.0,9.5,2.5],"texture":"#2"},"east":{"uv":[6.5,1.0,7.0,2.5],"texture":"#2"}}},{"from":[-2.0,24.5,8.5],"to":[-1.5,25.0,9.0],"faces":{"up":{"uv":[14.0,9.0,14.5,9.5],"texture":"#2"},"north":{"uv":[1.5,0.5,2.0,1.0],"texture":"#2"},"south":{"uv":[14.0,0.5,14.5,1.0],"texture":"#2"},"west":{"uv":[9.0,0.5,9.5,1.0],"texture":"#2"},"east":{"uv":[6.5,0.5,7.0,1.0],"texture":"#2"}}},{"from":[-2.0,23.0,8.0],"to":[-1.5,24.5,8.5],"faces":{"up":{"uv":[14.0,8.5,14.5,9.0],"texture":"#2"},"north":{"uv":[1.5,1.0,2.0,2.5],"texture":"#2"},"west":{"uv":[8.5,1.0,9.0,2.5],"texture":"#2"},"east":{"uv":[7.0,1.0,7.5,2.5],"texture":"#2"}}},{"from":[-2.5,20.5,8.0],"to":[-1.0,23.0,9.0],"faces":{"up":{"uv":[13.5,8.5,15.0,9.5],"texture":"#2"},"north":{"uv":[1.0,2.5,2.5,5.0],"texture":"#2"},"south":{"uv":[13.5,2.5,15.0,5.0],"texture":"#2"},"west":{"uv":[8.5,2.5,9.5,5.0],"texture":"#2"},"east":{"uv":[6.5,2.5,7.5,5.0],"texture":"#2"}}},{"from":[-2.5,18.5,7.5],"to":[-1.0,20.5,9.0],"faces":{"up":{"uv":[13.5,8.0,15.0,9.5],"texture":"#2"},"north":{"uv":[1.0,5.0,2.5,7.0],"texture":"#2"},"south":{"uv":[13.5,5.0,15.0,7.0],"texture":"#2"},"west":{"uv":[8.0,5.0,9.5,7.0],"texture":"#2"},"east":{"uv":[6.5,5.0,8.0,7.0],"texture":"#2"}}},{"from":[-2.0,18.5,7.0],"to":[-1.5,20.5,7.5],"faces":{"up":{"uv":[14.0,7.5,14.5,8.0],"texture":"#2"},"north":{"uv":[1.5,5.0,2.0,7.0],"texture":"#2"},"west":{"uv":[7.5,5.0,8.0,7.0],"texture":"#2"},"east":{"uv":[8.0,5.0,8.5,7.0],"texture":"#2"}}},{"from":[-2.0,20.5,7.5],"to":[-1.5,23.0,8.0],"faces":{"up":{"uv":[14.0,8.0,14.5,8.5],"texture":"#2"},"north":{"uv":[1.5,2.5,2.0,5.0],"texture":"#2"},"west":{"uv":[8.0,2.5,8.5,5.0],"texture":"#2"},"east":{"uv":[7.5,2.5,8.0,5.0],"texture":"#2"}}},{"from":[-2.5,16.0,7.0],"to":[-1.0,18.5,9.0],"faces":{"down":{"uv":[13.5,6.5,15.0,8.5],"texture":"#2"},"up":{"uv":[13.5,7.5,15.0,9.5],"texture":"#2"},"north":{"uv":[1.0,7.0,2.5,9.5],"texture":"#2"},"south":{"uv":[13.5,7.0,15.0,9.5],"texture":"#2"},"west":{"uv":[7.5,7.0,9.5,9.5],"texture":"#2"},"east":{"uv":[6.5,7.0,8.5,9.5],"texture":"#2"}}},{"from":[-2.0,16.0,6.5],"to":[-1.5,18.5,7.0],"faces":{"down":{"uv":[14.0,8.5,14.5,9.0],"texture":"#2"},"up":{"uv":[14.0,7.0,14.5,7.5],"texture":"#2"},"north":{"uv":[1.5,7.0,2.0,9.5],"texture":"#2"},"west":{"uv":[7.0,7.0,7.5,9.5],"texture":"#2"},"east":{"uv":[8.5,7.0,9.0,9.5],"texture":"#2"}}},{"from":[-2.5,6.5,7.5],"to":[-1.0,16.0,9.0],"faces":{"north":{"uv":[1.0,0.0,2.5,9.5],"texture":"#2"},"south":{"uv":[13.5,0.0,15.0,9.5],"texture":"#2"},"west":{"uv":[8.0,0.0,9.5,9.5],"texture":"#2"},"east":{"uv":[6.5,0.0,8.0,9.5],"texture":"#2"}}},{"from":[-2.0,4.0,6.0],"to":[-1.5,4.5,6.5],"faces":{"up":{"uv":[14.0,6.5,14.5,7.0],"texture":"#2"},"north":{"uv":[1.5,11.5,2.0,12.0],"texture":"#2"},"west":{"uv":[6.5,11.5,7.0,12.0],"texture":"#2"},"east":{"uv":[9.0,11.5,9.5,12.0],"texture":"#2"}}},{"from":[-2.0,6.5,7.0],"to":[-1.5,16.0,7.5],"faces":{"north":{"uv":[1.5,0.0,2.0,9.5],"texture":"#2"},"west":{"uv":[7.5,0.0,8.0,9.5],"texture":"#2"},"east":{"uv":[8.0,0.0,8.5,9.5],"texture":"#2"}}},{"from":[-2.0,4.0,6.5],"to":[-1.5,6.5,7.0],"faces":{"up":{"uv":[14.0,7.0,14.5,7.5],"texture":"#2"},"north":{"uv":[1.5,9.5,2.0,12.0],"texture":"#2"},"west":{"uv":[7.0,9.5,7.5,12.0],"texture":"#2"},"east":{"uv":[8.5,9.5,9.0,12.0],"texture":"#2"}}},{"from":[-2.5,3.0,7.0],"to":[-1.0,3.5,7.5],"faces":{"west":{"uv":[7.5,12.5,8.0,13.0],"texture":"#2"},"east":{"uv":[8.0,12.5,8.5,13.0],"texture":"#2"}}},{"from":[-2.5,3.5,6.0],"to":[-1.0,4.0,6.5],"faces":{"up":{"uv":[13.5,6.5,15.0,7.0],"texture":"#2"},"north":{"uv":[1.0,12.0,2.5,12.5],"texture":"#2"},"south":{"uv":[13.5,12.0,15.0,12.5],"texture":"#2"},"west":{"uv":[6.5,12.0,7.0,12.5],"texture":"#2"},"east":{"uv":[9.0,12.0,9.5,12.5],"texture":"#2"}}},{"from":[-2.5,3.5,7.0],"to":[-1.0,6.5,7.5],"faces":{"up":{"uv":[13.5,7.5,15.0,8.0],"texture":"#2"},"north":{"uv":[1.0,9.5,2.5,12.5],"texture":"#2"},"west":{"uv":[7.5,9.5,8.0,12.5],"texture":"#2"},"east":{"uv":[8.0,9.5,8.5,12.5],"texture":"#2"}}},{"from":[-2.5,3.0,5.5],"to":[-1.0,3.5,7.0],"faces":{"up":{"uv":[13.5,6.0,15.0,7.5],"texture":"#2"},"north":{"uv":[1.0,12.5,2.5,13.0],"texture":"#2"},"west":{"uv":[6.0,12.5,7.5,13.0],"texture":"#2"},"east":{"uv":[8.5,12.5,10.0,13.0],"texture":"#2"}}},{"from":[-2.0,3.5,5.5],"to":[-1.5,4.0,7.0],"faces":{"up":{"uv":[14.0,6.0,14.5,7.5],"texture":"#2"},"north":{"uv":[1.5,12.0,2.0,12.5],"texture":"#2"},"west":{"uv":[6.0,12.0,7.5,12.5],"texture":"#2"},"east":{"uv":[8.5,12.0,10.0,12.5],"texture":"#2"}}},{"from":[-2.5,2.5,7.5],"to":[-1.0,6.5,9.0],"faces":{"north":{"uv":[1.0,9.5,2.5,13.5],"texture":"#2"},"south":{"uv":[13.5,9.5,15.0,13.5],"texture":"#2"},"west":{"uv":[8.0,9.5,9.5,13.5],"texture":"#2"},"east":{"uv":[6.5,9.5,8.0,13.5],"texture":"#2"}}},{"from":[-2.5,2.5,5.5],"to":[-1.0,3.0,7.5],"faces":{"down":{"uv":[13.5,8.0,15.0,10.0],"texture":"#2"},"up":{"uv":[13.5,6.0,15.0,8.0],"texture":"#2"},"north":{"uv":[1.0,13.0,2.5,13.5],"texture":"#2"},"west":{"uv":[6.0,13.0,8.0,13.5],"texture":"#2"},"east":{"uv":[8.0,13.0,10.0,13.5],"texture":"#2"}}},{"from":[-2.0,2.5,5.0],"to":[-1.5,3.5,5.5],"faces":{"down":{"uv":[14.0,10.0,14.5,10.5],"texture":"#2"},"up":{"uv":[14.0,5.5,14.5,6.0],"texture":"#2"},"north":{"uv":[1.5,12.5,2.0,13.5],"texture":"#2"},"south":{"uv":[14.0,12.5,14.5,13.5],"texture":"#2"},"west":{"uv":[5.5,12.5,6.0,13.5],"texture":"#2"},"east":{"uv":[10.0,12.5,10.5,13.5],"texture":"#2"}}},{"from":[-2.5,0.5,10.0],"to":[-1.0,1.0,11.0],"faces":{"down":{"uv":[13.5,5.0,15.0,6.0],"texture":"#2"},"south":{"uv":[13.5,15.0,15.0,15.5],"texture":"#2"},"west":{"texture":"#2"},"east":{"texture":"#2"}}},{"from":[-2.5,2.0,6.5],"to":[-1.0,2.5,9.5],"faces":{"down":{"uv":[13.5,6.5,15.0,9.5],"texture":"#2"},"north":{"uv":[1.0,13.5,2.5,14.0],"texture":"#2"},"south":{"uv":[13.5,13.5,15.0,14.0],"texture":"#2"},"west":{"texture":"#2"},"east":{"texture":"#2"}}},{"from":[-2.5,1.5,7.5],"to":[-1.0,2.0,12.0],"faces":{"down":{"uv":[13.5,4.0,15.0,8.5],"texture":"#2"},"north":{"uv":[1.0,14.0,2.5,14.5],"texture":"#2"},"south":{"uv":[13.5,14.0,15.0,14.5],"texture":"#2"},"west":{"texture":"#2"},"east":{"texture":"#2"}}},{"from":[-2.5,1.0,8.0],"to":[-1.0,1.5,11.5],"faces":{"down":{"uv":[13.5,4.5,15.0,8.0],"texture":"#2"},"north":{"uv":[1.0,14.5,2.5,15.0],"texture":"#2"},"south":{"uv":[13.5,14.5,15.0,15.0],"texture":"#2"},"west":{"texture":"#2"},"east":{"texture":"#2"}}},{"from":[-2.5,-8.0,9.5],"to":[-1.0,-6.0,10.0],"faces":{"north":{"uv":[1.0,6.0,2.5,8.0],"texture":"#1"},"south":{"uv":[13.5,6.0,15.0,8.0],"texture":"#1"},"west":{"uv":[9.5,6.0,10.0,8.0],"texture":"#1"},"east":{"uv":[6.0,6.0,6.5,8.0],"texture":"#1"}}},{"from":[-2.0,-8.0,9.0],"to":[-1.5,-6.0,10.5],"faces":{"north":{"uv":[1.5,6.0,2.0,8.0],"texture":"#1"},"south":{"uv":[14.0,6.0,14.5,8.0],"texture":"#1"},"west":{"uv":[9.0,6.0,10.5,8.0],"texture":"#1"},"east":{"uv":[5.5,6.0,7.0,8.0],"texture":"#1"}}},{"from":[-3.0,-9.0,9.0],"to":[-0.5,-8.0,10.5],"faces":{"down":{"uv":[13.0,5.5,15.5,7.0],"texture":"#1"},"up":{"uv":[13.0,9.0,15.5,10.5],"texture":"#1"},"north":{"uv":[0.5,8.0,3.0,9.0],"texture":"#1"},"south":{"uv":[13.0,8.0,15.5,9.0],"texture":"#1"},"west":{"uv":[9.0,8.0,10.5,9.0],"texture":"#1"},"east":{"uv":[5.5,8.0,7.0,9.0],"texture":"#1"}}},{"from":[-2.5,-9.0,8.5],"to":[-1.0,-8.0,11.0],"faces":{"down":{"uv":[13.5,5.0,15.0,7.5],"texture":"#1"},"up":{"uv":[13.5,8.5,15.0,11.0],"texture":"#1"},"north":{"uv":[1.0,8.0,2.5,9.0],"texture":"#1"},"south":{"uv":[13.5,8.0,15.0,9.0],"texture":"#1"},"west":{"uv":[8.5,8.0,11.0,9.0],"texture":"#1"},"east":{"uv":[5.0,8.0,7.5,9.0],"texture":"#1"}}},{"from":[-2.5,-10.5,8.5],"to":[-1.0,-9.5,11.0],"faces":{"down":{"uv":[13.5,5.0,15.0,7.5],"texture":"#1"},"up":{"uv":[13.5,8.5,15.0,11.0],"texture":"#1"},"north":{"uv":[1.0,9.5,2.5,10.5],"texture":"#1"},"south":{"uv":[13.5,9.5,15.0,10.5],"texture":"#1"},"west":{"uv":[8.5,9.5,11.0,10.5],"texture":"#1"},"east":{"uv":[5.0,9.5,7.5,10.5],"texture":"#1"}}},{"from":[-3.0,-10.5,9.0],"to":[-0.5,-9.5,10.5],"faces":{"down":{"uv":[13.0,5.5,15.5,7.0],"texture":"#1"},"up":{"uv":[13.0,9.0,15.5,10.5],"texture":"#1"},"north":{"uv":[0.5,9.5,3.0,10.5],"texture":"#1"},"south":{"uv":[13.0,9.5,15.5,10.5],"texture":"#1"},"west":{"uv":[9.0,9.5,10.5,10.5],"texture":"#1"},"east":{"uv":[5.5,9.5,7.0,10.5],"texture":"#1"}}},{"from":[-2.5,0.5,8.5],"to":[-1.0,1.0,9.5],"faces":{"down":{"uv":[13.5,6.5,15.0,7.5],"texture":"#2"},"north":{"uv":[1.0,15.0,2.5,15.5],"texture":"#2"},"west":{"texture":"#2"},"east":{"texture":"#2"}}},{"from":[-2.5,0.5,9.5],"to":[-1.0,1.0,10.0],"faces":{"west":{"texture":"#0"},"east":{"texture":"#0"}}},{"from":[-2.0,2.0,5.0],"to":[-1.999,25.0,14.5],"faces":{"west":{"uv":[5.0,0.0,11.0,9.75],"texture":"#3"},"east":{"uv":[5.0,0.0,11.0,9.75],"texture":"#3"}}},{"from":[-1.5,2.0,5.0],"to":[-1.499,25.0,14.5],"faces":{"west":{"uv":[5.0,0.0,11.0,9.75],"texture":"#4"},"east":{"uv":[5.0,0.0,11.0,9.75],"texture":"#4"}}}],"textures":{"0":"e5489bce-a9de-4d40-bb70-681e1e8c6a3d","1":"5fb333e6-39ad-4a7a-ade3-a875b2f360c1","2":"39ef0fed-64d8-4775-b3e2-0daadeb091ec","3":"704d41eb-4ba2-42c9-8e38-4fd2d689725b","4":"49157b93-f37b-42f8-a588-c12ac930aa22"}}