{"display":{"fixed":{"rotation":[-90.0,0.0,0.0],"translation":[0.0,0.0,-16.0],"scale":[2.0,2.0,2.0]}},"elements":[{"from":[5.0,0.0,5.0],"to":[6.0,0.75,6.0],"rotation":{"origin":[5.0,0.53125,5.0],"axis":"y","angle":0.0},"faces":{"north":{"uv":[0.0,0.0,2.0,1.5],"texture":"#0"},"east":{"uv":[0.0,0.0,2.0,1.5],"texture":"#0"},"south":{"uv":[0.0,0.0,2.0,1.5],"texture":"#0"},"west":{"uv":[0.0,0.0,2.0,1.5],"texture":"#0"},"up":{"uv":[0.0,0.0,2.0,2.0],"texture":"#0","rotation":180},"down":{"uv":[0.0,0.0,2.0,2.0],"texture":"#0","rotation":180}}},{"from":[4.0,0.0,5.0],"to":[5.0,1.0,6.0],"rotation":{"origin":[5.0,0.53125,5.0],"axis":"y","angle":0.0},"faces":{"north":{"uv":[0.0,0.0,2.0,2.0],"texture":"#0"},"east":{"uv":[0.0,0.0,2.0,2.0],"texture":"#0"},"south":{"uv":[0.0,0.0,2.0,2.0],"texture":"#0"},"west":{"uv":[0.0,0.0,2.0,2.0],"texture":"#0"},"up":{"uv":[0.0,0.0,2.0,2.0],"texture":"#0","rotation":180},"down":{"uv":[0.0,0.0,2.0,2.0],"texture":"#0","rotation":180}}},{"from":[5.0,0.0,4.0],"to":[6.0,2.0,5.0],"rotation":{"origin":[5.0,0.53125,5.0],"axis":"y","angle":0.0},"faces":{"north":{"uv":[0.0,0.0,2.0,4.0],"texture":"#0"},"east":{"uv":[0.0,0.0,2.0,4.0],"texture":"#0"},"south":{"uv":[0.0,0.0,2.0,4.0],"texture":"#0"},"west":{"uv":[0.0,0.0,2.0,4.0],"texture":"#0"},"up":{"uv":[0.0,0.0,2.0,2.0],"texture":"#0","rotation":180},"down":{"uv":[0.0,0.0,2.0,2.0],"texture":"#0","rotation":180}}},{"from":[4.0,0.0,4.0],"to":[5.0,0.5,5.0],"rotation":{"origin":[5.0,0.53125,5.0],"axis":"y","angle":0.0},"faces":{"north":{"uv":[0.0,0.0,2.0,1.0],"texture":"#0"},"east":{"uv":[0.0,0.0,2.0,1.0],"texture":"#0"},"south":{"uv":[0.0,0.0,2.0,1.0],"texture":"#0"},"west":{"uv":[0.0,0.0,2.0,1.0],"texture":"#0"},"up":{"uv":[0.0,0.0,2.0,2.0],"texture":"#0","rotation":180},"down":{"uv":[0.0,0.0,2.0,2.0],"texture":"#0","rotation":180}}},{"from":[5.0,0.0,10.0],"to":[6.0,0.75,11.0],"rotation":{"origin":[5.0,0.53125,11.0],"axis":"y","angle":0.0},"faces":{"north":{"uv":[0.0,0.0,2.0,1.5],"texture":"#0"},"east":{"uv":[0.0,0.0,2.0,1.5],"texture":"#0"},"south":{"uv":[0.0,0.0,2.0,1.5],"texture":"#0"},"west":{"uv":[0.0,0.0,2.0,1.5],"texture":"#0"},"up":{"uv":[0.0,0.0,2.0,2.0],"texture":"#0","rotation":90},"down":{"uv":[0.0,0.0,2.0,2.0],"texture":"#0","rotation":270}}},{"from":[5.0,0.0,11.0],"to":[6.0,1.0,12.0],"rotation":{"origin":[5.0,0.53125,11.0],"axis":"y","angle":0.0},"faces":{"north":{"uv":[0.0,0.0,2.0,2.0],"texture":"#0"},"east":{"uv":[0.0,0.0,2.0,2.0],"texture":"#0"},"south":{"uv":[0.0,0.0,2.0,2.0],"texture":"#0"},"west":{"uv":[0.0,0.0,2.0,2.0],"texture":"#0"},"up":{"uv":[0.0,0.0,2.0,2.0],"texture":"#0","rotation":90},"down":{"uv":[0.0,0.0,2.0,2.0],"texture":"#0","rotation":270}}},{"from":[4.0,0.0,10.0],"to":[5.0,2.0,11.0],"rotation":{"origin":[5.0,0.53125,11.0],"axis":"y","angle":0.0},"faces":{"north":{"uv":[0.0,0.0,2.0,4.0],"texture":"#0"},"east":{"uv":[0.0,0.0,2.0,4.0],"texture":"#0"},"south":{"uv":[0.0,0.0,2.0,4.0],"texture":"#0"},"west":{"uv":[0.0,0.0,2.0,4.0],"texture":"#0"},"up":{"uv":[0.0,0.0,2.0,2.0],"texture":"#0","rotation":90},"down":{"uv":[0.0,0.0,2.0,2.0],"texture":"#0","rotation":270}}},{"from":[4.0,0.0,11.0],"to":[5.0,0.5,12.0],"rotation":{"origin":[5.0,0.53125,11.0],"axis":"y","angle":0.0},"faces":{"north":{"uv":[0.0,0.0,2.0,1.0],"texture":"#0"},"east":{"uv":[0.0,0.0,2.0,1.0],"texture":"#0"},"south":{"uv":[0.0,0.0,2.0,1.0],"texture":"#0"},"west":{"uv":[0.0,0.0,2.0,1.0],"texture":"#0"},"up":{"uv":[0.0,0.0,2.0,2.0],"texture":"#0","rotation":90},"down":{"uv":[0.0,0.0,2.0,2.0],"texture":"#0","rotation":270}}},{"from":[10.0,0.0,5.0],"to":[11.0,0.75,6.0],"rotation":{"origin":[11.0,0.53125,5.0],"axis":"y","angle":0.0},"faces":{"north":{"uv":[0.0,0.0,2.0,1.5],"texture":"#0"},"east":{"uv":[0.0,0.0,2.0,1.5],"texture":"#0"},"south":{"uv":[0.0,0.0,2.0,1.5],"texture":"#0"},"west":{"uv":[0.0,0.0,2.0,1.5],"texture":"#0"},"up":{"uv":[0.0,0.0,2.0,2.0],"texture":"#0","rotation":270},"down":{"uv":[0.0,0.0,2.0,2.0],"texture":"#0","rotation":90}}},{"from":[10.0,0.0,4.0],"to":[11.0,1.0,5.0],"rotation":{"origin":[11.0,0.53125,5.0],"axis":"y","angle":0.0},"faces":{"north":{"uv":[0.0,0.0,2.0,2.0],"texture":"#0"},"east":{"uv":[0.0,0.0,2.0,2.0],"texture":"#0"},"south":{"uv":[0.0,0.0,2.0,2.0],"texture":"#0"},"west":{"uv":[0.0,0.0,2.0,2.0],"texture":"#0"},"up":{"uv":[0.0,0.0,2.0,2.0],"texture":"#0","rotation":270},"down":{"uv":[0.0,0.0,2.0,2.0],"texture":"#0","rotation":90}}},{"from":[11.0,0.0,5.0],"to":[12.0,2.0,6.0],"rotation":{"origin":[11.0,0.53125,5.0],"axis":"y","angle":0.0},"faces":{"north":{"uv":[0.0,0.0,2.0,4.0],"texture":"#0"},"east":{"uv":[0.0,0.0,2.0,4.0],"texture":"#0"},"south":{"uv":[0.0,0.0,2.0,4.0],"texture":"#0"},"west":{"uv":[0.0,0.0,2.0,4.0],"texture":"#0"},"up":{"uv":[0.0,0.0,2.0,2.0],"texture":"#0","rotation":270},"down":{"uv":[0.0,0.0,2.0,2.0],"texture":"#0","rotation":90}}},{"from":[11.0,0.0,4.0],"to":[12.0,0.5,5.0],"rotation":{"origin":[11.0,0.53125,5.0],"axis":"y","angle":0.0},"faces":{"north":{"uv":[0.0,0.0,2.0,1.0],"texture":"#0"},"east":{"uv":[0.0,0.0,2.0,1.0],"texture":"#0"},"south":{"uv":[0.0,0.0,2.0,1.0],"texture":"#0"},"west":{"uv":[0.0,0.0,2.0,1.0],"texture":"#0"},"up":{"uv":[0.0,0.0,2.0,2.0],"texture":"#0","rotation":270},"down":{"uv":[0.0,0.0,2.0,2.0],"texture":"#0","rotation":90}}},{"from":[10.0,0.0,10.0],"to":[11.0,0.75,11.0],"faces":{"north":{"uv":[0.0,0.0,2.0,1.5],"texture":"#0"},"east":{"uv":[0.0,0.0,2.0,1.5],"texture":"#0"},"south":{"uv":[0.0,0.0,2.0,1.5],"texture":"#0"},"west":{"uv":[0.0,0.0,2.0,1.5],"texture":"#0"},"up":{"uv":[0.0,0.0,2.0,2.0],"texture":"#0"},"down":{"uv":[0.0,0.0,2.0,2.0],"texture":"#0"}}},{"from":[11.0,0.0,10.0],"to":[12.0,1.0,11.0],"faces":{"north":{"uv":[0.0,0.0,1.0,1.0],"texture":"#0"},"east":{"uv":[0.0,0.0,2.0,2.0],"texture":"#0"},"south":{"uv":[0.0,0.0,2.0,2.0],"texture":"#0"},"west":{"uv":[0.0,0.0,2.0,2.0],"texture":"#0"},"up":{"uv":[0.0,0.0,2.0,2.0],"texture":"#0"},"down":{"uv":[0.0,0.0,2.0,2.0],"texture":"#0"}}},{"from":[10.0,0.0,11.0],"to":[11.0,2.0,12.0],"faces":{"north":{"uv":[0.0,0.0,2.0,4.0],"texture":"#0"},"east":{"uv":[0.0,0.0,2.0,4.0],"texture":"#0"},"south":{"uv":[0.0,0.0,2.0,4.0],"texture":"#0"},"west":{"uv":[0.0,0.0,2.0,4.0],"texture":"#0"},"up":{"uv":[0.0,0.0,2.0,2.0],"texture":"#0"},"down":{"uv":[0.0,0.0,2.0,2.0],"texture":"#0"}}},{"from":[11.0,0.0,11.0],"to":[12.0,0.5,12.0],"faces":{"north":{"uv":[0.0,0.0,2.0,1.0],"texture":"#0"},"east":{"uv":[0.0,0.0,2.0,1.0],"texture":"#0"},"south":{"uv":[0.0,0.0,2.0,1.0],"texture":"#0"},"west":{"uv":[0.0,0.0,2.0,1.0],"texture":"#0"},"up":{"uv":[0.0,0.0,2.0,2.0],"texture":"#0"},"down":{"uv":[0.0,0.0,2.0,2.0],"texture":"#0"}}}],"textures":{"0":"371d3396-a73a-446c-af41-5971a8700ba1"}}