{"display":{"thirdperson_righthand":{"rotation":[0.0,90.0,0.0],"translation":[0.0,7.5,1.25]},"thirdperson_lefthand":{"rotation":[0.0,90.0,0.0],"translation":[0.0,7.5,1.25]},"firstperson_righthand":{"rotation":[-12.5,90.0,0.0],"translation":[7.75,6.25,-7.0]},"firstperson_lefthand":{"rotation":[-12.5,90.0,0.0],"translation":[7.75,6.25,-7.0]},"ground":{"rotation":[76.0,0.0,0.0],"translation":[0.0,-1.5,2.0],"scale":[0.66,0.66,0.66]},"gui":{"rotation":[0.0,0.0,45.0],"translation":[-1.75,1.75,0.0],"scale":[0.79,0.79,0.79]},"head":{"scale":[0.02,0.02,0.02]},"fixed":{"translation":[0.0,4.0,-0.75],"scale":[1.25,1.25,1.25]}},"elements":[{"from":[6.57614,5.85872,7.0016],"to":[8.7419,8.02448,8.9984],"rotation":{"origin":[8.0,7.28257,8.0],"axis":"z","angle":45.0},"faces":{"north":{"uv":[9.5,6.0,10.375,6.875],"texture":"#2"},"east":{"uv":[7.0,9.5,7.875,10.375],"texture":"#2"},"south":{"uv":[9.5,7.0,10.375,7.875],"texture":"#2"},"west":{"uv":[8.0,9.5,8.875,10.375],"texture":"#2"},"up":{"uv":[10.375,8.875,9.5,8.0],"texture":"#2"},"down":{"uv":[10.375,9.0,9.5,9.875],"texture":"#2"}}},{"from":[8.5739,7.46719,7.4409],"to":[10.78574,8.69599,8.5591],"rotation":{"origin":[8.0,7.28257,8.0],"axis":"z","angle":-22.5},"faces":{"north":{"uv":[10.5,3.5,11.375,4.0],"texture":"#2"},"east":{"uv":[10.0,5.5,10.5,6.0],"texture":"#2"},"south":{"uv":[8.0,10.5,8.875,11.0],"texture":"#2"},"west":{"uv":[12.5,4.5,13.0,5.0],"texture":"#2"},"up":{"uv":[11.375,8.5,10.5,8.0],"texture":"#2"},"down":{"uv":[11.375,8.5,10.5,9.0],"texture":"#2"}}},{"from":[9.93246,4.67635,7.4793],"to":[10.96926,6.31219,8.5207],"rotation":{"origin":[8.0,7.28257,8.0],"axis":"z","angle":22.5},"faces":{"north":{"uv":[13.0,4.0,13.375,4.625],"texture":"#2"},"east":{"uv":[4.5,13.0,4.875,13.625],"texture":"#2"},"south":{"uv":[5.0,13.0,5.375,13.625],"texture":"#2"},"west":{"uv":[13.0,5.0,13.375,5.625],"texture":"#2"},"up":{"uv":[14.375,3.375,14.0,3.0],"texture":"#2"},"down":{"uv":[3.875,14.0,3.5,14.375],"texture":"#2"}}},{"from":[10.62692,5.57183,7.5177],"to":[11.47172,7.20767,8.4823],"rotation":{"origin":[8.0,7.28257,8.0],"axis":"z","angle":22.5},"faces":{"north":{"uv":[13.0,8.0,13.375,8.625],"texture":"#2"},"east":{"uv":[8.5,13.0,8.875,13.625],"texture":"#2"},"south":{"uv":[9.5,13.0,9.875,13.625],"texture":"#2"},"west":{"uv":[13.0,9.5,13.375,10.125],"texture":"#2"},"up":{"uv":[5.375,14.375,5.0,14.0],"texture":"#2"},"down":{"uv":[14.375,5.0,14.0,5.375],"texture":"#2"}}},{"from":[9.63295,7.35583,7.5561],"to":[10.69279,8.20063,8.4439],"rotation":{"origin":[8.0,7.28257,8.0],"axis":"y","angle":0.0},"faces":{"north":{"uv":[13.5,2.0,14.0,2.375],"texture":"#2"},"east":{"uv":[5.5,14.0,5.875,14.375],"texture":"#2"},"south":{"uv":[13.5,2.5,14.0,2.875],"texture":"#2"},"west":{"uv":[14.0,5.5,14.375,5.875],"texture":"#2"},"up":{"uv":[14.0,3.375,13.5,3.0],"texture":"#2"},"down":{"uv":[14.0,3.5,13.5,3.875],"texture":"#2"}}},{"from":[2.67008,2.74783,8.0],"to":[13.32992,9.38911,8.0],"rotation":{"origin":[8.0,7.28257,8.0],"axis":"y","angle":0.0},"faces":{"north":{"uv":[4.0125,0.0,8.4875,2.75],"texture":"#2"},"east":{"uv":[0.0,0.0,0.0,2.75],"texture":"#2"},"south":{"uv":[4.0125,0.0,8.4875,2.75],"texture":"#2"},"west":{"uv":[0.0,0.0,0.0,2.75],"texture":"#2"},"up":{"uv":[4.5,0.0,0.0,0.0],"texture":"#2"},"down":{"uv":[4.5,0.0,0.0,0.0],"texture":"#2"}}},{"from":[11.06719,7.9304,7.5561],"to":[12.31903,8.5832,8.4439],"rotation":{"origin":[8.0,7.28257,8.0],"axis":"z","angle":-22.5},"faces":{"north":{"uv":[14.5,2.5,15.0,2.75],"texture":"#2"},"east":{"uv":[5.5,14.5,5.875,14.75],"texture":"#2"},"south":{"uv":[3.0,14.5,3.5,14.75],"texture":"#2"},"west":{"uv":[14.5,5.5,14.875,5.75],"texture":"#2"},"up":{"uv":[8.0,13.875,7.5,13.5],"texture":"#2"},"down":{"uv":[8.5,13.5,8.0,13.875],"texture":"#2"}}},{"from":[7.2383,7.94495,7.49005],"to":[9.06614,9.17375,8.50995],"rotation":{"origin":[8.0,7.28257,8.0],"axis":"z","angle":-45.0},"faces":{"north":{"uv":[11.5,2.5,12.25,3.0],"texture":"#2"},"east":{"uv":[13.5,8.0,13.875,8.5],"texture":"#2"},"south":{"uv":[11.5,9.0,12.25,9.5],"texture":"#2"},"west":{"uv":[13.5,8.5,13.875,9.0],"texture":"#2"},"up":{"uv":[13.25,2.875,12.5,2.5],"texture":"#2"},"down":{"uv":[5.25,12.5,4.5,12.875],"texture":"#2"}}},{"from":[8.47633,7.1133,7.20896],"to":[9.45937,9.81666,8.79104],"rotation":{"origin":[8.0,7.28257,8.0],"axis":"z","angle":22.5},"faces":{"north":{"uv":[6.5,11.0,6.875,12.125],"texture":"#2"},"east":{"uv":[10.0,4.0,10.625,5.125],"texture":"#2"},"south":{"uv":[8.0,11.0,8.375,12.125],"texture":"#2"},"west":{"uv":[9.0,10.0,9.625,11.125],"texture":"#2"},"up":{"uv":[10.375,13.625,10.0,13.0],"texture":"#2"},"down":{"uv":[10.875,13.0,10.5,13.625],"texture":"#2"}}},{"from":[6.54063,7.1133,7.20896],"to":[7.52367,9.81666,8.79104],"rotation":{"origin":[8.0,7.28257,8.0],"axis":"z","angle":-22.5},"faces":{"north":{"uv":[6.875,11.0,6.5,12.125],"texture":"#2"},"east":{"uv":[9.625,10.0,9.0,11.125],"texture":"#2"},"south":{"uv":[8.375,11.0,8.0,12.125],"texture":"#2"},"west":{"uv":[10.625,4.0,10.0,5.125],"texture":"#2"},"up":{"uv":[10.0,13.625,10.375,13.0],"texture":"#2"},"down":{"uv":[10.5,13.0,10.875,13.625],"texture":"#2"}}},{"from":[6.93386,7.94495,7.49005],"to":[8.7617,9.17375,8.50995],"rotation":{"origin":[8.0,7.28257,8.0],"axis":"z","angle":45.0},"faces":{"north":{"uv":[12.25,2.5,11.5,3.0],"texture":"#2"},"east":{"uv":[13.875,8.5,13.5,9.0],"texture":"#2"},"south":{"uv":[12.25,9.0,11.5,9.5],"texture":"#2"},"west":{"uv":[13.875,8.0,13.5,8.5],"texture":"#2"},"up":{"uv":[12.5,2.875,13.25,2.5],"texture":"#2"},"down":{"uv":[4.5,12.5,5.25,12.875],"texture":"#2"}}},{"from":[5.21426,7.46719,7.4409],"to":[7.4261,8.69599,8.5591],"rotation":{"origin":[8.0,7.28257,8.0],"axis":"z","angle":22.5},"faces":{"north":{"uv":[11.375,3.5,10.5,4.0],"texture":"#2"},"east":{"uv":[13.0,4.5,12.5,5.0],"texture":"#2"},"south":{"uv":[8.875,10.5,8.0,11.0],"texture":"#2"},"west":{"uv":[10.5,5.5,10.0,6.0],"texture":"#2"},"up":{"uv":[10.5,8.5,11.375,8.0],"texture":"#2"},"down":{"uv":[10.5,8.5,11.375,9.0],"texture":"#2"}}},{"from":[5.30721,7.35583,7.5561],"to":[6.36705,8.20063,8.4439],"rotation":{"origin":[8.0,7.28257,8.0],"axis":"y","angle":0.0},"faces":{"north":{"uv":[14.0,2.0,13.5,2.375],"texture":"#2"},"east":{"uv":[14.375,5.5,14.0,5.875],"texture":"#2"},"south":{"uv":[14.0,2.5,13.5,2.875],"texture":"#2"},"west":{"uv":[5.875,14.0,5.5,14.375],"texture":"#2"},"up":{"uv":[13.5,3.375,14.0,3.0],"texture":"#2"},"down":{"uv":[13.5,3.5,14.0,3.875],"texture":"#2"}}},{"from":[4.52828,5.57183,7.5177],"to":[5.37308,7.20767,8.4823],"rotation":{"origin":[8.0,7.28257,8.0],"axis":"z","angle":-22.5},"faces":{"north":{"uv":[13.375,8.0,13.0,8.625],"texture":"#2"},"east":{"uv":[13.375,9.5,13.0,10.125],"texture":"#2"},"south":{"uv":[9.875,13.0,9.5,13.625],"texture":"#2"},"west":{"uv":[8.875,13.0,8.5,13.625],"texture":"#2"},"up":{"uv":[5.0,14.375,5.375,14.0],"texture":"#2"},"down":{"uv":[14.0,5.0,14.375,5.375],"texture":"#2"}}},{"from":[5.03074,4.67635,7.4793],"to":[6.06754,6.31219,8.5207],"rotation":{"origin":[8.0,7.28257,8.0],"axis":"z","angle":-22.5},"faces":{"north":{"uv":[13.375,4.0,13.0,4.625],"texture":"#2"},"east":{"uv":[13.375,5.0,13.0,5.625],"texture":"#2"},"south":{"uv":[5.375,13.0,5.0,13.625],"texture":"#2"},"west":{"uv":[4.875,13.0,4.5,13.625],"texture":"#2"},"up":{"uv":[14.0,3.375,14.375,3.0],"texture":"#2"},"down":{"uv":[3.5,14.0,3.875,14.375],"texture":"#2"}}},{"from":[3.68097,7.9304,7.5561],"to":[4.93281,8.5832,8.4439],"rotation":{"origin":[8.0,7.28257,8.0],"axis":"z","angle":22.5},"faces":{"north":{"uv":[15.0,2.5,14.5,2.75],"texture":"#2"},"east":{"uv":[14.875,5.5,14.5,5.75],"texture":"#2"},"south":{"uv":[3.5,14.5,3.0,14.75],"texture":"#2"},"west":{"uv":[5.875,14.5,5.5,14.75],"texture":"#2"},"up":{"uv":[7.5,13.875,8.0,13.5],"texture":"#2"},"down":{"uv":[8.0,13.5,8.5,13.875],"texture":"#2"}}},{"from":[5.66946,9.05278,7.12141],"to":[6.2298,9.61311,8.87859],"rotation":{"origin":[8.0,7.28257,8.0],"axis":"z","angle":-45.0},"faces":{"north":{"uv":[10.5,14.5,10.75,14.75],"texture":"#2"},"east":{"uv":[13.5,9.0,14.25,9.25],"texture":"#2"},"south":{"uv":[14.5,10.5,14.75,10.75],"texture":"#2"},"west":{"uv":[13.5,9.5,14.25,9.75],"texture":"#2"},"up":{"uv":[9.25,14.25,9.0,13.5],"texture":"#2"},"down":{"uv":[13.75,10.0,13.5,10.75],"texture":"#2"}}},{"from":[4.87359,4.31068,7.94],"to":[14.47359,13.91068,8.06],"rotation":{"origin":[8.0,7.28257,8.0],"axis":"z","angle":-45.0},"faces":{"north":{"uv":[0.0,0.0,16.0,16.0],"texture":"#1","rotation":270},"east":{"uv":[0.5,0.0,0.0,0.5],"texture":"#1","rotation":90},"south":{"uv":[16.0,0.0,0.0,16.0],"texture":"#1","rotation":90},"west":{"uv":[0.5,0.0,0.0,0.5],"texture":"#1","rotation":90},"up":{"uv":[0.0,0.0,0.5,0.625],"texture":"#1","rotation":90},"down":{"uv":[0.0,0.0,0.5,0.625],"texture":"#1","rotation":90}}},{"from":[1.52641,4.31068,7.94],"to":[11.12641,13.91068,8.06],"rotation":{"origin":[8.0,7.28257,8.0],"axis":"z","angle":45.0},"faces":{"north":{"uv":[0.0,16.0,16.0,0.0],"texture":"#1","rotation":270},"east":{"uv":[0.5,0.5,0.0,0.0],"texture":"#1","rotation":90},"south":{"uv":[16.0,16.0,0.0,0.0],"texture":"#1","rotation":90},"west":{"uv":[0.5,0.5,0.0,0.0],"texture":"#1","rotation":90},"up":{"uv":[0.0,0.625,0.5,0.0],"texture":"#1","rotation":90},"down":{"uv":[0.0,0.625,0.5,0.0],"texture":"#1","rotation":90}}},{"from":[4.45588,7.39262,7.5177],"to":[5.30068,9.02846,8.4823],"rotation":{"origin":[8.0,7.28257,8.0],"axis":"z","angle":45.0},"faces":{"north":{"uv":[5.875,13.0,5.5,13.625],"texture":"#2"},"east":{"uv":[6.875,13.0,6.5,13.625],"texture":"#2"},"south":{"uv":[13.375,6.0,13.0,6.625],"texture":"#2"},"west":{"uv":[6.375,13.0,6.0,13.625],"texture":"#2"},"up":{"uv":[14.0,3.875,14.375,3.5],"texture":"#2"},"down":{"uv":[4.5,14.0,4.875,14.375],"texture":"#2"}}},{"from":[6.21256,3.771,7.5561],"to":[6.86536,4.83084,8.4439],"rotation":{"origin":[8.0,7.28257,8.0],"axis":"z","angle":-22.5},"faces":{"north":{"uv":[14.25,7.5,14.0,8.0],"texture":"#2"},"east":{"uv":[2.375,13.5,2.0,14.0],"texture":"#2"},"south":{"uv":[8.25,14.0,8.0,14.5],"texture":"#2"},"west":{"uv":[13.875,1.5,13.5,2.0],"texture":"#2"},"up":{"uv":[4.5,14.875,4.75,14.5],"texture":"#2"},"down":{"uv":[14.5,4.5,14.75,4.875],"texture":"#2"}}},{"from":[7.68115,2.73625,7.5945],"to":[8.29555,3.60409,8.4055],"rotation":{"origin":[8.0,7.28257,8.0],"axis":"z","angle":-45.0},"faces":{"north":{"uv":[6.25,14.5,6.0,14.875],"texture":"#2"},"east":{"uv":[14.375,6.0,14.0,6.375],"texture":"#2"},"south":{"uv":[14.75,6.0,14.5,6.375],"texture":"#2"},"west":{"uv":[6.375,14.0,6.0,14.375],"texture":"#2"},"up":{"uv":[6.5,14.875,6.75,14.5],"texture":"#2"},"down":{"uv":[14.5,6.5,14.75,6.875],"texture":"#2"}}},{"from":[10.69932,7.39262,7.5177],"to":[11.54412,9.02846,8.4823],"rotation":{"origin":[8.0,7.28257,8.0],"axis":"z","angle":-45.0},"faces":{"north":{"uv":[5.5,13.0,5.875,13.625],"texture":"#2"},"east":{"uv":[6.0,13.0,6.375,13.625],"texture":"#2"},"south":{"uv":[13.0,6.0,13.375,6.625],"texture":"#2"},"west":{"uv":[6.5,13.0,6.875,13.625],"texture":"#2"},"up":{"uv":[14.375,3.875,14.0,3.5],"texture":"#2"},"down":{"uv":[4.875,14.0,4.5,14.375],"texture":"#2"}}},{"from":[9.13464,3.771,7.5561],"to":[9.78744,4.83084,8.4439],"rotation":{"origin":[8.0,7.28257,8.0],"axis":"z","angle":22.5},"faces":{"north":{"uv":[14.0,7.5,14.25,8.0],"texture":"#2"},"east":{"uv":[13.5,1.5,13.875,2.0],"texture":"#2"},"south":{"uv":[8.0,14.0,8.25,14.5],"texture":"#2"},"west":{"uv":[2.0,13.5,2.375,14.0],"texture":"#2"},"up":{"uv":[4.75,14.875,4.5,14.5],"texture":"#2"},"down":{"uv":[14.75,4.5,14.5,4.875],"texture":"#2"}}},{"from":[7.70445,2.73625,7.5945],"to":[8.31885,3.60409,8.4055],"rotation":{"origin":[8.0,7.28257,8.0],"axis":"z","angle":45.0},"faces":{"north":{"uv":[6.0,14.5,6.25,14.875],"texture":"#2"},"east":{"uv":[6.0,14.0,6.375,14.375],"texture":"#2"},"south":{"uv":[14.5,6.0,14.75,6.375],"texture":"#2"},"west":{"uv":[14.0,6.0,14.375,6.375],"texture":"#2"},"up":{"uv":[6.75,14.875,6.5,14.5],"texture":"#2"},"down":{"uv":[14.75,6.5,14.5,6.875],"texture":"#2"}}},{"from":[8.33128,-1.77791,7.424],"to":[8.97128,-0.65791,8.576],"rotation":{"origin":[7.93447,-2.04028,8.0],"axis":"z","angle":22.5},"faces":{"north":{"uv":[13.0,1.5,13.375,2.0],"texture":"#2"},"east":{"uv":[11.0,11.5,11.625,12.0],"texture":"#2"},"south":{"uv":[13.0,10.5,13.375,11.0],"texture":"#2"},"west":{"uv":[12.0,0.0,12.625,0.5],"texture":"#2"},"up":{"uv":[12.875,13.125,12.5,12.5],"texture":"#2"},"down":{"uv":[13.375,0.0,13.0,0.625],"texture":"#2"}}},{"from":[7.83133,-2.91759,7.424],"to":[8.40733,-1.90959,8.576],"rotation":{"origin":[7.93447,-2.04028,8.0],"axis":"z","angle":22.5},"faces":{"north":{"uv":[6.5,14.0,6.75,14.5],"texture":"#2"},"east":{"uv":[12.0,0.5,12.625,1.0],"texture":"#2"},"south":{"uv":[14.0,6.5,14.25,7.0],"texture":"#2"},"west":{"uv":[12.0,1.0,12.625,1.5],"texture":"#2"},"up":{"uv":[12.25,14.125,12.0,13.5],"texture":"#2"},"down":{"uv":[13.75,12.0,13.5,12.625],"texture":"#2"}}},{"from":[7.87276,-1.55466,7.36],"to":[8.51276,-1.07466,8.64],"rotation":{"origin":[7.93447,-2.04028,8.0],"axis":"z","angle":45.0},"faces":{"north":{"uv":[14.5,3.5,14.875,3.75],"texture":"#2"},"east":{"uv":[12.5,13.5,13.125,13.75],"texture":"#2"},"south":{"uv":[14.5,4.0,14.875,4.25],"texture":"#2"},"west":{"uv":[13.5,13.0,14.125,13.25],"texture":"#2"},"up":{"uv":[0.875,13.625,0.5,13.0],"texture":"#2"},"down":{"uv":[1.375,13.0,1.0,13.625],"texture":"#2"}}},{"from":[7.87276,-2.19466,7.36],"to":[8.99276,-1.55466,8.64],"rotation":{"origin":[7.93447,-2.04028,8.0],"axis":"z","angle":45.0},"faces":{"north":{"uv":[0.0,13.5,0.5,13.875],"texture":"#2"},"east":{"uv":[13.0,1.0,13.625,1.375],"texture":"#2"},"south":{"uv":[13.5,0.0,14.0,0.375],"texture":"#2"},"west":{"uv":[1.5,13.0,2.125,13.375],"texture":"#2"},"up":{"uv":[2.0,12.625,1.5,12.0],"texture":"#2"},"down":{"uv":[2.5,12.0,2.0,12.625],"texture":"#2"}}},{"from":[7.0276,-2.45576,7.3664],"to":[7.6036,-2.02376,8.6336],"rotation":{"origin":[7.93447,-2.04028,8.0],"axis":"z","angle":45.0},"faces":{"north":{"uv":[8.5,14.5,8.75,14.75],"texture":"#2"},"east":{"uv":[13.5,13.5,14.125,13.75],"texture":"#2"},"south":{"uv":[14.5,8.5,14.75,8.75],"texture":"#2"},"west":{"uv":[0.0,14.0,0.625,14.25],"texture":"#2"},"up":{"uv":[14.25,0.625,14.0,0.0],"texture":"#2"},"down":{"uv":[1.25,14.0,1.0,14.625],"texture":"#2"}}},{"from":[7.0276,-3.03176,7.3664],"to":[8.0356,-2.45576,8.6336],"rotation":{"origin":[7.93447,-2.04028,8.0],"axis":"z","angle":45.0},"faces":{"north":{"uv":[14.0,7.0,14.5,7.25],"texture":"#2"},"east":{"uv":[14.0,1.0,14.625,1.25],"texture":"#2"},"south":{"uv":[7.5,14.0,8.0,14.25],"texture":"#2"},"west":{"uv":[1.5,14.0,2.125,14.25],"texture":"#2"},"up":{"uv":[3.0,12.625,2.5,12.0],"texture":"#2"},"down":{"uv":[3.5,12.0,3.0,12.625],"texture":"#2"}}},{"from":[5.39634,-4.57108,7.328],"to":[5.76114,-4.20628,8.672],"rotation":{"origin":[7.93447,-1.94028,8.0],"axis":"z","angle":45.0},"faces":{"north":{"uv":[11.0,14.5,11.125,14.625],"texture":"#2"},"east":{"uv":[7.0,14.5,7.625,14.625],"texture":"#2"},"south":{"uv":[14.5,11.0,14.625,11.125],"texture":"#2"},"west":{"uv":[14.5,7.0,15.125,7.125],"texture":"#2"},"up":{"uv":[14.625,8.125,14.5,7.5],"texture":"#2"},"down":{"uv":[8.125,14.5,8.0,15.125],"texture":"#2"}}},{"from":[6.06257,-3.90485,7.296],"to":[7.50257,-3.26485,8.704],"rotation":{"origin":[7.93447,-1.94028,8.0],"axis":"z","angle":45.0},"faces":{"north":{"uv":[12.0,8.0,12.75,8.375],"texture":"#2"},"east":{"uv":[12.0,8.5,12.75,8.875],"texture":"#2"},"south":{"uv":[12.0,9.5,12.75,9.875],"texture":"#2"},"west":{"uv":[12.0,10.0,12.75,10.375],"texture":"#2"},"up":{"uv":[2.25,11.25,1.5,10.5],"texture":"#2"},"down":{"uv":[3.25,10.5,2.5,11.25],"texture":"#2"}}},{"from":[6.06257,-3.26485,7.296],"to":[6.70257,-2.46485,8.704],"rotation":{"origin":[7.93447,-1.94028,8.0],"axis":"z","angle":45.0},"faces":{"north":{"uv":[14.0,2.5,14.375,2.875],"texture":"#2"},"east":{"uv":[12.0,10.5,12.75,10.875],"texture":"#2"},"south":{"uv":[3.0,14.0,3.375,14.375],"texture":"#2"},"west":{"uv":[11.0,12.0,11.75,12.375],"texture":"#2"},"up":{"uv":[12.375,12.25,12.0,11.5],"texture":"#2"},"down":{"uv":[12.875,3.5,12.5,4.25],"texture":"#2"}}},{"from":[7.35161,-4.04305,7.36],"to":[7.99161,-2.92305,8.64],"rotation":{"origin":[7.93447,-1.94028,8.0],"axis":"z","angle":22.5},"faces":{"north":{"uv":[13.5,0.5,13.875,1.0],"texture":"#2"},"east":{"uv":[12.0,1.5,12.625,2.0],"texture":"#2"},"south":{"uv":[1.5,13.5,1.875,14.0],"texture":"#2"},"west":{"uv":[12.0,6.5,12.625,7.0],"texture":"#2"},"up":{"uv":[2.875,13.625,2.5,13.0],"texture":"#2"},"down":{"uv":[3.375,13.0,3.0,13.625],"texture":"#2"}}},{"from":[8.88268,-4.95935,7.36],"to":[9.52268,-3.19935,8.64],"rotation":{"origin":[7.93447,-1.94028,8.0],"axis":"z","angle":-22.5},"faces":{"north":{"uv":[10.0,11.5,10.375,12.375],"texture":"#2"},"east":{"uv":[7.0,10.5,7.625,11.375],"texture":"#2"},"south":{"uv":[10.5,11.5,10.875,12.375],"texture":"#2"},"west":{"uv":[10.5,7.0,11.125,7.875],"texture":"#2"},"up":{"uv":[13.375,3.625,13.0,3.0],"texture":"#2"},"down":{"uv":[3.875,13.0,3.5,13.625],"texture":"#2"}}},{"from":[6.5634,-6.62638,8.0],"to":[9.4366,-2.37198,8.0],"rotation":{"origin":[8.435,-2.43438,7.75808],"axis":"y","angle":0.0},"faces":{"north":{"uv":[7.0,3.0,8.375,5.125],"texture":"#2"},"east":{"uv":[0.0,0.0,0.0,2.125],"texture":"#2"},"south":{"uv":[7.0,3.0,8.375,5.125],"texture":"#2"},"west":{"uv":[0.0,0.0,0.0,2.125],"texture":"#2"},"up":{"uv":[1.5,0.0,0.0,0.0],"texture":"#2"},"down":{"uv":[1.5,0.0,0.0,0.0],"texture":"#2"}}},{"from":[5.3134,9.37362,8.0],"to":[10.6866,17.62802,8.0],"rotation":{"origin":[7.685,16.56562,7.75808],"axis":"y","angle":0.0},"faces":{"north":{"uv":[0.75,0.0,2.875,3.5],"texture":"#2"},"east":{"uv":[0.0,0.0,0.0,2.125],"texture":"#2"},"south":{"uv":[0.75,0.0,2.875,3.5],"texture":"#2"},"west":{"uv":[0.0,0.0,0.0,2.125],"texture":"#2"},"up":{"uv":[1.5,0.0,0.0,0.0],"texture":"#2"},"down":{"uv":[1.5,0.0,0.0,0.0],"texture":"#2"}}},{"from":[5.36365,3.73762,7.75808],"to":[8.56365,6.93762,8.24192],"rotation":{"origin":[8.04525,6.35522,8.032],"axis":"z","angle":45.0},"faces":{"north":{"uv":[7.0,5.5,8.625,7.125],"texture":"#2"},"east":{"uv":[8.5,11.0,8.75,12.625],"texture":"#2"},"south":{"uv":[7.0,7.5,8.625,9.125],"texture":"#2"},"west":{"uv":[11.0,9.0,11.25,10.625],"texture":"#2"},"up":{"uv":[12.625,3.25,11.0,3.0],"texture":"#2"},"down":{"uv":[12.125,11.0,10.5,11.25],"texture":"#2"}}},{"from":[6.31977,4.23264,7.50808],"to":[9.63497,7.48384,8.49192],"rotation":{"origin":[7.97737,5.85824,8.0],"axis":"z","angle":45.0},"faces":{"north":{"uv":[8.5,0.0,10.125,1.625],"texture":"#2"},"east":{"uv":[0.0,11.5,0.25,13.125],"texture":"#2"},"south":{"uv":[8.5,2.0,10.125,3.625],"texture":"#2"},"west":{"uv":[11.5,0.0,11.75,1.625],"texture":"#2"},"up":{"uv":[3.125,11.75,1.5,11.5],"texture":"#2"},"down":{"uv":[13.125,2.0,11.5,2.25],"texture":"#2"}}},{"from":[9.5744,6.64052,7.792],"to":[10.3296,9.63572,8.208],"rotation":{"origin":[8.416,9.45012,8.03392],"axis":"z","angle":-22.5},"faces":{"north":{"uv":[3.5,10.5,3.875,12.0],"texture":"#2"},"east":{"uv":[0.5,11.5,0.75,13.0],"texture":"#2"},"south":{"uv":[10.5,5.5,10.875,7.0],"texture":"#2"},"west":{"uv":[11.5,6.5,11.75,8.0],"texture":"#2"},"up":{"uv":[5.375,14.75,5.0,14.5],"texture":"#2"},"down":{"uv":[14.875,5.0,14.5,5.25],"texture":"#2"}}},{"from":[9.0624,8.01232,7.792],"to":[9.9456,10.64802,8.208],"rotation":{"origin":[7.904,9.22192,8.03392],"axis":"z","angle":22.5},"faces":{"north":{"uv":[8.5,4.0,9.0,5.375],"texture":"#2"},"east":{"uv":[9.5,11.5,9.75,12.875],"texture":"#2"},"south":{"uv":[10.0,10.0,10.5,11.375],"texture":"#2"},"west":{"uv":[11.5,9.5,11.75,10.875],"texture":"#2"},"up":{"uv":[14.5,8.75,14.0,8.5],"texture":"#2"},"down":{"uv":[10.0,14.0,9.5,14.25],"texture":"#2"}}},{"from":[7.55873,10.62251,7.792],"to":[8.44193,11.81821,8.208],"rotation":{"origin":[8.00033,11.94036,8.0],"axis":"z","angle":45.0},"faces":{"north":{"uv":[3.5,12.0,4.0,12.625],"texture":"#2"},"east":{"uv":[14.0,1.5,14.25,2.125],"texture":"#2"},"south":{"uv":[6.0,12.0,6.5,12.625],"texture":"#2"},"west":{"uv":[2.5,14.0,2.75,14.625],"texture":"#2"},"up":{"uv":[10.5,14.25,10.0,14.0],"texture":"#2"},"down":{"uv":[14.5,10.0,14.0,10.25],"texture":"#2"}}},{"from":[7.1744,11.64162,7.75808],"to":[7.7376,12.20482,8.24192],"rotation":{"origin":[8.0,11.37922,8.032],"axis":"z","angle":-45.0},"faces":{"north":{"uv":[9.25,14.5,9.0,14.75],"texture":"#2"},"east":{"uv":[14.75,9.5,14.5,9.75],"texture":"#2"},"south":{"uv":[9.75,14.5,9.5,14.75],"texture":"#2"},"west":{"uv":[14.75,9.0,14.5,9.25],"texture":"#2"},"up":{"uv":[10.0,14.75,10.25,14.5],"texture":"#2"},"down":{"uv":[14.5,10.0,14.75,10.25],"texture":"#2"}}},{"from":[7.55807,10.62251,7.792],"to":[8.44127,11.81821,8.208],"rotation":{"origin":[7.99967,11.94036,8.0],"axis":"z","angle":-45.0},"faces":{"north":{"uv":[4.0,12.0,3.5,12.625],"texture":"#2"},"east":{"uv":[2.75,14.0,2.5,14.625],"texture":"#2"},"south":{"uv":[6.5,12.0,6.0,12.625],"texture":"#2"},"west":{"uv":[14.25,1.5,14.0,2.125],"texture":"#2"},"up":{"uv":[10.0,14.25,10.5,14.0],"texture":"#2"},"down":{"uv":[14.0,10.0,14.5,10.25],"texture":"#2"}}},{"from":[6.0544,8.01232,7.792],"to":[6.9376,10.64802,8.208],"rotation":{"origin":[8.096,9.22192,8.03392],"axis":"z","angle":-22.5},"faces":{"north":{"uv":[9.0,4.0,8.5,5.375],"texture":"#2"},"east":{"uv":[11.75,9.5,11.5,10.875],"texture":"#2"},"south":{"uv":[10.5,10.0,10.0,11.375],"texture":"#2"},"west":{"uv":[9.75,11.5,9.5,12.875],"texture":"#2"},"up":{"uv":[14.0,8.75,14.5,8.5],"texture":"#2"},"down":{"uv":[9.5,14.0,10.0,14.25],"texture":"#2"}}},{"from":[5.6704,6.64052,7.792],"to":[6.4256,9.63572,8.208],"rotation":{"origin":[7.584,9.45012,8.03392],"axis":"z","angle":22.5},"faces":{"north":{"uv":[3.875,10.5,3.5,12.0],"texture":"#2"},"east":{"uv":[11.75,6.5,11.5,8.0],"texture":"#2"},"south":{"uv":[10.875,5.5,10.5,7.0],"texture":"#2"},"west":{"uv":[0.75,11.5,0.5,13.0],"texture":"#2"},"up":{"uv":[5.0,14.75,5.375,14.5],"texture":"#2"},"down":{"uv":[14.5,5.0,14.875,5.25],"texture":"#2"}}},{"from":[6.50023,13.05195,7.7984],"to":[7.55463,13.93515,8.2016],"rotation":{"origin":[5.50981,12.63758,8.0],"axis":"z","angle":45.0},"faces":{"north":{"uv":[13.0,5.0,12.5,5.5],"texture":"#2","rotation":270},"east":{"uv":[14.0,12.75,14.5,12.5],"texture":"#2","rotation":90},"south":{"uv":[13.0,5.5,12.5,6.0],"texture":"#2","rotation":90},"west":{"uv":[13.0,14.0,13.5,14.25],"texture":"#2","rotation":90},"up":{"uv":[14.25,12.0,14.0,12.5],"texture":"#2","rotation":90},"down":{"uv":[12.75,14.0,12.5,14.5],"texture":"#2","rotation":90}}},{"from":[5.28437,10.7332,7.808],"to":[6.16757,14.2404,8.192],"rotation":{"origin":[5.50981,12.63758,8.0],"axis":"z","angle":0.0},"faces":{"north":{"uv":[6.0,9.0,5.5,10.75],"texture":"#2"},"east":{"uv":[11.25,1.0,11.0,2.75],"texture":"#2"},"south":{"uv":[6.5,9.0,6.0,10.75],"texture":"#2"},"west":{"uv":[10.75,9.0,10.5,10.75],"texture":"#2"},"up":{"uv":[14.0,8.25,14.5,8.0],"texture":"#2"},"down":{"uv":[8.5,14.0,9.0,14.25],"texture":"#2"}}},{"from":[9.20034,9.41561,7.808],"to":[10.08354,11.00281,8.192],"rotation":{"origin":[10.10981,11.88758,8.0],"axis":"z","angle":0.0},"faces":{"north":{"uv":[7.5,11.5,7.0,12.25],"texture":"#2"},"east":{"uv":[13.75,6.0,13.5,6.75],"texture":"#2"},"south":{"uv":[8.0,11.5,7.5,12.25],"texture":"#2"},"west":{"uv":[13.75,5.0,13.5,5.75],"texture":"#2"},"up":{"uv":[0.5,14.75,1.0,14.5],"texture":"#2"},"down":{"uv":[14.5,0.5,15.0,0.75],"texture":"#2"}}},{"from":[8.85756,11.02664,7.7984],"to":[9.91196,11.90984,8.2016],"rotation":{"origin":[10.10981,11.88758,8.0],"axis":"z","angle":45.0},"faces":{"north":{"uv":[13.0,6.0,12.5,6.5],"texture":"#2","rotation":270},"east":{"uv":[0.0,14.75,0.5,14.5],"texture":"#2","rotation":90},"south":{"uv":[7.0,12.5,6.5,13.0],"texture":"#2","rotation":90},"west":{"uv":[14.5,0.0,15.0,0.25],"texture":"#2","rotation":90},"up":{"uv":[13.75,14.0,13.5,14.5],"texture":"#2","rotation":90},"down":{"uv":[14.25,14.0,14.0,14.5],"texture":"#2","rotation":90}}},{"from":[5.91646,9.41561,7.808],"to":[6.79966,11.00281,8.192],"rotation":{"origin":[5.89019,11.88758,8.0],"axis":"z","angle":0.0},"faces":{"north":{"uv":[7.0,11.5,7.5,12.25],"texture":"#2"},"east":{"uv":[13.5,5.0,13.75,5.75],"texture":"#2"},"south":{"uv":[7.5,11.5,8.0,12.25],"texture":"#2"},"west":{"uv":[13.5,6.0,13.75,6.75],"texture":"#2"},"up":{"uv":[1.0,14.75,0.5,14.5],"texture":"#2"},"down":{"uv":[15.0,0.5,14.5,0.75],"texture":"#2"}}},{"from":[6.08804,11.02664,7.7984],"to":[7.14244,11.90984,8.2016],"rotation":{"origin":[5.89019,11.88758,8.0],"axis":"z","angle":-45.0},"faces":{"north":{"uv":[13.0,6.5,12.5,6.0],"texture":"#2","rotation":270},"east":{"uv":[14.5,0.25,15.0,0.0],"texture":"#2","rotation":90},"south":{"uv":[7.0,13.0,6.5,12.5],"texture":"#2","rotation":90},"west":{"uv":[0.0,14.5,0.5,14.75],"texture":"#2","rotation":90},"up":{"uv":[13.75,14.5,13.5,14.0],"texture":"#2","rotation":90},"down":{"uv":[14.25,14.5,14.0,14.0],"texture":"#2","rotation":90}}},{"from":[9.83243,10.7332,7.808],"to":[10.71563,14.2404,8.192],"rotation":{"origin":[10.49019,12.63758,8.0],"axis":"z","angle":0.0},"faces":{"north":{"uv":[5.5,9.0,6.0,10.75],"texture":"#2"},"east":{"uv":[10.5,9.0,10.75,10.75],"texture":"#2"},"south":{"uv":[6.0,9.0,6.5,10.75],"texture":"#2"},"west":{"uv":[11.0,1.0,11.25,2.75],"texture":"#2"},"up":{"uv":[14.5,8.25,14.0,8.0],"texture":"#2"},"down":{"uv":[9.0,14.0,8.5,14.25],"texture":"#2"}}},{"from":[8.44537,13.05195,7.7984],"to":[9.49977,13.93515,8.2016],"rotation":{"origin":[10.49019,12.63758,8.0],"axis":"z","angle":-45.0},"faces":{"north":{"uv":[13.0,5.5,12.5,5.0],"texture":"#2","rotation":270},"east":{"uv":[13.0,14.25,13.5,14.0],"texture":"#2","rotation":90},"south":{"uv":[13.0,6.0,12.5,5.5],"texture":"#2","rotation":90},"west":{"uv":[14.0,12.5,14.5,12.75],"texture":"#2","rotation":90},"up":{"uv":[14.25,12.5,14.0,12.0],"texture":"#2","rotation":90},"down":{"uv":[12.75,14.5,12.5,14.0],"texture":"#2","rotation":90}}},{"from":[7.02872,-1.77791,7.424],"to":[7.66872,-0.65791,8.576],"rotation":{"origin":[8.06553,-2.04028,8.0],"axis":"z","angle":-22.5},"faces":{"north":{"uv":[13.375,1.5,13.0,2.0],"texture":"#2"},"east":{"uv":[12.625,0.0,12.0,0.5],"texture":"#2"},"south":{"uv":[13.375,10.5,13.0,11.0],"texture":"#2"},"west":{"uv":[11.625,11.5,11.0,12.0],"texture":"#2"},"up":{"uv":[12.5,13.125,12.875,12.5],"texture":"#2"},"down":{"uv":[13.0,0.0,13.375,0.625],"texture":"#2"}}},{"from":[7.59267,-2.91759,7.424],"to":[8.16867,-1.90959,8.576],"rotation":{"origin":[8.06553,-2.04028,8.0],"axis":"z","angle":-22.5},"faces":{"north":{"uv":[6.75,14.0,6.5,14.5],"texture":"#2"},"east":{"uv":[12.625,1.0,12.0,1.5],"texture":"#2"},"south":{"uv":[14.25,6.5,14.0,7.0],"texture":"#2"},"west":{"uv":[12.625,0.5,12.0,1.0],"texture":"#2"},"up":{"uv":[12.0,14.125,12.25,13.5],"texture":"#2"},"down":{"uv":[13.5,12.0,13.75,12.625],"texture":"#2"}}},{"from":[8.33128,0.47209,7.424],"to":[8.97128,1.59209,8.576],"rotation":{"origin":[7.93447,0.20972,8.0],"axis":"z","angle":22.5},"faces":{"north":{"uv":[13.0,1.5,13.375,2.0],"texture":"#2"},"east":{"uv":[11.0,11.5,11.625,12.0],"texture":"#2"},"south":{"uv":[13.0,10.5,13.375,11.0],"texture":"#2"},"west":{"uv":[12.0,0.0,12.625,0.5],"texture":"#2"},"up":{"uv":[12.875,13.125,12.5,12.5],"texture":"#2"},"down":{"uv":[13.375,0.0,13.0,0.625],"texture":"#2"}}},{"from":[7.83133,-0.66759,7.424],"to":[8.40733,0.34041,8.576],"rotation":{"origin":[7.93447,0.20972,8.0],"axis":"z","angle":22.5},"faces":{"north":{"uv":[6.5,14.0,6.75,14.5],"texture":"#2"},"east":{"uv":[12.0,0.5,12.625,1.0],"texture":"#2"},"south":{"uv":[14.0,6.5,14.25,7.0],"texture":"#2"},"west":{"uv":[12.0,1.0,12.625,1.5],"texture":"#2"},"up":{"uv":[12.25,14.125,12.0,13.5],"texture":"#2"},"down":{"uv":[13.75,12.0,13.5,12.625],"texture":"#2"}}},{"from":[7.87276,0.69534,7.36],"to":[8.51276,1.17534,8.64],"rotation":{"origin":[7.93447,0.20972,8.0],"axis":"z","angle":45.0},"faces":{"north":{"uv":[14.5,3.5,14.875,3.75],"texture":"#2"},"east":{"uv":[12.5,13.5,13.125,13.75],"texture":"#2"},"south":{"uv":[14.5,4.0,14.875,4.25],"texture":"#2"},"west":{"uv":[13.5,13.0,14.125,13.25],"texture":"#2"},"up":{"uv":[0.875,13.625,0.5,13.0],"texture":"#2"},"down":{"uv":[1.375,13.0,1.0,13.625],"texture":"#2"}}},{"from":[7.87276,0.05534,7.36],"to":[8.99276,0.69534,8.64],"rotation":{"origin":[7.93447,0.20972,8.0],"axis":"z","angle":45.0},"faces":{"north":{"uv":[0.0,13.5,0.5,13.875],"texture":"#2"},"east":{"uv":[13.0,1.0,13.625,1.375],"texture":"#2"},"south":{"uv":[13.5,0.0,14.0,0.375],"texture":"#2"},"west":{"uv":[1.5,13.0,2.125,13.375],"texture":"#2"},"up":{"uv":[2.0,12.625,1.5,12.0],"texture":"#2"},"down":{"uv":[2.5,12.0,2.0,12.625],"texture":"#2"}}},{"from":[7.0276,-0.20576,7.3664],"to":[7.6036,0.22624,8.6336],"rotation":{"origin":[7.93447,0.20972,8.0],"axis":"z","angle":45.0},"faces":{"north":{"uv":[8.5,14.5,8.75,14.75],"texture":"#2"},"east":{"uv":[13.5,13.5,14.125,13.75],"texture":"#2"},"south":{"uv":[14.5,8.5,14.75,8.75],"texture":"#2"},"west":{"uv":[0.0,14.0,0.625,14.25],"texture":"#2"},"up":{"uv":[14.25,0.625,14.0,0.0],"texture":"#2"},"down":{"uv":[1.25,14.0,1.0,14.625],"texture":"#2"}}},{"from":[7.0276,-0.78176,7.3664],"to":[8.0356,-0.20576,8.6336],"rotation":{"origin":[7.93447,0.20972,8.0],"axis":"z","angle":45.0},"faces":{"north":{"uv":[14.0,7.0,14.5,7.25],"texture":"#2"},"east":{"uv":[14.0,1.0,14.625,1.25],"texture":"#2"},"south":{"uv":[7.5,14.0,8.0,14.25],"texture":"#2"},"west":{"uv":[1.5,14.0,2.125,14.25],"texture":"#2"},"up":{"uv":[3.0,12.625,2.5,12.0],"texture":"#2"},"down":{"uv":[3.5,12.0,3.0,12.625],"texture":"#2"}}},{"from":[7.02872,0.47209,7.424],"to":[7.66872,1.59209,8.576],"rotation":{"origin":[8.06553,0.20972,8.0],"axis":"z","angle":-22.5},"faces":{"north":{"uv":[13.375,1.5,13.0,2.0],"texture":"#2"},"east":{"uv":[12.625,0.0,12.0,0.5],"texture":"#2"},"south":{"uv":[13.375,10.5,13.0,11.0],"texture":"#2"},"west":{"uv":[11.625,11.5,11.0,12.0],"texture":"#2"},"up":{"uv":[12.5,13.125,12.875,12.5],"texture":"#2"},"down":{"uv":[13.0,0.0,13.375,0.625],"texture":"#2"}}},{"from":[7.59267,-0.66759,7.424],"to":[8.16867,0.34041,8.576],"rotation":{"origin":[8.06553,0.20972,8.0],"axis":"z","angle":-22.5},"faces":{"north":{"uv":[6.75,14.0,6.5,14.5],"texture":"#2"},"east":{"uv":[12.625,1.0,12.0,1.5],"texture":"#2"},"south":{"uv":[14.25,6.5,14.0,7.0],"texture":"#2"},"west":{"uv":[12.625,0.5,12.0,1.0],"texture":"#2"},"up":{"uv":[12.0,14.125,12.25,13.5],"texture":"#2"},"down":{"uv":[13.5,12.0,13.75,12.625],"texture":"#2"}}},{"from":[7.83133,1.58241,7.424],"to":[8.40733,2.59041,8.576],"rotation":{"origin":[7.93447,2.45972,8.0],"axis":"z","angle":22.5},"faces":{"north":{"uv":[6.5,14.0,6.75,14.5],"texture":"#2"},"east":{"uv":[12.0,0.5,12.625,1.0],"texture":"#2"},"south":{"uv":[14.0,6.5,14.25,7.0],"texture":"#2"},"west":{"uv":[12.0,1.0,12.625,1.5],"texture":"#2"},"up":{"uv":[12.25,14.125,12.0,13.5],"texture":"#2"},"down":{"uv":[13.75,12.0,13.5,12.625],"texture":"#2"}}},{"from":[7.0276,2.04424,7.3664],"to":[7.6036,2.47624,8.6336],"rotation":{"origin":[7.93447,2.45972,8.0],"axis":"z","angle":45.0},"faces":{"north":{"uv":[8.5,14.5,8.75,14.75],"texture":"#2"},"east":{"uv":[13.5,13.5,14.125,13.75],"texture":"#2"},"south":{"uv":[14.5,8.5,14.75,8.75],"texture":"#2"},"west":{"uv":[0.0,14.0,0.625,14.25],"texture":"#2"},"up":{"uv":[14.25,0.625,14.0,0.0],"texture":"#2"},"down":{"uv":[1.25,14.0,1.0,14.625],"texture":"#2"}}},{"from":[7.0276,1.46824,7.3664],"to":[8.0356,2.04424,8.6336],"rotation":{"origin":[7.93447,2.45972,8.0],"axis":"z","angle":45.0},"faces":{"north":{"uv":[14.0,7.0,14.5,7.25],"texture":"#2"},"east":{"uv":[14.0,1.0,14.625,1.25],"texture":"#2"},"south":{"uv":[7.5,14.0,8.0,14.25],"texture":"#2"},"west":{"uv":[1.5,14.0,2.125,14.25],"texture":"#2"},"up":{"uv":[3.0,12.625,2.5,12.0],"texture":"#2"},"down":{"uv":[3.5,12.0,3.0,12.625],"texture":"#2"}}},{"from":[7.59267,1.58241,7.424],"to":[8.16867,2.59041,8.576],"rotation":{"origin":[8.06553,2.45972,8.0],"axis":"z","angle":-22.5},"faces":{"north":{"uv":[6.75,14.0,6.5,14.5],"texture":"#2"},"east":{"uv":[12.625,1.0,12.0,1.5],"texture":"#2"},"south":{"uv":[14.25,6.5,14.0,7.0],"texture":"#2"},"west":{"uv":[12.625,0.5,12.0,1.0],"texture":"#2"},"up":{"uv":[12.0,14.125,12.25,13.5],"texture":"#2"},"down":{"uv":[13.5,12.0,13.75,12.625],"texture":"#2"}}},{"from":[8.00839,-4.04305,7.36],"to":[8.64839,-2.92305,8.64],"rotation":{"origin":[8.06553,-1.94028,8.0],"axis":"z","angle":-22.5},"faces":{"north":{"uv":[13.875,0.5,13.5,1.0],"texture":"#2"},"east":{"uv":[12.625,6.5,12.0,7.0],"texture":"#2"},"south":{"uv":[1.875,13.5,1.5,14.0],"texture":"#2"},"west":{"uv":[12.625,1.5,12.0,2.0],"texture":"#2"},"up":{"uv":[2.5,13.625,2.875,13.0],"texture":"#2"},"down":{"uv":[3.0,13.0,3.375,13.625],"texture":"#2"}}},{"from":[6.47732,-4.95935,7.36],"to":[7.11732,-3.19935,8.64],"rotation":{"origin":[8.06553,-1.94028,8.0],"axis":"z","angle":22.5},"faces":{"north":{"uv":[10.375,11.5,10.0,12.375],"texture":"#2"},"east":{"uv":[11.125,7.0,10.5,7.875],"texture":"#2"},"south":{"uv":[10.875,11.5,10.5,12.375],"texture":"#2"},"west":{"uv":[7.625,10.5,7.0,11.375],"texture":"#2"},"up":{"uv":[13.0,3.625,13.375,3.0],"texture":"#2"},"down":{"uv":[3.5,13.0,3.875,13.625],"texture":"#2"}}},{"from":[6.06257,2.86485,7.296],"to":[7.50257,3.50485,8.704],"rotation":{"origin":[7.93447,1.54028,8.0],"axis":"z","angle":-45.0},"faces":{"north":{"uv":[12.0,8.375,12.75,8.0],"texture":"#2"},"east":{"uv":[12.0,8.875,12.75,8.5],"texture":"#2"},"south":{"uv":[12.0,9.875,12.75,9.5],"texture":"#2"},"west":{"uv":[12.0,10.375,12.75,10.0],"texture":"#2"},"up":{"uv":[3.25,11.25,2.5,10.5],"texture":"#2"},"down":{"uv":[2.25,10.5,1.5,11.25],"texture":"#2"}}},{"from":[6.06257,2.06485,7.296],"to":[6.70257,2.86485,8.704],"rotation":{"origin":[7.93447,1.54028,8.0],"axis":"z","angle":-45.0},"faces":{"north":{"uv":[14.0,2.875,14.375,2.5],"texture":"#2"},"east":{"uv":[12.0,10.875,12.75,10.5],"texture":"#2"},"south":{"uv":[3.0,14.375,3.375,14.0],"texture":"#2"},"west":{"uv":[11.0,12.375,11.75,12.0],"texture":"#2"},"up":{"uv":[12.875,4.25,12.5,3.5],"texture":"#2"},"down":{"uv":[12.375,11.5,12.0,12.25],"texture":"#2"}}},{"from":[6.47732,2.79935,7.36],"to":[7.11732,4.55935,8.64],"rotation":{"origin":[8.06553,1.54028,8.0],"axis":"z","angle":-22.5},"faces":{"north":{"uv":[10.375,12.375,10.0,11.5],"texture":"#2"},"east":{"uv":[11.125,7.875,10.5,7.0],"texture":"#2"},"south":{"uv":[10.875,12.375,10.5,11.5],"texture":"#2"},"west":{"uv":[7.625,11.375,7.0,10.5],"texture":"#2"},"up":{"uv":[3.5,13.625,3.875,13.0],"texture":"#2"},"down":{"uv":[13.0,3.0,13.375,3.625],"texture":"#2"}}},{"from":[8.88268,2.79935,7.36],"to":[9.52268,4.55935,8.64],"rotation":{"origin":[7.93447,1.54028,8.0],"axis":"z","angle":22.5},"faces":{"north":{"uv":[10.0,12.375,10.375,11.5],"texture":"#2"},"east":{"uv":[7.0,11.375,7.625,10.5],"texture":"#2"},"south":{"uv":[10.5,12.375,10.875,11.5],"texture":"#2"},"west":{"uv":[10.5,7.875,11.125,7.0],"texture":"#2"},"up":{"uv":[3.875,13.625,3.5,13.0],"texture":"#2"},"down":{"uv":[13.375,3.0,13.0,3.625],"texture":"#2"}}},{"from":[5.39634,4.80628,7.328],"to":[5.76114,5.17108,8.672],"rotation":{"origin":[7.93447,2.54028,8.0],"axis":"z","angle":-45.0},"faces":{"north":{"uv":[11.0,14.625,11.125,14.5],"texture":"#2"},"east":{"uv":[7.0,14.625,7.625,14.5],"texture":"#2"},"south":{"uv":[14.5,11.125,14.625,11.0],"texture":"#2"},"west":{"uv":[14.5,7.125,15.125,7.0],"texture":"#2"},"up":{"uv":[8.125,15.125,8.0,14.5],"texture":"#2"},"down":{"uv":[14.625,7.5,14.5,8.125],"texture":"#2"}}},{"from":[8.00839,2.52305,7.36],"to":[8.64839,3.64305,8.64],"rotation":{"origin":[8.06553,1.54028,8.0],"axis":"z","angle":22.5},"faces":{"north":{"uv":[13.875,1.0,13.5,0.5],"texture":"#2"},"east":{"uv":[12.625,7.0,12.0,6.5],"texture":"#2"},"south":{"uv":[1.875,14.0,1.5,13.5],"texture":"#2"},"west":{"uv":[12.625,2.0,12.0,1.5],"texture":"#2"},"up":{"uv":[3.0,13.625,3.375,13.0],"texture":"#2"},"down":{"uv":[2.5,13.0,2.875,13.625],"texture":"#2"}}},{"from":[7.35161,2.52305,7.36],"to":[7.99161,3.64305,8.64],"rotation":{"origin":[7.93447,1.54028,8.0],"axis":"z","angle":-22.5},"faces":{"north":{"uv":[13.5,1.0,13.875,0.5],"texture":"#2"},"east":{"uv":[12.0,2.0,12.625,1.5],"texture":"#2"},"south":{"uv":[1.5,14.0,1.875,13.5],"texture":"#2"},"west":{"uv":[12.0,7.0,12.625,6.5],"texture":"#2"},"up":{"uv":[3.375,13.625,3.0,13.0],"texture":"#2"},"down":{"uv":[2.875,13.0,2.5,13.625],"texture":"#2"}}}],"textures":{"particle":"a64b06a0-4f5a-45b3-8763-a6e106487f5e","1":"a64b06a0-4f5a-45b3-8763-a6e106487f5e","2":"12c43c44-10fd-43c1-b5ff-9144d013e49e"},"gui_light":"front"}