{"display":{"thirdperson_righthand":{"rotation":[75.0,45.0,0.0],"translation":[0.0,2.5,0.0],"scale":[0.375,0.375,0.375]},"thirdperson_lefthand":{"rotation":[75.0,45.0,0.0],"translation":[0.0,2.5,0.0],"scale":[0.375,0.375,0.375]},"firstperson_righthand":{"rotation":[0.0,45.0,0.0],"scale":[0.4,0.4,0.4]},"firstperson_lefthand":{"rotation":[0.0,225.0,0.0],"scale":[0.4,0.4,0.4]},"gui":{"rotation":[30.0,36.0,0.0],"translation":[1.75,-0.5,0.0],"scale":[0.57031,0.57031,0.57031]},"ground":{"translation":[0.0,3.0,0.0],"scale":[0.25,0.25,0.25]},"fixed":{"rotation":[-90.0,0.0,0.0],"translation":[0.0,12.0,-16.0],"scale":[2.0,2.0,2.0]}},"elements":[{"from":[2.0,4.0,-5.0],"to":[3.0,13.0,9.0],"faces":{"down":{"uv":[1.5,10.5,1.25,14.0],"texture":"#0"},"up":{"uv":[1.25,14.0,1.0,10.5],"texture":"#0"},"north":{"uv":[3.0,11.5,3.25,13.75],"texture":"#0"},"south":{"uv":[3.25,11.5,3.5,13.75],"texture":"#0"},"west":{"uv":[0.0,2.25,3.5,4.5],"texture":"#0"},"east":{"uv":[0.0,0.0,3.5,2.25],"texture":"#0"}}},{"from":[-1.0,2.9,-1.0],"to":[17.0,4.9,1.0],"faces":{"down":{"uv":[12.0,6.0,7.5,6.5],"texture":"#0"},"up":{"uv":[12.0,6.0,7.5,5.5],"texture":"#0"},"north":{"uv":[7.5,4.5,12.0,5.0],"texture":"#0"},"south":{"uv":[7.5,5.0,12.0,5.5],"texture":"#0"},"west":{"uv":[12.0,10.0,12.5,10.5],"texture":"#0"},"east":{"uv":[11.5,4.0,12.0,4.5],"texture":"#0"}}},{"from":[13.0,4.0,-5.0],"to":[14.0,13.0,9.0],"faces":{"down":{"uv":[2.0,10.5,1.75,14.0],"texture":"#0"},"up":{"uv":[1.75,14.0,1.5,10.5],"texture":"#0"},"north":{"uv":[4.0,11.5,4.25,13.75],"texture":"#0"},"south":{"uv":[4.25,11.5,4.5,13.75],"texture":"#0"},"west":{"uv":[3.5,2.25,7.0,4.5],"texture":"#0"},"east":{"uv":[3.5,0.0,7.0,2.25],"texture":"#0"}}},{"from":[13.0,13.0,-6.0],"to":[15.0,14.0,10.0],"faces":{"down":{"uv":[5.0,7.5,4.5,11.5],"texture":"#0"},"up":{"uv":[4.5,11.5,4.0,7.5],"texture":"#0"},"north":{"uv":[13.0,10.5,13.5,10.75],"texture":"#0"},"south":{"uv":[13.25,8.75,13.75,9.0],"texture":"#0"},"west":{"uv":[9.5,1.25,13.5,1.5],"texture":"#0"},"east":{"uv":[9.5,1.0,13.5,1.25],"texture":"#0"}}},{"from":[1.0,13.0,-6.0],"to":[3.0,14.0,10.0],"faces":{"down":{"uv":[1.0,9.0,0.5,13.0],"texture":"#0"},"up":{"uv":[0.5,13.0,0.0,9.0],"texture":"#0"},"north":{"uv":[13.5,6.25,14.0,6.5],"texture":"#0"},"south":{"uv":[7.25,13.5,7.75,13.75],"texture":"#0"},"west":{"uv":[9.5,1.75,13.5,2.0],"texture":"#0"},"east":{"uv":[9.5,1.5,13.5,1.75],"texture":"#0"}}},{"from":[3.0,13.0,-6.0],"to":[13.0,14.0,-4.0],"faces":{"down":{"uv":[7.5,9.0,5.0,9.5],"texture":"#0"},"up":{"uv":[3.5,9.5,1.0,9.0],"texture":"#0"},"north":{"uv":[10.75,7.75,13.25,8.0],"texture":"#0"},"south":{"uv":[10.75,8.0,13.25,8.25],"texture":"#0"},"west":{"uv":[8.25,13.5,8.75,13.75],"texture":"#0"},"east":{"uv":[7.75,13.5,8.25,13.75],"texture":"#0"}}},{"from":[4.25,11.25,-10.75],"to":[5.75,12.75,-5.25],"faces":{"down":{"uv":[7.0,10.5,6.5,12.0],"texture":"#0"},"up":{"uv":[3.0,12.0,2.5,10.5],"texture":"#0"},"north":{"uv":[13.0,0.5,13.5,1.0],"texture":"#0"},"south":{"uv":[2.25,13.0,2.75,13.5],"texture":"#0"},"west":{"uv":[5.0,10.5,6.5,11.0],"texture":"#0"},"east":{"uv":[10.25,9.0,11.75,9.5],"texture":"#0"}}},{"from":[4.0,11.0,-12.4],"to":[6.0,13.0,-10.4],"faces":{"down":{"uv":[13.5,5.5,13.0,6.0],"texture":"#0"},"up":{"uv":[13.5,5.5,13.0,5.0],"texture":"#0"},"north":{"uv":[13.0,3.0,13.5,3.5],"texture":"#0"},"south":{"uv":[13.0,4.0,13.5,4.5],"texture":"#0"},"west":{"uv":[13.0,4.5,13.5,5.0],"texture":"#0"},"east":{"uv":[13.0,3.5,13.5,4.0],"texture":"#0"}}},{"from":[2.0,12.0,-12.4],"to":[4.0,13.0,-11.4],"faces":{"down":{"uv":[14.0,10.75,13.5,11.0],"texture":"#0"},"up":{"uv":[14.0,10.75,13.5,10.5],"texture":"#0"},"north":{"uv":[13.5,10.0,14.0,10.25],"texture":"#0"},"south":{"uv":[13.5,10.25,14.0,10.5],"texture":"#0"},"west":{"uv":[3.25,13.75,3.5,14.0],"texture":"#0"},"east":{"uv":[3.0,13.75,3.25,14.0],"texture":"#0"}}},{"from":[6.0,12.0,-12.4],"to":[7.0,13.0,-11.4],"faces":{"down":{"uv":[14.0,4.25,13.75,4.5],"texture":"#0"},"up":{"uv":[4.5,14.0,4.25,13.75],"texture":"#0"},"north":{"uv":[13.75,3.5,14.0,3.75],"texture":"#0"},"south":{"uv":[4.0,13.75,4.25,14.0],"texture":"#0"},"west":{"uv":[13.75,4.0,14.0,4.25],"texture":"#0"},"east":{"uv":[13.75,3.75,14.0,4.0],"texture":"#0"}}},{"from":[10.25,11.25,-10.75],"to":[11.75,12.75,-5.25],"faces":{"down":{"uv":[6.5,10.5,7.0,12.0],"texture":"#0"},"up":{"uv":[2.5,12.0,3.0,10.5],"texture":"#0"},"north":{"uv":[13.5,0.5,13.0,1.0],"texture":"#0"},"south":{"uv":[2.75,13.0,2.25,13.5],"texture":"#0"},"west":{"uv":[11.75,9.0,10.25,9.5],"texture":"#0"},"east":{"uv":[6.5,10.5,5.0,11.0],"texture":"#0"}}},{"from":[9.0,12.0,-12.4],"to":[10.0,13.0,-11.4],"faces":{"down":{"uv":[13.75,4.25,14.0,4.5],"texture":"#0"},"up":{"uv":[4.25,14.0,4.5,13.75],"texture":"#0"},"north":{"uv":[14.0,3.5,13.75,3.75],"texture":"#0"},"south":{"uv":[4.25,13.75,4.0,14.0],"texture":"#0"},"west":{"uv":[14.0,3.75,13.75,4.0],"texture":"#0"},"east":{"uv":[14.0,4.0,13.75,4.25],"texture":"#0"}}},{"from":[10.0,11.0,-12.4],"to":[12.0,13.0,-10.4],"faces":{"down":{"uv":[13.0,5.5,13.5,6.0],"texture":"#0"},"up":{"uv":[13.0,5.5,13.5,5.0],"texture":"#0"},"north":{"uv":[13.5,3.0,13.0,3.5],"texture":"#0"},"south":{"uv":[13.5,4.0,13.0,4.5],"texture":"#0"},"west":{"uv":[13.5,3.5,13.0,4.0],"texture":"#0"},"east":{"uv":[13.5,4.5,13.0,5.0],"texture":"#0"}}},{"from":[12.0,12.0,-12.4],"to":[14.0,13.0,-11.4],"faces":{"down":{"uv":[13.5,10.75,14.0,11.0],"texture":"#0"},"up":{"uv":[13.5,10.75,14.0,10.5],"texture":"#0"},"north":{"uv":[14.0,10.0,13.5,10.25],"texture":"#0"},"south":{"uv":[14.0,10.25,13.5,10.5],"texture":"#0"},"west":{"uv":[3.25,13.75,3.0,14.0],"texture":"#0"},"east":{"uv":[3.5,13.75,3.25,14.0],"texture":"#0"}}},{"from":[3.0,13.0,8.0],"to":[13.0,14.0,10.0],"faces":{"down":{"uv":[12.0,0.5,9.5,1.0],"texture":"#0"},"up":{"uv":[12.0,0.5,9.5,0.0],"texture":"#0"},"north":{"uv":[10.75,8.25,13.25,8.5],"texture":"#0"},"south":{"uv":[10.75,8.5,13.25,8.75],"texture":"#0"},"west":{"uv":[13.5,11.25,14.0,11.5],"texture":"#0"},"east":{"uv":[13.5,11.0,14.0,11.25],"texture":"#0"}}},{"from":[3.0,4.0,8.0],"to":[13.0,13.0,9.0],"faces":{"down":{"uv":[13.5,10.75,11.0,11.0],"texture":"#0"},"up":{"uv":[13.25,9.0,10.75,8.75],"texture":"#0"},"north":{"uv":[5.0,4.5,7.5,6.75],"texture":"#0"},"south":{"uv":[5.0,6.75,7.5,9.0],"texture":"#0"},"west":{"uv":[4.75,11.5,5.0,13.75],"texture":"#0"},"east":{"uv":[4.5,11.5,4.75,13.75],"texture":"#0"}}},{"from":[4.0,4.0,9.0],"to":[12.0,10.0,10.0],"faces":{"down":{"uv":[13.5,2.75,11.5,3.0],"texture":"#0"},"up":{"uv":[13.5,2.75,11.5,2.5],"texture":"#0"},"north":{"uv":[0.0,7.5,2.0,9.0],"texture":"#0"},"south":{"uv":[2.0,7.5,4.0,9.0],"texture":"#0"},"west":{"uv":[12.75,9.0,13.0,10.5],"texture":"#0"},"east":{"uv":[12.5,9.0,12.75,10.5],"texture":"#0"}}},{"from":[10.0,11.0,8.599999],"to":[11.0,14.0,19.6],"rotation":{"origin":[0.0,8.0,-6.4],"axis":"x","angle":22.5},"faces":{"down":{"uv":[6.0,11.0,5.75,13.75],"texture":"#0"},"up":{"uv":[5.75,13.75,5.5,11.0],"texture":"#0"},"north":{"uv":[13.5,5.5,13.75,6.25],"texture":"#0"},"south":{"uv":[6.5,13.5,6.75,14.25],"texture":"#0"},"west":{"uv":[7.5,7.25,10.25,8.0],"texture":"#0"},"east":{"uv":[7.5,6.5,10.25,7.25],"texture":"#0"}}},{"from":[5.0,11.0,8.599999],"to":[6.0,14.0,19.6],"rotation":{"origin":[-5.0,8.0,-6.4],"axis":"x","angle":22.5},"faces":{"down":{"uv":[6.0,11.0,5.75,13.75],"texture":"#0"},"up":{"uv":[5.75,13.75,5.5,11.0],"texture":"#0"},"north":{"uv":[13.5,5.5,13.75,6.25],"texture":"#0"},"south":{"uv":[6.5,13.5,6.75,14.25],"texture":"#0"},"west":{"uv":[7.5,7.25,10.25,8.0],"texture":"#0"},"east":{"uv":[7.5,6.5,10.25,7.25],"texture":"#0"}}},{"from":[4.1,2.0,17.1],"to":[11.9,3.8,18.9],"faces":{"down":{"uv":[11.5,3.0,9.5,3.5],"texture":"#0"},"up":{"uv":[11.5,3.0,9.5,2.5],"texture":"#0"},"north":{"uv":[1.0,9.5,3.0,10.0],"texture":"#0"},"south":{"uv":[9.5,2.0,11.5,2.5],"texture":"#0"},"west":{"uv":[13.0,9.5,13.5,10.0],"texture":"#0"},"east":{"uv":[13.0,9.0,13.5,9.5],"texture":"#0"}}},{"from":[3.0,4.0,-5.0],"to":[13.0,13.0,-4.0],"faces":{"down":{"uv":[13.5,11.25,11.0,11.5],"texture":"#0"},"up":{"uv":[13.5,11.25,11.0,11.0],"texture":"#0"},"north":{"uv":[7.0,0.0,9.5,2.25],"texture":"#0"},"south":{"uv":[7.0,2.25,9.5,4.5],"texture":"#0"},"west":{"uv":[9.25,11.5,9.5,13.75],"texture":"#0"},"east":{"uv":[9.0,11.5,9.25,13.75],"texture":"#0"}}},{"from":[3.0,4.0,-4.0],"to":[13.0,5.0,8.0],"faces":{"down":{"uv":[5.0,4.5,2.5,7.5],"texture":"#0"},"up":{"uv":[2.5,7.5,0.0,4.5],"texture":"#0"},"north":{"uv":[11.5,2.0,14.0,2.25],"texture":"#0"},"south":{"uv":[11.5,2.25,14.0,2.5],"texture":"#0"},"west":{"uv":[10.75,7.5,13.75,7.75],"texture":"#0"},"east":{"uv":[10.0,10.5,13.0,10.75],"texture":"#0"}}},{"from":[14.0,5.9,-4.0],"to":[16.0,7.9,4.0],"faces":{"down":{"uv":[8.0,10.0,7.5,12.0],"texture":"#0"},"up":{"uv":[7.5,12.0,7.0,10.0],"texture":"#0"},"north":{"uv":[10.0,13.25,10.5,13.75],"texture":"#0"},"south":{"uv":[12.5,13.25,13.0,13.75],"texture":"#0"},"west":{"uv":[5.0,10.0,7.0,10.5],"texture":"#0"},"east":{"uv":[1.0,10.0,3.0,10.5],"texture":"#0"}}},{"from":[14.0,1.9,-4.0],"to":[16.0,5.9,-2.0],"faces":{"down":{"uv":[14.0,1.0,13.5,1.5],"texture":"#0"},"up":{"uv":[14.0,1.0,13.5,0.5],"texture":"#0"},"north":{"uv":[12.0,3.0,12.5,4.0],"texture":"#0"},"south":{"uv":[12.0,5.0,12.5,6.0],"texture":"#0"},"west":{"uv":[6.5,12.0,7.0,13.0],"texture":"#0"},"east":{"uv":[12.0,4.0,12.5,5.0],"texture":"#0"}}},{"from":[14.5,3.4,-0.5],"to":[15.5,10.4,0.5],"rotation":{"origin":[14.5,5.4,4.0],"axis":"x","angle":-45.0},"faces":{"down":{"uv":[14.0,5.25,13.75,5.5],"texture":"#0"},"up":{"uv":[14.0,5.25,13.75,5.0],"texture":"#0"},"north":{"uv":[9.75,12.5,10.0,14.25],"texture":"#0"},"south":{"uv":[11.25,12.5,11.5,14.25],"texture":"#0"},"west":{"uv":[11.5,12.5,11.75,14.25],"texture":"#0"},"east":{"uv":[11.0,12.5,11.25,14.25],"texture":"#0"}}},{"from":[14.5,3.4,-0.5],"to":[15.5,10.4,0.5],"rotation":{"origin":[14.5,5.4,-4.0],"axis":"x","angle":45.0},"faces":{"down":{"uv":[14.0,5.5,13.75,5.75],"texture":"#0"},"up":{"uv":[5.75,14.0,5.5,13.75],"texture":"#0"},"north":{"uv":[12.5,11.5,12.75,13.25],"texture":"#0"},"south":{"uv":[12.0,12.5,12.25,14.25],"texture":"#0"},"west":{"uv":[12.25,12.5,12.5,14.25],"texture":"#0"},"east":{"uv":[11.75,12.5,12.0,14.25],"texture":"#0"}}},{"from":[14.0,1.9,2.0],"to":[16.0,5.9,4.0],"faces":{"down":{"uv":[2.75,13.5,2.25,14.0],"texture":"#0"},"up":{"uv":[14.0,2.0,13.5,1.5],"texture":"#0"},"north":{"uv":[7.0,12.0,7.5,13.0],"texture":"#0"},"south":{"uv":[8.0,12.0,8.5,13.0],"texture":"#0"},"west":{"uv":[8.5,12.0,9.0,13.0],"texture":"#0"},"east":{"uv":[7.5,12.0,8.0,13.0],"texture":"#0"}}},{"from":[14.0,-0.09999999,-4.0],"to":[16.0,1.9,4.0],"faces":{"down":{"uv":[9.0,10.0,8.5,12.0],"texture":"#0"},"up":{"uv":[8.5,12.0,8.0,10.0],"texture":"#0"},"north":{"uv":[13.5,2.5,14.0,3.0],"texture":"#0"},"south":{"uv":[13.5,3.0,14.0,3.5],"texture":"#0"},"west":{"uv":[10.0,10.0,12.0,10.5],"texture":"#0"},"east":{"uv":[10.0,9.5,12.0,10.0],"texture":"#0"}}},{"from":[0.0,5.9,-4.0],"to":[2.0,7.9,4.0],"faces":{"down":{"uv":[7.5,10.0,8.0,12.0],"texture":"#0"},"up":{"uv":[7.0,12.0,7.5,10.0],"texture":"#0"},"north":{"uv":[10.5,13.25,10.0,13.75],"texture":"#0"},"south":{"uv":[13.0,13.25,12.5,13.75],"texture":"#0"},"west":{"uv":[3.0,10.0,1.0,10.5],"texture":"#0"},"east":{"uv":[7.0,10.0,5.0,10.5],"texture":"#0"}}},{"from":[0.0,1.9,-4.0],"to":[2.0,5.9,-2.0],"faces":{"down":{"uv":[13.5,1.0,14.0,1.5],"texture":"#0"},"up":{"uv":[13.5,1.0,14.0,0.5],"texture":"#0"},"north":{"uv":[12.5,3.0,12.0,4.0],"texture":"#0"},"south":{"uv":[12.5,5.0,12.0,6.0],"texture":"#0"},"west":{"uv":[12.5,4.0,12.0,5.0],"texture":"#0"},"east":{"uv":[7.0,12.0,6.5,13.0],"texture":"#0"}}},{"from":[0.5,3.4,-0.5],"to":[1.5,10.4,0.5],"rotation":{"origin":[1.5,5.4,4.0],"axis":"x","angle":-45.0},"faces":{"down":{"uv":[13.75,5.25,14.0,5.5],"texture":"#0"},"up":{"uv":[13.75,5.25,14.0,5.0],"texture":"#0"},"north":{"uv":[10.0,12.5,9.75,14.25],"texture":"#0"},"south":{"uv":[11.5,12.5,11.25,14.25],"texture":"#0"},"west":{"uv":[11.25,12.5,11.0,14.25],"texture":"#0"},"east":{"uv":[11.75,12.5,11.5,14.25],"texture":"#0"}}},{"from":[0.5,3.4,-0.5],"to":[1.5,10.4,0.5],"rotation":{"origin":[1.5,5.4,-4.0],"axis":"x","angle":45.0},"faces":{"down":{"uv":[13.75,5.5,14.0,5.75],"texture":"#0"},"up":{"uv":[5.5,14.0,5.75,13.75],"texture":"#0"},"north":{"uv":[12.75,11.5,12.5,13.25],"texture":"#0"},"south":{"uv":[12.25,12.5,12.0,14.25],"texture":"#0"},"west":{"uv":[12.0,12.5,11.75,14.25],"texture":"#0"},"east":{"uv":[12.5,12.5,12.25,14.25],"texture":"#0"}}},{"from":[0.0,1.9,2.0],"to":[2.0,5.9,4.0],"faces":{"down":{"uv":[2.25,13.5,2.75,14.0],"texture":"#0"},"up":{"uv":[13.5,2.0,14.0,1.5],"texture":"#0"},"north":{"uv":[7.5,12.0,7.0,13.0],"texture":"#0"},"south":{"uv":[8.5,12.0,8.0,13.0],"texture":"#0"},"west":{"uv":[8.0,12.0,7.5,13.0],"texture":"#0"},"east":{"uv":[9.0,12.0,8.5,13.0],"texture":"#0"}}},{"from":[0.0,-0.09999999,-4.0],"to":[2.0,1.9,4.0],"faces":{"down":{"uv":[8.5,10.0,9.0,12.0],"texture":"#0"},"up":{"uv":[8.0,12.0,8.5,10.0],"texture":"#0"},"north":{"uv":[14.0,2.5,13.5,3.0],"texture":"#0"},"south":{"uv":[14.0,3.0,13.5,3.5],"texture":"#0"},"west":{"uv":[12.0,9.5,10.0,10.0],"texture":"#0"},"east":{"uv":[12.0,10.0,10.0,10.5],"texture":"#0"}}},{"from":[7.0,5.0,15.0],"to":[9.0,6.0,21.0],"faces":{"down":{"uv":[11.0,10.75,10.5,12.25],"texture":"#0"},"up":{"uv":[10.5,12.25,10.0,10.75],"texture":"#0"},"north":{"uv":[13.5,11.5,14.0,11.75],"texture":"#0"},"south":{"uv":[13.5,11.75,14.0,12.0],"texture":"#0"},"west":{"uv":[12.25,7.25,13.75,7.5],"texture":"#0"},"east":{"uv":[12.25,7.0,13.75,7.25],"texture":"#0"}}},{"from":[7.0,1.0,15.0],"to":[9.0,5.0,16.0],"faces":{"down":{"uv":[14.0,12.25,13.5,12.5],"texture":"#0"},"up":{"uv":[14.0,12.25,13.5,12.0],"texture":"#0"},"north":{"uv":[12.0,9.0,12.5,10.0],"texture":"#0"},"south":{"uv":[12.0,11.5,12.5,12.5],"texture":"#0"},"west":{"uv":[2.75,13.0,3.0,14.0],"texture":"#0"},"east":{"uv":[12.5,4.75,12.75,5.75],"texture":"#0"}}},{"from":[7.5,2.7,17.5],"to":[8.5,9.7,18.5],"rotation":{"origin":[7.5,4.7,22.0],"axis":"x","angle":-45.0},"faces":{"down":{"uv":[14.0,5.75,13.75,6.0],"texture":"#0"},"up":{"uv":[6.0,14.0,5.75,13.75],"texture":"#0"},"north":{"uv":[12.75,3.0,13.0,4.75],"texture":"#0"},"south":{"uv":[12.75,11.5,13.0,13.25],"texture":"#0"},"west":{"uv":[0.0,13.0,0.25,14.75],"texture":"#0"},"east":{"uv":[12.75,4.75,13.0,6.5],"texture":"#0"}}},{"from":[7.5,2.7,17.5],"to":[8.5,9.7,18.5],"rotation":{"origin":[7.5,4.7,14.0],"axis":"x","angle":45.0},"faces":{"down":{"uv":[14.0,6.0,13.75,6.25],"texture":"#0"},"up":{"uv":[6.25,14.0,6.0,13.75],"texture":"#0"},"north":{"uv":[0.25,13.0,0.5,14.75],"texture":"#0"},"south":{"uv":[0.75,13.0,1.0,14.75],"texture":"#0"},"west":{"uv":[2.0,13.0,2.25,14.75],"texture":"#0"},"east":{"uv":[0.5,13.0,0.75,14.75],"texture":"#0"}}},{"from":[7.0,1.0,20.0],"to":[9.0,5.0,21.0],"faces":{"down":{"uv":[14.0,12.75,13.5,13.0],"texture":"#0"},"up":{"uv":[14.0,12.75,13.5,12.5],"texture":"#0"},"north":{"uv":[12.25,6.0,12.75,7.0],"texture":"#0"},"south":{"uv":[10.0,12.25,10.5,13.25],"texture":"#0"},"west":{"uv":[13.5,4.5,13.75,5.5],"texture":"#0"},"east":{"uv":[13.5,3.5,13.75,4.5],"texture":"#0"}}},{"from":[7.0,0.0,15.0],"to":[9.0,1.0,21.0],"faces":{"down":{"uv":[5.5,11.0,5.0,12.5],"texture":"#0"},"up":{"uv":[4.0,12.5,3.5,11.0],"texture":"#0"},"north":{"uv":[13.0,13.5,13.5,13.75],"texture":"#0"},"south":{"uv":[13.5,13.0,14.0,13.25],"texture":"#0"},"west":{"uv":[12.5,0.25,14.0,0.5],"texture":"#0"},"east":{"uv":[12.5,0.0,14.0,0.25],"texture":"#0"}}}],"textures":{"0":"4369d156-8493-41d6-abd4-040ca157c84c"}}