{"display":{"thirdperson_righthand":{"rotation":[75.0,45.0,0.0],"translation":[0.0,2.5,0.0],"scale":[0.375,0.375,0.375]},"thirdperson_lefthand":{"rotation":[75.0,45.0,0.0],"translation":[0.0,2.5,0.0],"scale":[0.375,0.375,0.375]},"firstperson_righthand":{"rotation":[0.0,45.0,0.0],"scale":[0.4,0.4,0.4]},"firstperson_lefthand":{"rotation":[0.0,45.0,0.0],"scale":[0.4,0.4,0.4]},"gui":{"rotation":[30.0,225.0,0.0],"scale":[0.625,0.625,0.625]},"ground":{"translation":[0.0,3.0,0.0],"scale":[0.25,0.25,0.25]},"fixed":{"scale":[0.5,0.5,0.5]}},"elements":[{"from":[0.0,0.0,2.0],"to":[1.0,0.001,6.0],"faces":{"down":{"texture":"#0"}}},{"from":[0.0,0.0,10.0],"to":[1.0,0.001,14.0],"faces":{"down":{"texture":"#0"}}},{"from":[2.0,0.0,0.0],"to":[6.0,0.001,1.0],"faces":{"down":{"texture":"#0"}}},{"from":[10.0,0.0,0.0],"to":[14.0,0.001,1.0],"faces":{"down":{"texture":"#0"}}},{"from":[15.0,0.0,2.0],"to":[16.0,0.001,6.0],"faces":{"down":{"texture":"#0"}}},{"from":[15.0,0.0,10.0],"to":[16.0,0.001,14.0],"faces":{"down":{"texture":"#0"}}},{"from":[10.0,0.0,15.0],"to":[14.0,0.001,16.0],"faces":{"down":{"texture":"#0"}}},{"from":[2.0,0.0,15.0],"to":[6.0,0.001,16.0],"faces":{"down":{"texture":"#0"}}},{"from":[5.0,0.0,1.0],"to":[11.0,0.001,2.0],"faces":{"down":{"texture":"#0"}}},{"from":[14.0,0.0,5.0],"to":[15.0,0.001,11.0],"faces":{"down":{"texture":"#0"}}},{"from":[5.0,0.0,14.0],"to":[11.0,0.001,15.0],"faces":{"down":{"texture":"#0"}}},{"from":[1.0,0.0,5.0],"to":[2.0,0.001,11.0],"faces":{"down":{"texture":"#0"}}},{"from":[12.0,0.0,2.0],"to":[14.0,0.001,3.0],"faces":{"down":{"texture":"#0"}}},{"from":[13.0,0.0,3.0],"to":[14.0,0.001,4.0],"faces":{"down":{"texture":"#0"}}},{"from":[13.0,0.0,12.0],"to":[14.0,0.001,13.0],"faces":{"down":{"texture":"#0"}}},{"from":[12.0,0.0,13.0],"to":[14.0,0.001,14.0],"faces":{"down":{"texture":"#0"}}},{"from":[2.0,0.0,13.0],"to":[4.0,0.001,14.0],"faces":{"down":{"texture":"#0"}}},{"from":[2.0,0.0,12.0],"to":[3.0,0.001,13.0],"faces":{"down":{"texture":"#0"}}},{"from":[2.0,0.0,2.0],"to":[4.0,0.001,3.0],"faces":{"down":{"texture":"#0"}}},{"from":[0.0,15.0,2.0],"to":[0.001,16.0,6.0],"faces":{"west":{"texture":"#0"}}},{"from":[0.0,15.0,10.0],"to":[0.001,16.0,14.0],"faces":{"west":{"texture":"#0"}}},{"from":[0.0,10.0,15.0],"to":[0.001,14.0,16.0],"faces":{"west":{"texture":"#0"}}},{"from":[0.0,2.0,15.0],"to":[0.001,6.0,16.0],"faces":{"west":{"texture":"#0"}}},{"from":[0.0,0.0,10.0],"to":[0.001,1.0,14.0],"faces":{"west":{"texture":"#0"}}},{"from":[0.0,0.0,2.0],"to":[0.001,1.0,6.0],"faces":{"west":{"texture":"#0"}}},{"from":[0.0,2.0,0.0],"to":[0.001,6.0,1.0],"faces":{"west":{"texture":"#0"}}},{"from":[0.0,10.0,0.0],"to":[0.001,14.0,1.0],"faces":{"west":{"texture":"#0"}}},{"from":[0.0,14.0,5.0],"to":[0.001,15.0,11.0],"faces":{"west":{"texture":"#0"}}},{"from":[0.0,5.0,14.0],"to":[0.001,11.0,15.0],"faces":{"west":{"texture":"#0"}}},{"from":[0.0,1.0,5.0],"to":[0.001,2.0,11.0],"faces":{"west":{"texture":"#0"}}},{"from":[0.0,5.0,1.0],"to":[0.001,11.0,2.0],"faces":{"west":{"texture":"#0"}}},{"from":[0.0,13.0,2.0],"to":[0.001,14.0,4.0],"faces":{"west":{"texture":"#0"}}},{"from":[0.0,13.0,12.0],"to":[0.001,14.0,14.0],"faces":{"west":{"texture":"#0"}}},{"from":[0.0,12.0,13.0],"to":[0.001,13.0,14.0],"faces":{"west":{"texture":"#0"}}},{"from":[0.0,2.0,13.0],"to":[0.001,4.0,14.0],"faces":{"west":{"texture":"#0"}}},{"from":[0.0,2.0,12.0],"to":[0.001,3.0,13.0],"faces":{"west":{"texture":"#0"}}},{"from":[0.0,2.0,2.0],"to":[0.001,3.0,4.0],"faces":{"west":{"texture":"#0"}}},{"from":[0.0,3.0,2.0],"to":[0.001,4.0,3.0],"faces":{"west":{"texture":"#0"}}},{"from":[0.0,12.0,2.0],"to":[0.001,13.0,3.0],"faces":{"west":{"texture":"#0"}}},{"from":[0.0,2.0,0.0],"to":[1.0,6.0,0.001],"faces":{"north":{"texture":"#0"}}},{"from":[0.0,10.0,0.0],"to":[1.0,14.0,0.001],"faces":{"north":{"texture":"#0"}}},{"from":[2.0,15.0,16.0],"to":[6.0,16.0,16.001],"faces":{"south":{"uv":[10.0,0.0,14.0,1.0],"texture":"#0"}}},{"from":[10.0,15.0,0.0],"to":[14.0,16.0,0.001],"faces":{"north":{"texture":"#0"}}},{"from":[15.0,10.0,0.0],"to":[16.0,14.0,0.001],"faces":{"north":{"texture":"#0"}}},{"from":[15.0,2.0,0.0],"to":[16.0,6.0,0.001],"faces":{"north":{"texture":"#0"}}},{"from":[10.0,0.0,0.0],"to":[14.0,1.0,0.001],"faces":{"north":{"texture":"#0"}}},{"from":[2.0,0.0,0.0],"to":[6.0,1.0,0.001],"faces":{"north":{"texture":"#0"}}},{"from":[1.0,5.0,0.0],"to":[2.0,11.0,0.001],"faces":{"north":{"texture":"#0"}}},{"from":[5.0,14.0,0.0],"to":[11.0,15.0,0.001],"faces":{"north":{"texture":"#0"}}},{"from":[14.0,5.0,0.0],"to":[15.0,11.0,0.001],"faces":{"north":{"texture":"#0"}}},{"from":[5.0,1.0,0.0],"to":[11.0,2.0,0.001],"faces":{"north":{"texture":"#0"}}},{"from":[2.0,12.0,0.0],"to":[3.0,13.0,0.001],"faces":{"north":{"texture":"#0"}}},{"from":[2.0,13.0,0.0],"to":[4.0,14.0,0.001],"faces":{"north":{"texture":"#0"}}},{"from":[12.0,13.0,0.0],"to":[14.0,14.0,0.001],"faces":{"north":{"texture":"#0"}}},{"from":[13.0,12.0,0.0],"to":[14.0,13.0,0.001],"faces":{"north":{"texture":"#0"}}},{"from":[13.0,2.0,0.0],"to":[14.0,4.0,0.001],"faces":{"north":{"texture":"#0"}}},{"from":[12.0,2.0,0.0],"to":[13.0,3.0,0.001],"faces":{"north":{"texture":"#0"}}},{"from":[2.0,2.0,0.0],"to":[4.0,3.0,0.001],"faces":{"north":{"texture":"#0"}}},{"from":[2.0,3.0,0.0],"to":[3.0,4.0,0.001],"faces":{"north":{"texture":"#0"}}},{"from":[0.0,16.0,2.0],"to":[1.0,16.001,6.0],"faces":{"up":{"texture":"#0"}}},{"from":[10.0,16.0,0.0],"to":[14.0,16.001,1.0],"faces":{"up":{"texture":"#0"}}},{"from":[15.0,16.0,2.0],"to":[16.0,16.001,6.0],"faces":{"up":{"texture":"#0"}}},{"from":[2.0,16.0,0.0],"to":[6.0,16.001,1.0],"faces":{"up":{"texture":"#0"}}},{"from":[15.0,16.0,10.0],"to":[16.0,16.001,14.0],"faces":{"up":{"texture":"#0"}}},{"from":[10.0,16.0,15.0],"to":[14.0,16.001,16.0],"faces":{"up":{"texture":"#0"}}},{"from":[2.0,16.0,15.0],"to":[6.0,16.001,16.0],"faces":{"up":{"texture":"#0"}}},{"from":[0.0,16.0,10.0],"to":[1.0,16.001,14.0],"faces":{"up":{"texture":"#0"}}},{"from":[5.0,16.0,1.0],"to":[11.0,16.001,2.0],"faces":{"up":{"texture":"#0"}}},{"from":[14.0,16.0,5.0],"to":[15.0,16.001,11.0],"faces":{"up":{"texture":"#0"}}},{"from":[5.0,16.0,14.0],"to":[11.0,16.001,15.0],"faces":{"up":{"texture":"#0"}}},{"from":[1.0,16.0,5.0],"to":[2.0,16.001,11.0],"faces":{"up":{"texture":"#0"}}},{"from":[2.0,16.0,2.0],"to":[4.0,16.001,3.0],"faces":{"up":{"texture":"#0"}}},{"from":[12.0,16.0,2.0],"to":[14.0,16.001,3.0],"faces":{"up":{"texture":"#0"}}},{"from":[13.0,16.0,3.0],"to":[14.0,16.001,4.0],"faces":{"up":{"texture":"#0"}}},{"from":[13.0,16.0,12.0],"to":[14.0,16.001,14.0],"faces":{"up":{"texture":"#0"}}},{"from":[12.0,16.0,13.0],"to":[13.0,16.001,14.0],"faces":{"up":{"texture":"#0"}}},{"from":[2.0,16.0,13.0],"to":[4.0,16.001,14.0],"faces":{"up":{"texture":"#0"}}},{"from":[2.0,16.0,12.0],"to":[3.0,16.001,13.0],"faces":{"up":{"texture":"#0"}}},{"from":[2.0,16.0,3.0],"to":[3.0,16.001,4.0],"faces":{"up":{"texture":"#0"}}},{"from":[16.0,15.0,2.0],"to":[16.001,16.0,6.0],"faces":{"east":{"texture":"#0"}}},{"from":[16.0,15.0,10.0],"to":[16.001,16.0,14.0],"faces":{"east":{"texture":"#0"}}},{"from":[16.0,10.0,15.0],"to":[16.001,14.0,16.0],"faces":{"east":{"texture":"#0"}}},{"from":[16.0,2.0,15.0],"to":[16.001,6.0,16.0],"faces":{"east":{"texture":"#0"}}},{"from":[16.0,0.0,10.0],"to":[16.001,1.0,14.0],"faces":{"east":{"texture":"#0"}}},{"from":[16.0,2.0,0.0],"to":[16.001,6.0,1.0],"faces":{"east":{"texture":"#0"}}},{"from":[16.0,0.0,2.0],"to":[16.001,1.0,6.0],"faces":{"east":{"texture":"#0"}}},{"from":[16.0,10.0,0.0],"to":[16.001,14.0,1.0],"faces":{"east":{"texture":"#0"}}},{"from":[16.0,14.0,5.0],"to":[16.001,15.0,11.0],"faces":{"east":{"texture":"#0"}}},{"from":[16.0,5.0,14.0],"to":[16.001,11.0,15.0],"faces":{"east":{"texture":"#0"}}},{"from":[16.0,1.0,5.0],"to":[16.001,2.0,11.0],"faces":{"east":{"texture":"#0"}}},{"from":[16.0,5.0,1.0],"to":[16.001,11.0,2.0],"faces":{"east":{"texture":"#0"}}},{"from":[16.0,13.0,2.0],"to":[16.001,14.0,4.0],"faces":{"east":{"texture":"#0"}}},{"from":[16.0,13.0,12.0],"to":[16.001,14.0,14.0],"faces":{"east":{"texture":"#0"}}},{"from":[16.0,12.0,13.0],"to":[16.001,13.0,14.0],"faces":{"east":{"texture":"#0"}}},{"from":[16.0,2.0,13.0],"to":[16.001,4.0,14.0],"faces":{"east":{"texture":"#0"}}},{"from":[16.0,2.0,12.0],"to":[16.001,3.0,13.0],"faces":{"east":{"texture":"#0"}}},{"from":[16.0,2.0,2.0],"to":[16.001,3.0,4.0],"faces":{"east":{"texture":"#0"}}},{"from":[16.0,3.0,2.0],"to":[16.001,4.0,3.0],"faces":{"east":{"texture":"#0"}}},{"from":[16.0,12.0,2.0],"to":[16.001,13.0,3.0],"faces":{"east":{"texture":"#0"}}},{"from":[2.0,15.0,0.0],"to":[6.0,16.0,0.001],"faces":{"north":{"texture":"#0"}}},{"from":[10.0,15.0,16.0],"to":[14.0,16.0,16.001],"faces":{"south":{"texture":"#0"}}},{"from":[15.0,10.0,16.0],"to":[16.0,14.0,16.001],"faces":{"south":{"texture":"#0"}}},{"from":[15.0,2.0,16.0],"to":[16.0,6.0,16.001],"faces":{"south":{"texture":"#0"}}},{"from":[10.0,0.0,16.0],"to":[14.0,1.0,16.001],"faces":{"south":{"texture":"#0"}}},{"from":[2.0,0.0,16.0],"to":[6.0,1.0,16.001],"faces":{"south":{"texture":"#0"}}},{"from":[0.0,2.0,16.0],"to":[1.0,6.0,16.001],"faces":{"south":{"texture":"#0"}}},{"from":[0.0,10.0,16.0],"to":[1.0,14.0,16.001],"faces":{"south":{"texture":"#0"}}},{"from":[5.0,14.0,16.0],"to":[11.0,15.0,16.001],"faces":{"south":{"texture":"#0"}}},{"from":[14.0,5.0,16.0],"to":[15.0,11.0,16.001],"faces":{"south":{"texture":"#0"}}},{"from":[5.0,1.0,16.0],"to":[11.0,2.0,16.001],"faces":{"south":{"texture":"#0"}}},{"from":[1.0,5.0,16.0],"to":[2.0,11.0,16.001],"faces":{"south":{"texture":"#0"}}},{"from":[2.0,13.0,16.0],"to":[4.0,14.0,16.001],"faces":{"south":{"texture":"#0"}}},{"from":[12.0,13.0,16.0],"to":[14.0,14.0,16.001],"faces":{"south":{"texture":"#0"}}},{"from":[13.0,12.0,16.0],"to":[14.0,13.0,16.001],"faces":{"south":{"texture":"#0"}}},{"from":[13.0,2.0,16.0],"to":[14.0,4.0,16.001],"faces":{"south":{"texture":"#0"}}},{"from":[12.0,2.0,16.0],"to":[13.0,3.0,16.001],"faces":{"south":{"texture":"#0"}}},{"from":[2.0,2.0,16.0],"to":[4.0,3.0,16.001],"faces":{"south":{"texture":"#0"}}},{"from":[2.0,3.0,16.0],"to":[3.0,4.0,16.001],"faces":{"south":{"texture":"#0"}}},{"from":[2.0,12.0,16.0],"to":[3.0,13.0,16.001],"faces":{"south":{"texture":"#0"}}}],"textures":{"particle":"520057dc-8d3a-44dd-b1f8-58adccfa811e","0":"520057dc-8d3a-44dd-b1f8-58adccfa811e"}}