{"display":{"thirdperson_righthand":{"translation":[0.0,5.5,1.75],"scale":[0.7,0.7,0.7]},"thirdperson_lefthand":{"translation":[0.0,5.5,1.75],"scale":[0.7,0.7,0.7]},"firstperson_righthand":{"rotation":[-14.29,12.2,7.66],"translation":[0.0,7.5,0.0],"scale":[0.8,0.8,0.8]},"firstperson_lefthand":{"rotation":[-14.29,12.2,7.66],"translation":[0.0,7.5,0.0],"scale":[0.8,0.8,0.8]},"ground":{"translation":[0.0,4.5,0.0]},"gui":{"rotation":[-144.5,-12.3,-173.18],"translation":[1.0,5.5,0.0],"scale":[1.15,1.15,1.15]},"head":{"translation":[0.0,14.5,0.0]},"fixed":{"rotation":[90.0,0.29,-180.0],"translation":[0.0,0.0,-11.0],"scale":[1.5,1.5,1.5]}},"elements":[{"from":[6.09177,0.25,6.04888],"to":[7.09177,1.25,8.04888],"rotation":{"origin":[4.59177,0.75,7.04888],"axis":"z","angle":22.5},"faces":{"north":{"uv":[4.0,8.0,5.0,9.0],"texture":"#2","rotation":180},"east":{"uv":[4.0,5.0,6.0,6.0],"texture":"#2","rotation":180},"south":{"uv":[6.0,8.0,7.0,9.0],"texture":"#2","rotation":180},"west":{"uv":[4.0,4.0,6.0,5.0],"texture":"#2","rotation":180},"up":{"uv":[7.0,4.0,6.0,6.0],"texture":"#2","rotation":180},"down":{"uv":[5.0,8.0,4.0,6.0],"texture":"#2","rotation":180}}},{"from":[2.59177,0.25,5.04888],"to":[6.59177,1.25,9.04888],"rotation":{"origin":[4.59177,0.75,7.04888],"axis":"z","angle":22.5},"faces":{"north":{"uv":[4.0,0.0,8.0,1.0],"texture":"#2","rotation":180},"east":{"uv":[4.0,3.0,8.0,4.0],"texture":"#2","rotation":180},"south":{"uv":[4.0,2.0,8.0,3.0],"texture":"#2","rotation":180},"west":{"uv":[4.0,1.0,8.0,2.0],"texture":"#2","rotation":180},"up":{"uv":[4.0,4.0,0.0,8.0],"texture":"#2","rotation":180},"down":{"uv":[4.0,4.0,0.0,0.0],"texture":"#2","rotation":180}}},{"from":[3.59177,0.25,4.54888],"to":[5.59177,1.25,5.54888],"rotation":{"origin":[4.59177,0.75,7.04888],"axis":"z","angle":22.5},"faces":{"north":{"uv":[2.0,8.0,4.0,9.0],"texture":"#2","rotation":180},"east":{"uv":[1.0,9.0,2.0,10.0],"texture":"#2","rotation":180},"south":{"uv":[8.0,2.0,10.0,3.0],"texture":"#2","rotation":180},"west":{"uv":[0.0,9.0,1.0,10.0],"texture":"#2","rotation":180},"up":{"uv":[10.0,5.0,8.0,6.0],"texture":"#2","rotation":180},"down":{"uv":[10.0,4.0,8.0,3.0],"texture":"#2","rotation":180}}},{"from":[3.59177,0.25,8.54888],"to":[5.59177,1.25,9.54888],"rotation":{"origin":[4.59177,0.75,7.04888],"axis":"z","angle":22.5},"faces":{"north":{"uv":[6.0,7.0,8.0,8.0],"texture":"#2","rotation":180},"east":{"uv":[8.0,8.0,9.0,9.0],"texture":"#2","rotation":180},"south":{"uv":[0.0,8.0,2.0,9.0],"texture":"#2","rotation":180},"west":{"uv":[8.0,7.0,9.0,8.0],"texture":"#2","rotation":180},"up":{"uv":[10.0,1.0,8.0,2.0],"texture":"#2","rotation":180},"down":{"uv":[10.0,1.0,8.0,0.0],"texture":"#2","rotation":180}}},{"from":[2.09177,0.25,6.04888],"to":[3.09177,1.25,8.04888],"rotation":{"origin":[4.59177,0.75,7.04888],"axis":"z","angle":22.5},"faces":{"north":{"uv":[8.0,6.0,9.0,7.0],"texture":"#2","rotation":180},"east":{"uv":[7.0,4.0,9.0,5.0],"texture":"#2","rotation":180},"south":{"uv":[7.0,8.0,8.0,9.0],"texture":"#2","rotation":180},"west":{"uv":[5.0,6.0,7.0,7.0],"texture":"#2","rotation":180},"up":{"uv":[8.0,5.0,7.0,7.0],"texture":"#2","rotation":180},"down":{"uv":[6.0,9.0,5.0,7.0],"texture":"#2","rotation":180}}},{"from":[6.09177,0.0,4.04888],"to":[7.09177,1.0,6.04888],"rotation":{"origin":[8.59177,0.5,5.04888],"axis":"y","angle":-45.0},"faces":{"north":{"uv":[4.0,8.0,5.0,9.0],"texture":"#2"},"east":{"uv":[4.0,4.0,6.0,5.0],"texture":"#2"},"south":{"uv":[6.0,8.0,7.0,9.0],"texture":"#2"},"west":{"uv":[4.0,5.0,6.0,6.0],"texture":"#2"},"up":{"uv":[5.0,8.0,4.0,6.0],"texture":"#2"},"down":{"uv":[7.0,4.0,6.0,6.0],"texture":"#2"}}},{"from":[6.59177,0.0,3.04888],"to":[10.59177,1.0,7.04888],"rotation":{"origin":[8.59177,0.5,5.04888],"axis":"y","angle":-45.0},"faces":{"north":{"uv":[4.0,0.0,8.0,1.0],"texture":"#2"},"east":{"uv":[4.0,1.0,8.0,2.0],"texture":"#2"},"south":{"uv":[4.0,2.0,8.0,3.0],"texture":"#2"},"west":{"uv":[4.0,3.0,8.0,4.0],"texture":"#2"},"up":{"uv":[4.0,4.0,0.0,0.0],"texture":"#2"},"down":{"uv":[4.0,4.0,0.0,8.0],"texture":"#2"}}},{"from":[7.59177,0.0,2.54888],"to":[9.59177,1.0,3.54888],"rotation":{"origin":[8.59177,0.5,5.04888],"axis":"y","angle":-45.0},"faces":{"north":{"uv":[2.0,8.0,4.0,9.0],"texture":"#2"},"east":{"uv":[0.0,9.0,1.0,10.0],"texture":"#2"},"south":{"uv":[8.0,2.0,10.0,3.0],"texture":"#2"},"west":{"uv":[1.0,9.0,2.0,10.0],"texture":"#2"},"up":{"uv":[10.0,4.0,8.0,3.0],"texture":"#2"},"down":{"uv":[10.0,5.0,8.0,6.0],"texture":"#2"}}},{"from":[7.59177,0.0,6.54888],"to":[9.59177,1.0,7.54888],"rotation":{"origin":[8.59177,0.5,5.04888],"axis":"y","angle":-45.0},"faces":{"north":{"uv":[6.0,7.0,8.0,8.0],"texture":"#2"},"east":{"uv":[8.0,7.0,9.0,8.0],"texture":"#2"},"south":{"uv":[0.0,8.0,2.0,9.0],"texture":"#2"},"west":{"uv":[8.0,8.0,9.0,9.0],"texture":"#2"},"up":{"uv":[10.0,1.0,8.0,0.0],"texture":"#2"},"down":{"uv":[10.0,1.0,8.0,2.0],"texture":"#2"}}},{"from":[10.09177,0.0,4.04888],"to":[11.09177,1.0,6.04888],"rotation":{"origin":[8.59177,0.5,5.04888],"axis":"y","angle":-45.0},"faces":{"north":{"uv":[8.0,6.0,9.0,7.0],"texture":"#2"},"east":{"uv":[5.0,6.0,7.0,7.0],"texture":"#2"},"south":{"uv":[7.0,8.0,8.0,9.0],"texture":"#2"},"west":{"uv":[7.0,4.0,9.0,5.0],"texture":"#2"},"up":{"uv":[6.0,9.0,5.0,7.0],"texture":"#2"},"down":{"uv":[8.0,5.0,7.0,7.0],"texture":"#2"}}},{"from":[9.34177,1.5,7.54888],"to":[10.34177,2.5,9.54888],"rotation":{"origin":[11.84177,2.0,8.54888],"axis":"z","angle":-45.0},"faces":{"north":{"uv":[4.0,8.0,5.0,9.0],"texture":"#2"},"east":{"uv":[4.0,4.0,6.0,5.0],"texture":"#2"},"south":{"uv":[6.0,8.0,7.0,9.0],"texture":"#2"},"west":{"uv":[4.0,5.0,6.0,6.0],"texture":"#2"},"up":{"uv":[5.0,8.0,4.0,6.0],"texture":"#2"},"down":{"uv":[7.0,4.0,6.0,6.0],"texture":"#2"}}},{"from":[9.84177,1.5,6.54888],"to":[13.84177,2.5,10.54888],"rotation":{"origin":[11.84177,2.0,8.54888],"axis":"z","angle":-45.0},"faces":{"north":{"uv":[4.0,0.0,8.0,1.0],"texture":"#2"},"east":{"uv":[4.0,1.0,8.0,2.0],"texture":"#2"},"south":{"uv":[4.0,2.0,8.0,3.0],"texture":"#2"},"west":{"uv":[4.0,3.0,8.0,4.0],"texture":"#2"},"up":{"uv":[4.0,4.0,0.0,0.0],"texture":"#2"},"down":{"uv":[4.0,4.0,0.0,8.0],"texture":"#2"}}},{"from":[10.84177,1.5,6.04888],"to":[12.84177,2.5,7.04888],"rotation":{"origin":[11.84177,2.0,8.54888],"axis":"z","angle":-45.0},"faces":{"north":{"uv":[2.0,8.0,4.0,9.0],"texture":"#2"},"east":{"uv":[0.0,9.0,1.0,10.0],"texture":"#2"},"south":{"uv":[8.0,2.0,10.0,3.0],"texture":"#2"},"west":{"uv":[1.0,9.0,2.0,10.0],"texture":"#2"},"up":{"uv":[10.0,4.0,8.0,3.0],"texture":"#2"},"down":{"uv":[10.0,5.0,8.0,6.0],"texture":"#2"}}},{"from":[10.84177,1.5,10.04888],"to":[12.84177,2.5,11.04888],"rotation":{"origin":[11.84177,2.0,8.54888],"axis":"z","angle":-45.0},"faces":{"north":{"uv":[6.0,7.0,8.0,8.0],"texture":"#2"},"east":{"uv":[8.0,7.0,9.0,8.0],"texture":"#2"},"south":{"uv":[0.0,8.0,2.0,9.0],"texture":"#2"},"west":{"uv":[8.0,8.0,9.0,9.0],"texture":"#2"},"up":{"uv":[10.0,1.0,8.0,0.0],"texture":"#2"},"down":{"uv":[10.0,1.0,8.0,2.0],"texture":"#2"}}},{"from":[13.34177,1.5,7.54888],"to":[14.34177,2.5,9.54888],"rotation":{"origin":[11.84177,2.0,8.54888],"axis":"z","angle":-45.0},"faces":{"north":{"uv":[8.0,6.0,9.0,7.0],"texture":"#2"},"east":{"uv":[5.0,6.0,7.0,7.0],"texture":"#2"},"south":{"uv":[7.0,8.0,8.0,9.0],"texture":"#2"},"west":{"uv":[7.0,4.0,9.0,5.0],"texture":"#2"},"up":{"uv":[6.0,9.0,5.0,7.0],"texture":"#2"},"down":{"uv":[8.0,5.0,7.0,7.0],"texture":"#2"}}},{"from":[6.84177,0.0,12.29888],"to":[8.84177,1.0,13.29888],"rotation":{"origin":[7.84177,0.5,10.79888],"axis":"y","angle":-45.0},"faces":{"north":{"uv":[4.0,4.0,6.0,5.0],"texture":"#2"},"east":{"uv":[6.0,8.0,7.0,9.0],"texture":"#2"},"south":{"uv":[4.0,5.0,6.0,6.0],"texture":"#2"},"west":{"uv":[4.0,8.0,5.0,9.0],"texture":"#2"},"up":{"uv":[5.0,8.0,4.0,6.0],"texture":"#2","rotation":270},"down":{"uv":[7.0,4.0,6.0,6.0],"texture":"#2","rotation":90}}},{"from":[5.84177,0.0,8.79888],"to":[9.84177,1.0,12.79888],"rotation":{"origin":[7.84177,0.5,10.79888],"axis":"y","angle":-45.0},"faces":{"north":{"uv":[4.0,1.0,8.0,2.0],"texture":"#2"},"east":{"uv":[4.0,2.0,8.0,3.0],"texture":"#2"},"south":{"uv":[4.0,3.0,8.0,4.0],"texture":"#2"},"west":{"uv":[4.0,0.0,8.0,1.0],"texture":"#2"},"up":{"uv":[4.0,4.0,0.0,0.0],"texture":"#2","rotation":270},"down":{"uv":[4.0,4.0,0.0,8.0],"texture":"#2","rotation":90}}},{"from":[5.34177,0.0,9.79888],"to":[6.34177,1.0,11.79888],"rotation":{"origin":[7.84177,0.5,10.79888],"axis":"y","angle":-45.0},"faces":{"north":{"uv":[0.0,9.0,1.0,10.0],"texture":"#2"},"east":{"uv":[8.0,2.0,10.0,3.0],"texture":"#2"},"south":{"uv":[1.0,9.0,2.0,10.0],"texture":"#2"},"west":{"uv":[2.0,8.0,4.0,9.0],"texture":"#2"},"up":{"uv":[10.0,4.0,8.0,3.0],"texture":"#2","rotation":270},"down":{"uv":[10.0,5.0,8.0,6.0],"texture":"#2","rotation":90}}},{"from":[9.34177,0.0,9.79888],"to":[10.34177,1.0,11.79888],"rotation":{"origin":[7.84177,0.5,10.79888],"axis":"y","angle":-45.0},"faces":{"north":{"uv":[8.0,7.0,9.0,8.0],"texture":"#2"},"east":{"uv":[0.0,8.0,2.0,9.0],"texture":"#2"},"south":{"uv":[8.0,8.0,9.0,9.0],"texture":"#2"},"west":{"uv":[6.0,7.0,8.0,8.0],"texture":"#2"},"up":{"uv":[10.0,1.0,8.0,0.0],"texture":"#2","rotation":270},"down":{"uv":[10.0,1.0,8.0,2.0],"texture":"#2","rotation":90}}},{"from":[6.84177,0.0,8.29888],"to":[8.84177,1.0,9.29888],"rotation":{"origin":[7.84177,0.5,10.79888],"axis":"y","angle":-45.0},"faces":{"north":{"uv":[5.0,6.0,7.0,7.0],"texture":"#2"},"east":{"uv":[7.0,8.0,8.0,9.0],"texture":"#2"},"south":{"uv":[7.0,4.0,9.0,5.0],"texture":"#2"},"west":{"uv":[8.0,6.0,9.0,7.0],"texture":"#2"},"up":{"uv":[6.0,9.0,5.0,7.0],"texture":"#2","rotation":270},"down":{"uv":[8.0,5.0,7.0,7.0],"texture":"#2","rotation":90}}},{"from":[6.84177,1.0,12.29888],"to":[8.84177,2.0,13.29888],"rotation":{"origin":[7.84177,1.5,10.79888],"axis":"y","angle":0.0},"faces":{"north":{"uv":[4.0,4.0,6.0,5.0],"texture":"#2"},"east":{"uv":[6.0,8.0,7.0,9.0],"texture":"#2"},"south":{"uv":[4.0,5.0,6.0,6.0],"texture":"#2"},"west":{"uv":[4.0,8.0,5.0,9.0],"texture":"#2"},"up":{"uv":[5.0,8.0,4.0,6.0],"texture":"#2","rotation":270},"down":{"uv":[7.0,4.0,6.0,6.0],"texture":"#2","rotation":90}}},{"from":[5.84177,1.0,8.79888],"to":[9.84177,2.0,12.79888],"rotation":{"origin":[7.84177,1.5,10.79888],"axis":"y","angle":0.0},"faces":{"north":{"uv":[4.0,1.0,8.0,2.0],"texture":"#2"},"east":{"uv":[4.0,2.0,8.0,3.0],"texture":"#2"},"south":{"uv":[4.0,3.0,8.0,4.0],"texture":"#2"},"west":{"uv":[4.0,0.0,8.0,1.0],"texture":"#2"},"up":{"uv":[4.0,4.0,0.0,0.0],"texture":"#2","rotation":270},"down":{"uv":[4.0,4.0,0.0,8.0],"texture":"#2","rotation":90}}},{"from":[5.34177,1.0,9.79888],"to":[6.34177,2.0,11.79888],"rotation":{"origin":[7.84177,1.5,10.79888],"axis":"y","angle":0.0},"faces":{"north":{"uv":[0.0,9.0,1.0,10.0],"texture":"#2"},"east":{"uv":[8.0,2.0,10.0,3.0],"texture":"#2"},"south":{"uv":[1.0,9.0,2.0,10.0],"texture":"#2"},"west":{"uv":[2.0,8.0,4.0,9.0],"texture":"#2"},"up":{"uv":[10.0,4.0,8.0,3.0],"texture":"#2","rotation":270},"down":{"uv":[10.0,5.0,8.0,6.0],"texture":"#2","rotation":90}}},{"from":[9.34177,1.0,9.79888],"to":[10.34177,2.0,11.79888],"rotation":{"origin":[7.84177,1.5,10.79888],"axis":"y","angle":0.0},"faces":{"north":{"uv":[8.0,7.0,9.0,8.0],"texture":"#2"},"east":{"uv":[0.0,8.0,2.0,9.0],"texture":"#2"},"south":{"uv":[8.0,8.0,9.0,9.0],"texture":"#2"},"west":{"uv":[6.0,7.0,8.0,8.0],"texture":"#2"},"up":{"uv":[10.0,1.0,8.0,0.0],"texture":"#2","rotation":270},"down":{"uv":[10.0,1.0,8.0,2.0],"texture":"#2","rotation":90}}},{"from":[6.84177,1.0,8.29888],"to":[8.84177,2.0,9.29888],"rotation":{"origin":[7.84177,1.5,10.79888],"axis":"y","angle":0.0},"faces":{"north":{"uv":[5.0,6.0,7.0,7.0],"texture":"#2"},"east":{"uv":[7.0,8.0,8.0,9.0],"texture":"#2"},"south":{"uv":[7.0,4.0,9.0,5.0],"texture":"#2"},"west":{"uv":[8.0,6.0,9.0,7.0],"texture":"#2"},"up":{"uv":[6.0,9.0,5.0,7.0],"texture":"#2","rotation":270},"down":{"uv":[8.0,5.0,7.0,7.0],"texture":"#2","rotation":90}}},{"from":[6.84177,2.0,12.29888],"to":[8.84177,3.0,13.29888],"rotation":{"origin":[7.84177,2.5,10.79888],"axis":"y","angle":22.5},"faces":{"north":{"uv":[4.0,4.0,6.0,5.0],"texture":"#2"},"east":{"uv":[6.0,8.0,7.0,9.0],"texture":"#2"},"south":{"uv":[4.0,5.0,6.0,6.0],"texture":"#2"},"west":{"uv":[4.0,8.0,5.0,9.0],"texture":"#2"},"up":{"uv":[5.0,8.0,4.0,6.0],"texture":"#2","rotation":270},"down":{"uv":[7.0,4.0,6.0,6.0],"texture":"#2","rotation":90}}},{"from":[5.84177,2.0,8.79888],"to":[9.84177,3.0,12.79888],"rotation":{"origin":[7.84177,2.5,10.79888],"axis":"y","angle":22.5},"faces":{"north":{"uv":[4.0,1.0,8.0,2.0],"texture":"#2"},"east":{"uv":[4.0,2.0,8.0,3.0],"texture":"#2"},"south":{"uv":[4.0,3.0,8.0,4.0],"texture":"#2"},"west":{"uv":[4.0,0.0,8.0,1.0],"texture":"#2"},"up":{"uv":[4.0,4.0,0.0,0.0],"texture":"#2","rotation":270},"down":{"uv":[4.0,4.0,0.0,8.0],"texture":"#2","rotation":90}}},{"from":[5.34177,2.0,9.79888],"to":[6.34177,3.0,11.79888],"rotation":{"origin":[7.84177,2.5,10.79888],"axis":"y","angle":22.5},"faces":{"north":{"uv":[0.0,9.0,1.0,10.0],"texture":"#2"},"east":{"uv":[8.0,2.0,10.0,3.0],"texture":"#2"},"south":{"uv":[1.0,9.0,2.0,10.0],"texture":"#2"},"west":{"uv":[2.0,8.0,4.0,9.0],"texture":"#2"},"up":{"uv":[10.0,4.0,8.0,3.0],"texture":"#2","rotation":270},"down":{"uv":[10.0,5.0,8.0,6.0],"texture":"#2","rotation":90}}},{"from":[9.34177,2.0,9.79888],"to":[10.34177,3.0,11.79888],"rotation":{"origin":[7.84177,2.5,10.79888],"axis":"y","angle":22.5},"faces":{"north":{"uv":[8.0,7.0,9.0,8.0],"texture":"#2"},"east":{"uv":[0.0,8.0,2.0,9.0],"texture":"#2"},"south":{"uv":[8.0,8.0,9.0,9.0],"texture":"#2"},"west":{"uv":[6.0,7.0,8.0,8.0],"texture":"#2"},"up":{"uv":[10.0,1.0,8.0,0.0],"texture":"#2","rotation":270},"down":{"uv":[10.0,1.0,8.0,2.0],"texture":"#2","rotation":90}}},{"from":[6.84177,2.0,8.29888],"to":[8.84177,3.0,9.29888],"rotation":{"origin":[7.84177,2.5,10.79888],"axis":"y","angle":22.5},"faces":{"north":{"uv":[5.0,6.0,7.0,7.0],"texture":"#2"},"east":{"uv":[7.0,8.0,8.0,9.0],"texture":"#2"},"south":{"uv":[7.0,4.0,9.0,5.0],"texture":"#2"},"west":{"uv":[8.0,6.0,9.0,7.0],"texture":"#2"},"up":{"uv":[6.0,9.0,5.0,7.0],"texture":"#2","rotation":270},"down":{"uv":[8.0,5.0,7.0,7.0],"texture":"#2","rotation":90}}}],"textures":{"2":"42740015-50f5-4b6e-a382-bbd138812acd"}}