{"display":{"thirdperson_righthand":{"rotation":[0.0,-90.0,55.0],"translation":[0.0,4.0,0.5],"scale":[0.85,0.85,0.85]},"firstperson_righthand":{"rotation":[0.0,96.0,31.0],"translation":[0.2086,4.8695,1.13],"scale":[0.52,0.6452,0.55]}},"elements":[{"from":[0.0,0.0,7.5],"to":[1.0,3.0,8.5],"faces":{"down":{"uv":[0.0,16.0,3.0,15.0],"texture":"#0","cullface":"down"},"up":{"uv":[3.0,13.0,0.0,14.0],"texture":"#0","rotation":180},"north":{"uv":[0.0,16.0,1.0,13.0],"texture":"#0","rotation":180},"south":{"texture":"#0"},"west":{"uv":[0.0,13.0,1.0,16.0],"texture":"#0","cullface":"west"},"east":{"uv":[1.0,13.0,0.0,16.0],"texture":"#0"}}},{"from":[2.0,8.0,7.5],"to":[5.0,10.0,8.5],"faces":{"down":{"uv":[2.0,8.0,5.0,7.0],"texture":"#0"},"up":{"uv":[5.0,6.0,2.0,7.0],"texture":"#0","rotation":180},"north":{"uv":[2.0,8.0,5.0,6.0],"texture":"#0","rotation":180},"south":{"texture":"#0"},"west":{"uv":[2.0,6.0,3.0,8.0],"texture":"#0"},"east":{"uv":[5.0,6.0,4.0,8.0],"texture":"#0"}}},{"from":[2.0,5.0,7.5],"to":[8.0,7.0,8.5],"faces":{"down":{"uv":[2.0,11.0,8.0,10.0],"texture":"#0"},"up":{"uv":[8.0,9.0,2.0,10.0],"texture":"#0","rotation":180},"north":{"uv":[2.0,11.0,8.0,9.0],"texture":"#0","rotation":180},"south":{"texture":"#0"},"west":{"uv":[2.0,9.0,3.0,11.0],"texture":"#0"},"east":{"uv":[8.0,9.0,7.0,11.0],"texture":"#0"}}},{"from":[4.0,3.0,7.5],"to":[5.0,4.0,8.5],"faces":{"down":{"uv":[4.0,13.0,5.0,12.0],"texture":"#0"},"north":{"uv":[4.0,13.0,5.0,12.0],"texture":"#0","rotation":180},"south":{"texture":"#0"}}},{"from":[3.0,10.0,7.5],"to":[5.0,11.0,8.5],"faces":{"up":{"uv":[5.0,5.0,3.0,6.0],"texture":"#0","rotation":180},"north":{"uv":[3.0,6.0,5.0,5.0],"texture":"#0","rotation":180},"south":{"texture":"#0"},"west":{"uv":[3.0,5.0,4.0,6.0],"texture":"#0"},"east":{"uv":[5.0,5.0,4.0,6.0],"texture":"#0"}}},{"from":[3.0,7.0,7.5],"to":[11.0,8.0,8.5],"faces":{"down":{"uv":[3.0,9.0,11.0,8.0],"texture":"#0"},"up":{"uv":[11.0,8.0,3.0,9.0],"texture":"#0","rotation":180},"north":{"uv":[3.0,9.0,11.0,8.0],"texture":"#0","rotation":180},"south":{"texture":"#0"},"west":{"uv":[3.0,8.0,4.0,9.0],"texture":"#0"},"east":{"uv":[11.0,8.0,10.0,9.0],"texture":"#0"}}},{"from":[3.0,4.0,7.5],"to":[12.0,5.0,8.5],"faces":{"down":{"uv":[3.0,12.0,12.0,11.0],"texture":"#0"},"up":{"uv":[12.0,11.0,3.0,12.0],"texture":"#0","rotation":180},"north":{"uv":[3.0,12.0,12.0,11.0],"texture":"#0","rotation":180},"south":{"texture":"#0"},"west":{"uv":[3.0,11.0,4.0,12.0],"texture":"#0"},"east":{"uv":[12.0,11.0,11.0,12.0],"texture":"#0"}}},{"from":[3.0,2.0,7.5],"to":[4.0,3.0,8.5],"faces":{"down":{"uv":[3.0,14.0,4.0,13.0],"texture":"#0"},"north":{"uv":[3.0,14.0,4.0,13.0],"texture":"#0","rotation":180},"south":{"texture":"#0"},"east":{"uv":[4.0,13.0,3.0,14.0],"texture":"#0"}}},{"from":[4.0,11.0,7.5],"to":[5.0,12.0,8.5],"faces":{"up":{"uv":[5.0,4.0,4.0,5.0],"texture":"#0","rotation":180},"north":{"uv":[4.0,5.0,5.0,4.0],"texture":"#0","rotation":180},"south":{"texture":"#0"},"west":{"uv":[4.0,4.0,5.0,5.0],"texture":"#0"},"east":{"uv":[5.0,4.0,4.0,5.0],"texture":"#0"}}},{"from":[5.0,2.0,7.5],"to":[7.0,3.0,8.5],"faces":{"down":{"uv":[5.0,14.0,7.0,13.0],"texture":"#0"},"north":{"uv":[5.0,14.0,7.0,13.0],"texture":"#0","rotation":180},"south":{"texture":"#0"},"west":{"uv":[5.0,13.0,6.0,14.0],"texture":"#0"},"east":{"uv":[7.0,13.0,6.0,14.0],"texture":"#0"}}},{"from":[6.0,8.0,7.5],"to":[11.0,10.0,8.5],"faces":{"up":{"uv":[11.0,6.0,6.0,7.0],"texture":"#0","rotation":180},"north":{"uv":[6.0,8.0,11.0,6.0],"texture":"#0","rotation":180},"south":{"texture":"#0"},"west":{"uv":[6.0,6.0,7.0,8.0],"texture":"#0"},"east":{"uv":[11.0,6.0,10.0,8.0],"texture":"#0"}}},{"from":[7.0,10.0,7.5],"to":[13.0,11.0,8.5],"faces":{"down":{"uv":[7.0,6.0,13.0,5.0],"texture":"#0"},"up":{"uv":[13.0,5.0,7.0,6.0],"texture":"#0","rotation":180},"north":{"uv":[7.0,6.0,13.0,5.0],"texture":"#0","rotation":180},"south":{"texture":"#0"},"west":{"uv":[7.0,5.0,8.0,6.0],"texture":"#0"},"east":{"uv":[13.0,5.0,12.0,6.0],"texture":"#0"}}},{"from":[8.0,6.0,7.5],"to":[10.0,7.0,8.5],"faces":{"down":{"uv":[8.0,10.0,10.0,9.0],"texture":"#0"},"north":{"uv":[8.0,10.0,10.0,9.0],"texture":"#0","rotation":180},"south":{"texture":"#0"},"east":{"uv":[10.0,9.0,9.0,10.0],"texture":"#0"}}},{"from":[8.0,2.0,7.5],"to":[10.0,3.0,8.5],"faces":{"down":{"uv":[8.0,14.0,10.0,13.0],"texture":"#0"},"north":{"uv":[8.0,14.0,10.0,13.0],"texture":"#0","rotation":180},"south":{"texture":"#0"},"west":{"uv":[8.0,13.0,9.0,14.0],"texture":"#0"},"east":{"uv":[10.0,13.0,9.0,14.0],"texture":"#0"}}},{"from":[9.0,11.0,7.5],"to":[14.0,12.0,8.5],"faces":{"down":{"uv":[9.0,5.0,14.0,4.0],"texture":"#0"},"up":{"uv":[14.0,4.0,9.0,5.0],"texture":"#0","rotation":180},"north":{"uv":[9.0,5.0,14.0,4.0],"texture":"#0","rotation":180},"south":{"texture":"#0"},"west":{"uv":[9.0,4.0,10.0,5.0],"texture":"#0"},"east":{"uv":[14.0,4.0,13.0,5.0],"texture":"#0"}}},{"from":[10.0,12.0,7.5],"to":[15.0,13.0,8.5],"faces":{"down":{"uv":[10.0,4.0,15.0,3.0],"texture":"#0"},"up":{"uv":[15.0,3.0,10.0,4.0],"texture":"#0","rotation":180},"north":{"uv":[10.0,4.0,15.0,3.0],"texture":"#0","rotation":180},"south":{"texture":"#0"},"west":{"uv":[10.0,3.0,11.0,4.0],"texture":"#0"},"east":{"uv":[15.0,3.0,14.0,4.0],"texture":"#0"}}},{"from":[11.0,13.0,7.5],"to":[16.0,14.0,8.5],"faces":{"down":{"uv":[11.0,3.0,16.0,2.0],"texture":"#0"},"up":{"uv":[16.0,2.0,11.0,3.0],"texture":"#0","rotation":180},"north":{"uv":[11.0,3.0,16.0,2.0],"texture":"#0","rotation":180},"south":{"texture":"#0"},"west":{"uv":[11.0,2.0,12.0,3.0],"texture":"#0"},"east":{"uv":[16.0,2.0,15.0,3.0],"texture":"#0","cullface":"east"}}},{"from":[11.0,9.0,7.5],"to":[12.0,10.0,8.5],"faces":{"down":{"uv":[11.0,7.0,12.0,6.0],"texture":"#0"},"north":{"uv":[11.0,7.0,12.0,6.0],"texture":"#0","rotation":180},"south":{"texture":"#0"},"east":{"uv":[12.0,6.0,11.0,7.0],"texture":"#0"}}},{"from":[12.0,14.0,7.5],"to":[16.0,15.0,8.5],"faces":{"up":{"uv":[16.0,1.0,12.0,2.0],"texture":"#0","rotation":180},"north":{"uv":[12.0,2.0,16.0,1.0],"texture":"#0","rotation":180},"south":{"texture":"#0"},"west":{"uv":[12.0,1.0,13.0,2.0],"texture":"#0"},"east":{"uv":[16.0,1.0,15.0,2.0],"texture":"#0","cullface":"east"}}},{"from":[13.0,15.0,7.5],"to":[16.0,16.0,8.5],"faces":{"up":{"uv":[16.0,0.0,13.0,1.0],"texture":"#0","cullface":"up","rotation":180},"north":{"uv":[13.0,1.0,16.0,0.0],"texture":"#0","rotation":180},"south":{"texture":"#0"},"west":{"uv":[13.0,0.0,14.0,1.0],"texture":"#0"},"east":{"uv":[16.0,0.0,15.0,1.0],"texture":"#0","cullface":"east"}}},{"from":[7.0,7.0,7.0],"to":[10.0,10.0,9.0],"faces":{"down":{"uv":[7.0,8.0,10.0,9.0],"texture":"#0"},"up":{"uv":[7.0,8.0,10.0,9.0],"texture":"#0"},"north":{"uv":[7.0,6.0,10.0,9.0],"texture":"#0","rotation":270},"south":{"texture":"#0"},"west":{"uv":[7.0,8.0,10.0,9.0],"texture":"#0"},"east":{"uv":[7.0,8.0,10.0,9.0],"texture":"#0"}}},{"from":[10.0,10.0,7.0],"to":[12.0,12.0,9.0],"faces":{"down":{"uv":[12.0,6.0,10.0,5.0],"texture":"#0"},"up":{"uv":[10.0,5.0,12.0,6.0],"texture":"#0"},"north":{"uv":[10.0,4.0,12.0,6.0],"texture":"#0"},"south":{"texture":"#0"},"west":{"uv":[10.0,4.0,11.0,6.0],"texture":"#0"},"east":{"uv":[10.0,4.0,11.0,6.0],"texture":"#0"}}},{"from":[12.0,12.0,7.0],"to":[14.0,14.0,9.0],"faces":{"down":{"uv":[14.0,4.0,12.0,3.0],"texture":"#0"},"up":{"uv":[12.0,3.0,14.0,4.0],"texture":"#0"},"north":{"uv":[12.0,2.0,14.0,4.0],"texture":"#0"},"south":{"texture":"#0"},"west":{"uv":[12.0,2.0,13.0,4.0],"texture":"#0"},"east":{"uv":[12.0,2.0,13.0,4.0],"texture":"#0"}}},{"from":[14.0,13.0,7.0],"to":[15.0,15.0,9.0],"faces":{"down":{"uv":[15.0,3.0,14.0,1.0],"texture":"#0"},"up":{"uv":[14.0,1.0,15.0,3.0],"texture":"#0"},"north":{"uv":[14.0,1.0,15.0,3.0],"texture":"#0"},"south":{"texture":"#0"},"west":{"uv":[14.0,1.0,15.0,3.0],"texture":"#0"},"east":{"uv":[14.0,1.0,15.0,3.0],"texture":"#0"}}},{"from":[13.0,14.0,7.0],"to":[14.0,15.0,9.0],"faces":{"up":{"uv":[13.0,1.0,14.0,2.0],"texture":"#0"},"north":{"uv":[13.0,1.0,14.0,2.0],"texture":"#0"},"south":{"texture":"#0"},"west":{"uv":[13.0,1.0,14.0,2.0],"texture":"#0"}}},{"from":[11.0,12.0,7.0],"to":[12.0,13.0,9.0],"faces":{"up":{"uv":[10.0,4.0,11.0,5.0],"texture":"#0"},"north":{"uv":[11.0,3.0,12.0,4.0],"texture":"#0"},"south":{"texture":"#0"},"west":{"uv":[11.0,3.0,12.0,4.0],"texture":"#0"}}},{"from":[12.0,11.0,7.0],"to":[13.0,12.0,9.0],"faces":{"down":{"uv":[12.0,4.0,11.0,3.0],"texture":"#0"},"north":{"uv":[11.0,3.0,12.0,4.0],"texture":"#0"},"south":{"uv":[11.0,3.0,12.0,4.0],"texture":"#0"},"east":{"uv":[11.0,3.0,12.0,4.0],"texture":"#0"}}},{"from":[9.0,10.0,7.0],"to":[10.0,11.0,9.0],"faces":{"up":{"uv":[9.0,5.0,10.0,6.0],"texture":"#0"},"north":{"uv":[9.0,5.0,10.0,6.0],"texture":"#0"},"south":{"texture":"#0"},"west":{"uv":[9.0,5.0,10.0,6.0],"texture":"#0"}}},{"from":[10.0,9.0,7.0],"to":[11.0,10.0,9.0],"faces":{"down":{"uv":[11.0,7.0,10.0,6.0],"texture":"#0"},"north":{"uv":[10.0,6.0,11.0,7.0],"texture":"#0"},"south":{"texture":"#0"},"east":{"uv":[10.0,6.0,11.0,7.0],"texture":"#0"}}},{"from":[6.0,6.0,7.0],"to":[7.0,8.0,9.0],"faces":{"down":{"uv":[7.0,10.0,6.0,8.0],"texture":"#0"},"up":{"uv":[6.0,8.0,7.0,10.0],"texture":"#0"},"north":{"uv":[6.0,8.0,7.0,10.0],"texture":"#0"},"south":{"texture":"#0"},"west":{"uv":[6.0,8.0,7.0,10.0],"texture":"#0"},"east":{"uv":[6.0,8.0,7.0,10.0],"texture":"#0"}}},{"from":[7.0,6.0,7.0],"to":[8.0,7.0,9.0],"faces":{"down":{"uv":[8.0,9.0,7.0,10.0],"texture":"#0"},"north":{"uv":[7.0,9.0,8.0,10.0],"texture":"#0"},"south":{"texture":"#0"},"east":{"uv":[7.0,9.0,8.0,10.0],"texture":"#0"}}},{"from":[3.0,8.0,7.0],"to":[4.0,9.0,9.0],"faces":{"down":{"uv":[4.0,7.0,3.0,8.0],"texture":"#0"},"up":{"uv":[3.0,7.0,4.0,8.0],"texture":"#0"},"north":{"uv":[3.0,7.0,4.0,8.0],"texture":"#0"},"south":{"texture":"#0"},"west":{"uv":[3.0,7.0,4.0,8.0],"texture":"#0"},"east":{"uv":[3.0,7.0,4.0,8.0],"texture":"#0"}}},{"from":[4.0,7.0,7.0],"to":[5.0,8.0,9.0],"faces":{"down":{"uv":[4.0,11.0,3.0,9.0],"texture":"#0"},"up":{"uv":[3.0,9.0,4.0,11.0],"texture":"#0"},"north":{"uv":[3.0,9.0,4.0,11.0],"texture":"#0"},"south":{"uv":[3.0,9.0,4.0,11.0],"texture":"#0"},"west":{"uv":[3.0,9.0,4.0,11.0],"texture":"#0"},"east":{"uv":[3.0,9.0,4.0,11.0],"texture":"#0"}}},{"from":[3.0,5.0,7.0],"to":[4.0,7.0,9.0],"faces":{"down":{"uv":[4.0,11.0,3.0,9.0],"texture":"#0"},"up":{"uv":[3.0,9.0,4.0,11.0],"texture":"#0"},"north":{"uv":[3.0,9.0,4.0,11.0],"texture":"#0"},"south":{"texture":"#0"},"west":{"uv":[3.0,9.0,4.0,11.0],"texture":"#0"},"east":{"uv":[3.0,9.0,4.0,11.0],"texture":"#0"}}},{"from":[1.0,0.0,7.5],"to":[3.0,1.0,8.5],"faces":{"down":{"uv":[3.0,16.0,1.0,15.0],"texture":"#0","cullface":"down"},"up":{"uv":[1.0,15.0,3.0,16.0],"texture":"#0"},"north":{"uv":[1.0,15.0,3.0,16.0],"texture":"#0"},"south":{"texture":"#0"},"east":{"uv":[1.0,15.0,3.0,16.0],"texture":"#0"}}},{"from":[2.0,1.0,7.5],"to":[3.0,2.0,8.5],"faces":{"north":{"uv":[2.0,14.0,3.0,15.0],"texture":"#0"},"south":{"texture":"#0"},"west":{"uv":[2.0,14.0,3.0,15.0],"texture":"#0"},"east":{"uv":[2.0,14.0,3.0,15.0],"texture":"#0"}}},{"from":[1.0,1.0,8.0],"to":[2.0,2.0,8.0625],"faces":{"north":{"uv":[1.0,14.0,2.0,15.0],"texture":"#0"},"south":{"texture":"#0"}}},{"from":[5.0,3.0,7.0],"to":[7.0,4.0,9.0],"faces":{"down":{"uv":[7.0,13.0,5.0,12.0],"texture":"#0"},"up":{"uv":[5.0,12.0,7.0,13.0],"texture":"#0"},"north":{"uv":[5.0,12.0,7.0,13.0],"texture":"#0"},"south":{"texture":"#0"},"west":{"uv":[5.0,12.0,7.0,13.0],"texture":"#0"},"east":{"uv":[5.0,12.0,7.0,13.0],"texture":"#0"}}},{"from":[4.0,4.0,7.0],"to":[5.0,5.0,9.0],"faces":{"down":{"uv":[5.0,12.0,4.0,11.0],"texture":"#0"},"up":{"uv":[4.0,11.0,5.0,12.0],"texture":"#0"},"north":{"uv":[4.0,11.0,5.0,12.0],"texture":"#0"},"south":{"texture":"#0"},"west":{"uv":[4.0,11.0,5.0,12.0],"texture":"#0"},"east":{"uv":[4.0,11.0,5.0,12.0],"texture":"#0"}}},{"from":[7.0,4.0,7.0],"to":[8.0,5.0,9.0],"faces":{"down":{"uv":[8.0,12.0,7.0,11.0],"texture":"#0"},"up":{"uv":[7.0,11.0,8.0,12.0],"texture":"#0"},"north":{"uv":[7.0,11.0,8.0,12.0],"texture":"#0"},"south":{"texture":"#0"},"west":{"uv":[7.0,11.0,8.0,12.0],"texture":"#0"},"east":{"uv":[7.0,11.0,8.0,12.0],"texture":"#0"}}},{"from":[1.0,2.0,7.5],"to":[2.0,3.0,8.5],"faces":{"down":{"uv":[2.0,14.0,1.0,13.0],"texture":"#0"},"up":{"uv":[1.0,13.0,2.0,14.0],"texture":"#0"},"north":{"uv":[1.0,13.0,2.0,14.0],"texture":"#0"},"south":{"texture":"#0"}}},{"from":[2.0,3.0,7.5],"to":[3.0,4.0,8.5],"faces":{"up":{"uv":[2.0,12.0,3.0,13.0],"texture":"#0"},"north":{"uv":[2.0,12.0,3.0,13.0],"texture":"#0"},"south":{"texture":"#0"},"west":{"uv":[2.0,12.0,3.0,13.0],"texture":"#0"}}},{"from":[2.0,2.0,7.0],"to":[3.0,3.0,9.0],"faces":{"down":{"uv":[3.0,14.0,2.0,13.0],"texture":"#0"},"up":{"uv":[2.0,13.0,3.0,14.0],"texture":"#0"},"north":{"uv":[2.0,13.0,3.0,14.0],"texture":"#0"},"south":{"texture":"#0"},"west":{"uv":[2.0,13.0,3.0,14.0],"texture":"#0"},"east":{"uv":[2.0,13.0,3.0,14.0],"texture":"#0"}}},{"from":[3.0,3.0,7.0],"to":[4.0,4.0,9.0],"faces":{"down":{"uv":[4.0,13.0,3.0,12.0],"texture":"#0"},"up":{"uv":[3.0,12.0,4.0,13.0],"texture":"#0"},"north":{"uv":[4.0,12.0,3.0,13.0],"texture":"#0"},"south":{"texture":"#0"},"west":{"uv":[3.0,12.0,4.0,13.0],"texture":"#0"},"east":{"uv":[3.0,12.0,4.0,13.0],"texture":"#0"}}},{"from":[8.0,3.0,7.0],"to":[9.0,4.0,9.0],"faces":{"down":{"uv":[9.0,13.0,8.0,12.0],"texture":"#0"},"up":{"uv":[8.0,12.0,9.0,13.0],"texture":"#0"},"north":{"uv":[8.0,12.0,9.0,13.0],"texture":"#0"},"south":{"texture":"#0"},"west":{"uv":[8.0,12.0,9.0,13.0],"texture":"#0"},"east":{"uv":[8.0,12.0,9.0,13.0],"texture":"#0"}}},{"from":[9.0,3.0,7.5],"to":[11.0,4.0,8.5],"faces":{"down":{"uv":[11.0,13.0,9.0,12.0],"texture":"#0"},"north":{"uv":[9.0,12.0,11.0,13.0],"texture":"#0"},"south":{"texture":"#0"},"east":{"uv":[9.0,12.0,11.0,13.0],"texture":"#0"}}},{"from":[7.0,3.0,7.5],"to":[8.0,4.0,8.5],"faces":{"down":{"uv":[8.0,13.0,7.0,12.0],"texture":"#0"},"north":{"uv":[7.0,12.0,8.0,13.0],"texture":"#0"},"south":{"texture":"#0"}}}],"textures":{"0":"f9a80a89-f463-4374-92b9-9edbb35794e1"}}