{"display":{"thirdperson_righthand":{"translation":[0.0,5.5,0.0],"scale":[0.7,0.7,0.7]},"thirdperson_lefthand":{"translation":[0.0,5.5,0.0],"scale":[0.7,0.7,0.7]},"firstperson_righthand":{"rotation":[-163.75,39.75,180.0],"translation":[4.0,7.0,0.75]},"firstperson_lefthand":{"rotation":[-163.75,39.75,180.0],"translation":[4.0,7.5,0.0]},"ground":{"translation":[0.0,3.75,0.0],"scale":[0.8,0.8,0.8]},"gui":{"rotation":[71.69,10.99,-29.99],"translation":[2.75,1.25,0.0],"scale":[0.85,0.85,0.85]},"head":{"translation":[0.0,14.5,0.0]},"fixed":{"rotation":[90.0,0.0,-180.0],"translation":[0.0,-1.25,-7.25]}},"elements":[{"from":[11.499,0.024,3.80452],"to":[15.501,2.026,11.80652],"rotation":{"origin":[12.5,0.025,4.80552],"axis":"y","angle":0.0},"faces":{"north":{"uv":[5.0,5.0,7.0,6.0],"texture":"#0"},"east":{"uv":[0.0,4.0,4.0,5.0],"texture":"#0"},"south":{"uv":[5.0,6.0,7.0,7.0],"texture":"#0"},"west":{"uv":[4.0,0.0,8.0,1.0],"texture":"#0"},"up":{"uv":[2.0,4.0,0.0,0.0],"texture":"#0"},"down":{"uv":[4.0,0.0,2.0,4.0],"texture":"#0"}}},{"from":[11.499,2.024,4.80452],"to":[15.501,4.026,12.80652],"rotation":{"origin":[12.5,2.025,5.80552],"axis":"y","angle":-45.0},"faces":{"north":{"uv":[5.0,5.0,7.0,6.0],"texture":"#0"},"east":{"uv":[0.0,4.0,4.0,5.0],"texture":"#0"},"south":{"uv":[5.0,6.0,7.0,7.0],"texture":"#0"},"west":{"uv":[4.0,0.0,8.0,1.0],"texture":"#0"},"up":{"uv":[2.0,4.0,0.0,0.0],"texture":"#0"},"down":{"uv":[4.0,0.0,2.0,4.0],"texture":"#0"}}},{"from":[4.499,0.024,0.80452],"to":[8.501,2.026,8.80652],"rotation":{"origin":[5.5,0.025,1.80552],"axis":"y","angle":22.5},"faces":{"north":{"uv":[5.0,5.0,7.0,6.0],"texture":"#0"},"east":{"uv":[0.0,4.0,4.0,5.0],"texture":"#0"},"south":{"uv":[5.0,6.0,7.0,7.0],"texture":"#0"},"west":{"uv":[4.0,0.0,8.0,1.0],"texture":"#0"},"up":{"uv":[2.0,4.0,0.0,0.0],"texture":"#0"},"down":{"uv":[4.0,0.0,2.0,4.0],"texture":"#0"}}},{"from":[2.499,0.024,9.80452],"to":[10.501,2.026,13.80652],"rotation":{"origin":[3.5,0.025,12.80552],"axis":"y","angle":0.0},"faces":{"north":{"uv":[0.0,4.0,4.0,5.0],"texture":"#0"},"east":{"uv":[5.0,6.0,7.0,7.0],"texture":"#0"},"south":{"uv":[4.0,0.0,8.0,1.0],"texture":"#0"},"west":{"uv":[5.0,5.0,7.0,6.0],"texture":"#0"},"up":{"uv":[2.0,4.0,0.0,0.0],"texture":"#0","rotation":270},"down":{"uv":[4.0,0.0,2.0,4.0],"texture":"#0","rotation":90}}},{"from":[0.499,2.024,2.80452],"to":[4.501,4.026,10.80652],"rotation":{"origin":[3.5,2.025,9.80552],"axis":"x","angle":-22.5},"faces":{"north":{"uv":[5.0,6.0,7.0,7.0],"texture":"#0"},"east":{"uv":[4.0,0.0,8.0,1.0],"texture":"#0"},"south":{"uv":[5.0,5.0,7.0,6.0],"texture":"#0"},"west":{"uv":[0.0,4.0,4.0,5.0],"texture":"#0"},"up":{"uv":[2.0,4.0,0.0,0.0],"texture":"#0","rotation":180},"down":{"uv":[4.0,0.0,2.0,4.0],"texture":"#0","rotation":180}}}],"textures":{"particle":"d40a1dcf-e9da-43cb-a5a7-3a6cd6ef67f7","0":"d40a1dcf-e9da-43cb-a5a7-3a6cd6ef67f7"}}