{"display":{"thirdperson_righthand":{"rotation":[-154.75,-90.0,0.0],"translation":[0.0,0.75,0.5],"scale":[0.51,0.51,0.51]},"thirdperson_lefthand":{"rotation":[-154.75,-90.0,0.0],"translation":[0.0,0.75,0.5],"scale":[0.51,0.51,0.51]},"firstperson_righthand":{"rotation":[163.25,-88.0,-12.5],"translation":[8.25,-2.75,-4.5],"scale":[0.5,0.5,0.5]},"firstperson_lefthand":{"rotation":[163.25,-88.0,-12.5],"translation":[8.25,-2.75,-4.5],"scale":[0.5,0.5,0.5]},"ground":{"rotation":[76.0,0.0,0.0],"translation":[0.0,-1.5,2.0],"scale":[0.52,0.52,0.52]},"gui":{"translation":[0.0,2.0,0.0],"scale":[0.66,0.66,0.66]},"head":{"scale":[0.02,0.02,0.02]},"fixed":{"rotation":[-180.0,0.0,-180.0],"translation":[0.0,1.75,-0.75],"scale":[0.96,0.96,0.96]}},"elements":[{"from":[6.57614,7.97552,7.0016],"to":[8.7419,10.14128,8.9984],"rotation":{"origin":[8.0,8.71743,8.0],"axis":"z","angle":-45.0},"faces":{"north":{"uv":[9.5,6.875,10.375,6.0],"texture":"#2"},"east":{"uv":[7.0,10.375,7.875,9.5],"texture":"#2"},"south":{"uv":[9.5,7.875,10.375,7.0],"texture":"#2"},"west":{"uv":[8.0,10.375,8.875,9.5],"texture":"#2"},"up":{"uv":[10.375,9.875,9.5,9.0],"texture":"#2"},"down":{"uv":[10.375,8.0,9.5,8.875],"texture":"#2"}}},{"from":[8.5739,7.30401,7.4409],"to":[10.78574,8.53281,8.5591],"rotation":{"origin":[8.0,8.71743,8.0],"axis":"z","angle":22.5},"faces":{"north":{"uv":[10.5,4.0,11.375,3.5],"texture":"#2"},"east":{"uv":[10.0,6.0,10.5,5.5],"texture":"#2"},"south":{"uv":[8.0,11.0,8.875,10.5],"texture":"#2"},"west":{"uv":[12.5,5.0,13.0,4.5],"texture":"#2"},"up":{"uv":[11.375,9.0,10.5,8.5],"texture":"#2"},"down":{"uv":[11.375,8.0,10.5,8.5],"texture":"#2"}}},{"from":[9.93246,9.68781,7.4793],"to":[10.96926,11.32365,8.5207],"rotation":{"origin":[8.0,8.71743,8.0],"axis":"z","angle":-22.5},"faces":{"north":{"uv":[13.0,4.625,13.375,4.0],"texture":"#2"},"east":{"uv":[4.5,13.625,4.875,13.0],"texture":"#2"},"south":{"uv":[5.0,13.625,5.375,13.0],"texture":"#2"},"west":{"uv":[13.0,5.625,13.375,5.0],"texture":"#2"},"up":{"uv":[3.875,14.375,3.5,14.0],"texture":"#2"},"down":{"uv":[14.375,3.0,14.0,3.375],"texture":"#2"}}},{"from":[10.62692,8.79233,7.5177],"to":[11.47172,10.42817,8.4823],"rotation":{"origin":[8.0,8.71743,8.0],"axis":"z","angle":-22.5},"faces":{"north":{"uv":[13.0,8.625,13.375,8.0],"texture":"#2"},"east":{"uv":[8.5,13.625,8.875,13.0],"texture":"#2"},"south":{"uv":[9.5,13.625,9.875,13.0],"texture":"#2"},"west":{"uv":[13.0,10.125,13.375,9.5],"texture":"#2"},"up":{"uv":[14.375,5.375,14.0,5.0],"texture":"#2"},"down":{"uv":[5.375,14.0,5.0,14.375],"texture":"#2"}}},{"from":[9.63295,7.79937,7.5561],"to":[10.69279,8.64417,8.4439],"rotation":{"origin":[8.0,8.71743,8.0],"axis":"y","angle":0.0},"faces":{"north":{"uv":[13.5,2.375,14.0,2.0],"texture":"#2"},"east":{"uv":[5.5,14.375,5.875,14.0],"texture":"#2"},"south":{"uv":[13.5,2.875,14.0,2.5],"texture":"#2"},"west":{"uv":[14.0,5.875,14.375,5.5],"texture":"#2"},"up":{"uv":[14.0,3.875,13.5,3.5],"texture":"#2"},"down":{"uv":[14.0,3.0,13.5,3.375],"texture":"#2"}}},{"from":[11.06719,7.4168,7.5561],"to":[12.31903,8.0696,8.4439],"rotation":{"origin":[8.0,8.71743,8.0],"axis":"z","angle":22.5},"faces":{"north":{"uv":[14.5,2.75,15.0,2.5],"texture":"#2"},"east":{"uv":[5.5,14.75,5.875,14.5],"texture":"#2"},"south":{"uv":[3.0,14.75,3.5,14.5],"texture":"#2"},"west":{"uv":[14.5,5.75,14.875,5.5],"texture":"#2"},"up":{"uv":[8.5,13.875,8.0,13.5],"texture":"#2"},"down":{"uv":[8.0,13.5,7.5,13.875],"texture":"#2"}}},{"from":[7.2383,6.82625,7.49005],"to":[9.06614,8.05505,8.50995],"rotation":{"origin":[8.0,8.71743,8.0],"axis":"z","angle":45.0},"faces":{"north":{"uv":[11.5,3.0,12.25,2.5],"texture":"#2"},"east":{"uv":[13.5,8.5,13.875,8.0],"texture":"#2"},"south":{"uv":[11.5,9.5,12.25,9.0],"texture":"#2"},"west":{"uv":[13.5,9.0,13.875,8.5],"texture":"#2"},"up":{"uv":[5.25,12.875,4.5,12.5],"texture":"#2"},"down":{"uv":[13.25,2.5,12.5,2.875],"texture":"#2"}}},{"from":[8.47633,6.18334,7.20896],"to":[9.45937,8.8867,8.79104],"rotation":{"origin":[8.0,8.71743,8.0],"axis":"z","angle":-22.5},"faces":{"north":{"uv":[6.5,12.125,6.875,11.0],"texture":"#2"},"east":{"uv":[10.0,5.125,10.625,4.0],"texture":"#2"},"south":{"uv":[8.0,12.125,8.375,11.0],"texture":"#2"},"west":{"uv":[9.0,11.125,9.625,10.0],"texture":"#2"},"up":{"uv":[10.875,13.625,10.5,13.0],"texture":"#2"},"down":{"uv":[10.375,13.0,10.0,13.625],"texture":"#2"}}},{"from":[6.54063,6.18334,7.20896],"to":[7.52367,8.8867,8.79104],"rotation":{"origin":[8.0,8.71743,8.0],"axis":"z","angle":22.5},"faces":{"north":{"uv":[6.875,12.125,6.5,11.0],"texture":"#2"},"east":{"uv":[9.625,11.125,9.0,10.0],"texture":"#2"},"south":{"uv":[8.375,12.125,8.0,11.0],"texture":"#2"},"west":{"uv":[10.625,5.125,10.0,4.0],"texture":"#2"},"up":{"uv":[10.5,13.625,10.875,13.0],"texture":"#2"},"down":{"uv":[10.0,13.0,10.375,13.625],"texture":"#2"}}},{"from":[6.93386,6.82625,7.49005],"to":[8.7617,8.05505,8.50995],"rotation":{"origin":[8.0,8.71743,8.0],"axis":"z","angle":-45.0},"faces":{"north":{"uv":[12.25,3.0,11.5,2.5],"texture":"#2"},"east":{"uv":[13.875,9.0,13.5,8.5],"texture":"#2"},"south":{"uv":[12.25,9.5,11.5,9.0],"texture":"#2"},"west":{"uv":[13.875,8.5,13.5,8.0],"texture":"#2"},"up":{"uv":[4.5,12.875,5.25,12.5],"texture":"#2"},"down":{"uv":[12.5,2.5,13.25,2.875],"texture":"#2"}}},{"from":[5.21426,7.30401,7.4409],"to":[7.4261,8.53281,8.5591],"rotation":{"origin":[8.0,8.71743,8.0],"axis":"z","angle":-22.5},"faces":{"north":{"uv":[11.375,4.0,10.5,3.5],"texture":"#2"},"east":{"uv":[13.0,5.0,12.5,4.5],"texture":"#2"},"south":{"uv":[8.875,11.0,8.0,10.5],"texture":"#2"},"west":{"uv":[10.5,6.0,10.0,5.5],"texture":"#2"},"up":{"uv":[10.5,9.0,11.375,8.5],"texture":"#2"},"down":{"uv":[10.5,8.0,11.375,8.5],"texture":"#2"}}},{"from":[5.30721,7.79937,7.5561],"to":[6.36705,8.64417,8.4439],"rotation":{"origin":[8.0,8.71743,8.0],"axis":"y","angle":0.0},"faces":{"north":{"uv":[14.0,2.375,13.5,2.0],"texture":"#2"},"east":{"uv":[14.375,5.875,14.0,5.5],"texture":"#2"},"south":{"uv":[14.0,2.875,13.5,2.5],"texture":"#2"},"west":{"uv":[5.875,14.375,5.5,14.0],"texture":"#2"},"up":{"uv":[13.5,3.875,14.0,3.5],"texture":"#2"},"down":{"uv":[13.5,3.0,14.0,3.375],"texture":"#2"}}},{"from":[4.52828,8.79233,7.5177],"to":[5.37308,10.42817,8.4823],"rotation":{"origin":[8.0,8.71743,8.0],"axis":"z","angle":22.5},"faces":{"north":{"uv":[13.375,8.625,13.0,8.0],"texture":"#2"},"east":{"uv":[13.375,10.125,13.0,9.5],"texture":"#2"},"south":{"uv":[9.875,13.625,9.5,13.0],"texture":"#2"},"west":{"uv":[8.875,13.625,8.5,13.0],"texture":"#2"},"up":{"uv":[14.0,5.375,14.375,5.0],"texture":"#2"},"down":{"uv":[5.0,14.0,5.375,14.375],"texture":"#2"}}},{"from":[5.03074,9.68781,7.4793],"to":[6.06754,11.32365,8.5207],"rotation":{"origin":[8.0,8.71743,8.0],"axis":"z","angle":22.5},"faces":{"north":{"uv":[13.375,4.625,13.0,4.0],"texture":"#2"},"east":{"uv":[13.375,5.625,13.0,5.0],"texture":"#2"},"south":{"uv":[5.375,13.625,5.0,13.0],"texture":"#2"},"west":{"uv":[4.875,13.625,4.5,13.0],"texture":"#2"},"up":{"uv":[3.5,14.375,3.875,14.0],"texture":"#2"},"down":{"uv":[14.0,3.0,14.375,3.375],"texture":"#2"}}},{"from":[3.68097,7.4168,7.5561],"to":[4.93281,8.0696,8.4439],"rotation":{"origin":[8.0,8.71743,8.0],"axis":"z","angle":-22.5},"faces":{"north":{"uv":[15.0,2.75,14.5,2.5],"texture":"#2"},"east":{"uv":[14.875,5.75,14.5,5.5],"texture":"#2"},"south":{"uv":[3.5,14.75,3.0,14.5],"texture":"#2"},"west":{"uv":[5.875,14.75,5.5,14.5],"texture":"#2"},"up":{"uv":[8.0,13.875,8.5,13.5],"texture":"#2"},"down":{"uv":[7.5,13.5,8.0,13.875],"texture":"#2"}}},{"from":[5.66946,6.38689,7.12141],"to":[6.2298,6.94722,8.87859],"rotation":{"origin":[8.0,8.71743,8.0],"axis":"z","angle":45.0},"faces":{"north":{"uv":[10.5,14.75,10.75,14.5],"texture":"#2"},"east":{"uv":[13.5,9.25,14.25,9.0],"texture":"#2"},"south":{"uv":[14.5,10.75,14.75,10.5],"texture":"#2"},"west":{"uv":[13.5,9.75,14.25,9.5],"texture":"#2"},"up":{"uv":[13.75,10.75,13.5,10.0],"texture":"#2"},"down":{"uv":[9.25,13.5,9.0,14.25],"texture":"#2"}}},{"from":[4.45588,6.97154,7.5177],"to":[5.30068,8.60738,8.4823],"rotation":{"origin":[8.0,8.71743,8.0],"axis":"z","angle":-45.0},"faces":{"north":{"uv":[5.875,13.625,5.5,13.0],"texture":"#2"},"east":{"uv":[6.875,13.625,6.5,13.0],"texture":"#2"},"south":{"uv":[13.375,6.625,13.0,6.0],"texture":"#2"},"west":{"uv":[6.375,13.625,6.0,13.0],"texture":"#2"},"up":{"uv":[4.5,14.375,4.875,14.0],"texture":"#2"},"down":{"uv":[14.0,3.5,14.375,3.875],"texture":"#2"}}},{"from":[3.4655,11.19273,7.5561],"to":[4.1183,12.25257,8.4439],"rotation":{"origin":[6.68571,15.63442,8.0],"axis":"z","angle":22.5},"faces":{"north":{"uv":[14.25,8.0,14.0,7.5],"texture":"#2"},"east":{"uv":[2.375,14.0,2.0,13.5],"texture":"#2"},"south":{"uv":[8.25,14.5,8.0,14.0],"texture":"#2"},"west":{"uv":[13.875,2.0,13.5,1.5],"texture":"#2"},"up":{"uv":[14.5,4.875,14.75,4.5],"texture":"#2"},"down":{"uv":[4.5,14.5,4.75,14.875],"texture":"#2"}}},{"from":[2.40515,13.4925,7.5945],"to":[3.01955,14.36034,8.4055],"rotation":{"origin":[6.68571,15.63442,8.0],"axis":"z","angle":45.0},"faces":{"north":{"uv":[6.25,14.875,6.0,14.5],"texture":"#2"},"east":{"uv":[14.375,6.375,14.0,6.0],"texture":"#2"},"south":{"uv":[14.75,6.375,14.5,6.0],"texture":"#2"},"west":{"uv":[6.375,14.375,6.0,14.0],"texture":"#2"},"up":{"uv":[14.5,6.875,14.75,6.5],"texture":"#2"},"down":{"uv":[6.5,14.5,6.75,14.875],"texture":"#2"}}},{"from":[10.69932,6.97154,7.5177],"to":[11.54412,8.60738,8.4823],"rotation":{"origin":[8.0,8.71743,8.0],"axis":"z","angle":45.0},"faces":{"north":{"uv":[5.5,13.625,5.875,13.0],"texture":"#2"},"east":{"uv":[6.0,13.625,6.375,13.0],"texture":"#2"},"south":{"uv":[13.0,6.625,13.375,6.0],"texture":"#2"},"west":{"uv":[6.5,13.625,6.875,13.0],"texture":"#2"},"up":{"uv":[4.875,14.375,4.5,14.0],"texture":"#2"},"down":{"uv":[14.375,3.5,14.0,3.875],"texture":"#2"}}},{"from":[9.13464,11.16916,7.5561],"to":[9.78744,12.229,8.4439],"rotation":{"origin":[8.0,8.71743,8.0],"axis":"z","angle":-22.5},"faces":{"north":{"uv":[14.0,8.0,14.25,7.5],"texture":"#2"},"east":{"uv":[13.5,2.0,13.875,1.5],"texture":"#2"},"south":{"uv":[8.0,14.5,8.25,14.0],"texture":"#2"},"west":{"uv":[2.0,14.0,2.375,13.5],"texture":"#2"},"up":{"uv":[14.75,4.875,14.5,4.5],"texture":"#2"},"down":{"uv":[4.75,14.5,4.5,14.875],"texture":"#2"}}},{"from":[7.70445,12.39591,7.5945],"to":[8.31885,13.26375,8.4055],"rotation":{"origin":[8.0,8.71743,8.0],"axis":"z","angle":-45.0},"faces":{"north":{"uv":[6.0,14.875,6.25,14.5],"texture":"#2"},"east":{"uv":[6.0,14.375,6.375,14.0],"texture":"#2"},"south":{"uv":[14.5,6.375,14.75,6.0],"texture":"#2"},"west":{"uv":[14.0,6.375,14.375,6.0],"texture":"#2"},"up":{"uv":[14.75,6.875,14.5,6.5],"texture":"#2"},"down":{"uv":[6.75,14.5,6.5,14.875],"texture":"#2"}}},{"from":[7.5,0.5,7.7],"to":[8.5,4.5,8.3],"rotation":{"origin":[8.0,1.5,8.0],"axis":"y","angle":0.0},"faces":{"north":{"uv":[15.375,2.0,16.0,4.625],"texture":"#2"},"east":{"uv":[15.375,2.0,15.475,4.625],"texture":"#2"},"south":{"uv":[15.375,2.0,16.0,4.625],"texture":"#2"},"west":{"uv":[15.375,2.0,15.475,4.625],"texture":"#2"},"up":{"uv":[15.375,2.0,16.0,2.1],"texture":"#2"},"down":{"uv":[15.375,2.0,16.0,2.1],"texture":"#2"}}},{"from":[7.25,4.5,7.7],"to":[8.75,7.5,8.3],"rotation":{"origin":[8.0,5.5,8.0],"axis":"y","angle":0.0},"faces":{"north":{"uv":[15.125,0.0,16.0,1.875],"texture":"#2"},"east":{"uv":[15.125,0.0,15.225,1.875],"texture":"#2"},"south":{"uv":[15.125,0.0,16.0,1.875],"texture":"#2"},"west":{"uv":[15.125,0.0,15.225,1.875],"texture":"#2"},"up":{"uv":[15.125,0.0,16.0,0.1],"texture":"#2"},"down":{"uv":[15.125,0.0,16.0,0.1],"texture":"#2"}}},{"from":[3.4001,-0.52872,7.328],"to":[3.7649,-0.16392,8.672],"rotation":{"origin":[6.68571,4.61558,8.0],"axis":"z","angle":45.0},"faces":{"north":{"uv":[11.0,14.5,11.125,14.625],"texture":"#2"},"east":{"uv":[7.0,14.5,7.625,14.625],"texture":"#2"},"south":{"uv":[14.5,11.0,14.625,11.125],"texture":"#2"},"west":{"uv":[14.5,7.0,15.125,7.125],"texture":"#2"},"up":{"uv":[14.625,8.125,14.5,7.5],"texture":"#2"},"down":{"uv":[8.125,14.5,8.0,15.125],"texture":"#2"}}},{"from":[4.06633,0.13751,7.296],"to":[5.50633,0.77751,8.704],"rotation":{"origin":[6.68571,4.61558,8.0],"axis":"z","angle":45.0},"faces":{"north":{"uv":[12.0,8.0,12.75,8.375],"texture":"#2"},"east":{"uv":[12.0,8.5,12.75,8.875],"texture":"#2"},"south":{"uv":[12.0,9.5,12.75,9.875],"texture":"#2"},"west":{"uv":[12.0,10.0,12.75,10.375],"texture":"#2"},"up":{"uv":[2.25,11.25,1.5,10.5],"texture":"#2"},"down":{"uv":[3.25,10.5,2.5,11.25],"texture":"#2"}}},{"from":[4.06633,0.77751,7.296],"to":[4.70633,1.57751,8.704],"rotation":{"origin":[6.68571,4.61558,8.0],"axis":"z","angle":45.0},"faces":{"north":{"uv":[14.0,2.5,14.375,2.875],"texture":"#2"},"east":{"uv":[12.0,10.5,12.75,10.875],"texture":"#2"},"south":{"uv":[3.0,14.0,3.375,14.375],"texture":"#2"},"west":{"uv":[11.0,12.0,11.75,12.375],"texture":"#2"},"up":{"uv":[12.375,12.25,12.0,11.5],"texture":"#2"},"down":{"uv":[12.875,3.5,12.5,4.25],"texture":"#2"}}},{"from":[9.67004,-0.05595,7.36],"to":[10.31004,1.70405,8.64],"rotation":{"origin":[6.68571,4.61558,8.0],"axis":"z","angle":-22.5},"faces":{"north":{"uv":[10.0,11.5,10.375,12.375],"texture":"#2"},"east":{"uv":[7.0,10.5,7.625,11.375],"texture":"#2"},"south":{"uv":[10.5,11.5,10.875,12.375],"texture":"#2"},"west":{"uv":[10.5,7.0,11.125,7.875],"texture":"#2"},"up":{"uv":[13.375,3.625,13.0,3.0],"texture":"#2"},"down":{"uv":[3.875,13.0,3.5,13.625],"texture":"#2"}}},{"from":[8.4634,1.07362,8.0],"to":[10.2366,3.42802,8.0],"rotation":{"origin":[8.58571,8.06558,8.0],"axis":"y","angle":0.0},"faces":{"north":{"uv":[15.0,4.75,16.0,6.125],"texture":"#2"},"east":{"uv":[0.0,0.0,0.0,2.125],"texture":"#2"},"south":{"uv":[16.0,4.75,15.0,6.125],"texture":"#2"},"west":{"uv":[0.0,0.0,0.0,2.125],"texture":"#2"},"up":{"uv":[1.5,0.0,0.0,0.0],"texture":"#2"},"down":{"uv":[1.5,0.0,0.0,0.0],"texture":"#2"}}},{"from":[5.48987,-1.06186,7.36],"to":[6.12987,0.69814,8.64],"rotation":{"origin":[6.68571,4.61558,8.0],"axis":"z","angle":22.5},"faces":{"north":{"uv":[10.375,11.5,10.0,12.375],"texture":"#2"},"east":{"uv":[11.125,7.0,10.5,7.875],"texture":"#2"},"south":{"uv":[10.875,11.5,10.5,12.375],"texture":"#2"},"west":{"uv":[7.625,10.5,7.0,11.375],"texture":"#2"},"up":{"uv":[13.0,3.625,13.375,3.0],"texture":"#2"},"down":{"uv":[3.5,13.0,3.875,13.625],"texture":"#2"}}},{"from":[5.39634,10.82892,7.328],"to":[5.76114,11.19372,8.672],"rotation":{"origin":[7.93447,13.45972,8.0],"axis":"z","angle":45.0},"faces":{"north":{"uv":[11.0,14.5,11.125,14.625],"texture":"#2"},"east":{"uv":[7.0,14.5,7.625,14.625],"texture":"#2"},"south":{"uv":[14.5,11.0,14.625,11.125],"texture":"#2"},"west":{"uv":[14.5,7.0,15.125,7.125],"texture":"#2"},"up":{"uv":[14.625,8.125,14.5,7.5],"texture":"#2"},"down":{"uv":[8.125,14.5,8.0,15.125],"texture":"#2"}}}],"textures":{"particle":"f47d081a-9be6-42eb-9c39-b9a80e69f7af","2":"93ae10c9-5333-4bf7-82a5-6cae0cb681a4"},"gui_light":"front"}