{"display":{"thirdperson_righthand":{"translation":[0.0,5.5,0.0],"scale":[0.7,0.7,0.7]},"thirdperson_lefthand":{"translation":[0.0,5.5,0.0],"scale":[0.7,0.7,0.7]},"firstperson_righthand":{"rotation":[-163.75,39.75,180.0],"translation":[4.0,7.0,0.75]},"firstperson_lefthand":{"rotation":[-12.87,32.0,7.23],"translation":[3.0,7.5,0.0]},"ground":{"translation":[0.0,3.75,0.0],"scale":[0.8,0.8,0.8]},"gui":{"rotation":[69.44,10.99,-29.99],"translation":[2.75,1.25,0.0],"scale":[0.85,0.85,0.85]},"head":{"translation":[0.0,14.5,0.0]},"fixed":{"rotation":[90.0,0.0,-180.0],"translation":[0.0,-1.25,-7.25]}},"elements":[{"from":[9.599,0.024,4.40452],"to":[13.601,2.026,12.40652],"rotation":{"origin":[11.6,1.025,8.40552],"axis":"y","angle":0.0},"faces":{"north":{"uv":[5.0,6.0,7.0,7.0],"texture":"#0"},"east":{"uv":[4.0,0.0,8.0,1.0],"texture":"#0"},"south":{"uv":[5.0,5.0,7.0,6.0],"texture":"#0"},"west":{"uv":[0.0,4.0,4.0,5.0],"texture":"#0"},"up":{"uv":[2.0,4.0,0.0,0.0],"texture":"#0","rotation":180},"down":{"uv":[4.0,0.0,2.0,4.0],"texture":"#0","rotation":180}}},{"from":[0.099,0.024,1.40452],"to":[8.101,2.026,5.40652],"rotation":{"origin":[1.1,0.025,4.40552],"axis":"y","angle":0.0},"faces":{"north":{"uv":[0.0,4.0,4.0,5.0],"texture":"#0"},"east":{"uv":[5.0,6.0,7.0,7.0],"texture":"#0"},"south":{"uv":[4.0,0.0,8.0,1.0],"texture":"#0"},"west":{"uv":[5.0,5.0,7.0,6.0],"texture":"#0"},"up":{"uv":[2.0,4.0,0.0,0.0],"texture":"#0","rotation":270},"down":{"uv":[4.0,0.0,2.0,4.0],"texture":"#0","rotation":90}}},{"from":[0.099,2.024,1.40452],"to":[8.101,4.026,5.40652],"rotation":{"origin":[1.1,2.025,4.40552],"axis":"y","angle":0.0},"faces":{"north":{"uv":[0.0,4.0,4.0,5.0],"texture":"#0"},"east":{"uv":[5.0,6.0,7.0,7.0],"texture":"#0"},"south":{"uv":[4.0,0.0,8.0,1.0],"texture":"#0"},"west":{"uv":[5.0,5.0,7.0,6.0],"texture":"#0"},"up":{"uv":[2.0,4.0,0.0,0.0],"texture":"#0","rotation":270},"down":{"uv":[4.0,0.0,2.0,4.0],"texture":"#0","rotation":90}}},{"from":[9.099,5.024,-0.34548],"to":[13.101,7.026,7.65652],"rotation":{"origin":[12.1,5.025,6.65552],"axis":"x","angle":-45.0},"faces":{"north":{"uv":[5.0,6.0,7.0,7.0],"texture":"#0"},"east":{"uv":[4.0,0.0,8.0,1.0],"texture":"#0"},"south":{"uv":[5.0,5.0,7.0,6.0],"texture":"#0"},"west":{"uv":[0.0,4.0,4.0,5.0],"texture":"#0"},"up":{"uv":[2.0,4.0,0.0,0.0],"texture":"#0","rotation":180},"down":{"uv":[4.0,0.0,2.0,4.0],"texture":"#0","rotation":180}}},{"from":[6.749,2.024,5.40452],"to":[10.751,4.026,13.40652],"rotation":{"origin":[9.75,2.025,12.40552],"axis":"y","angle":-22.5},"faces":{"north":{"uv":[5.0,6.0,7.0,7.0],"texture":"#0"},"east":{"uv":[4.0,0.0,8.0,1.0],"texture":"#0"},"south":{"uv":[5.0,5.0,7.0,6.0],"texture":"#0"},"west":{"uv":[0.0,4.0,4.0,5.0],"texture":"#0"},"up":{"uv":[2.0,4.0,0.0,0.0],"texture":"#0","rotation":180},"down":{"uv":[4.0,0.0,2.0,4.0],"texture":"#0","rotation":180}}},{"from":[14.099,0.024,6.59348],"to":[16.101,4.026,14.59548],"rotation":{"origin":[14.1,1.025,13.59448],"axis":"z","angle":22.5},"faces":{"north":{"uv":[5.0,6.0,7.0,7.0],"texture":"#0","rotation":270},"east":{"uv":[0.0,0.0,2.0,4.0],"texture":"#0","rotation":90},"south":{"uv":[5.0,5.0,7.0,6.0],"texture":"#0","rotation":90},"west":{"uv":[2.0,4.0,4.0,0.0],"texture":"#0","rotation":90},"up":{"uv":[0.0,4.0,4.0,5.0],"texture":"#0","rotation":90},"down":{"uv":[4.0,0.0,8.0,1.0],"texture":"#0","rotation":90}}},{"from":[0.599,0.024,8.40452],"to":[4.601,2.026,16.40652],"rotation":{"origin":[1.6,0.025,9.40552],"axis":"y","angle":45.0},"faces":{"north":{"uv":[5.0,5.0,7.0,6.0],"texture":"#0"},"east":{"uv":[0.0,4.0,4.0,5.0],"texture":"#0"},"south":{"uv":[5.0,6.0,7.0,7.0],"texture":"#0"},"west":{"uv":[4.0,0.0,8.0,1.0],"texture":"#0"},"up":{"uv":[2.0,4.0,0.0,0.0],"texture":"#0"},"down":{"uv":[4.0,0.0,2.0,4.0],"texture":"#0"}}},{"from":[1.099,2.024,8.40452],"to":[5.101,4.026,16.40652],"rotation":{"origin":[2.1,2.025,9.40552],"axis":"y","angle":22.5},"faces":{"north":{"uv":[5.0,5.0,7.0,6.0],"texture":"#0"},"east":{"uv":[0.0,4.0,4.0,5.0],"texture":"#0"},"south":{"uv":[5.0,6.0,7.0,7.0],"texture":"#0"},"west":{"uv":[4.0,0.0,8.0,1.0],"texture":"#0"},"up":{"uv":[2.0,4.0,0.0,0.0],"texture":"#0"},"down":{"uv":[4.0,0.0,2.0,4.0],"texture":"#0"}}},{"from":[0.099,4.024,7.40452],"to":[8.101,6.026,11.40652],"rotation":{"origin":[1.1,4.025,10.40552],"axis":"y","angle":-22.5},"faces":{"north":{"uv":[0.0,4.0,4.0,5.0],"texture":"#0"},"east":{"uv":[5.0,6.0,7.0,7.0],"texture":"#0"},"south":{"uv":[4.0,0.0,8.0,1.0],"texture":"#0"},"west":{"uv":[5.0,5.0,7.0,6.0],"texture":"#0"},"up":{"uv":[2.0,4.0,0.0,0.0],"texture":"#0","rotation":270},"down":{"uv":[4.0,0.0,2.0,4.0],"texture":"#0","rotation":90}}},{"from":[0.099,6.024,7.15452],"to":[8.101,8.026,11.15652],"rotation":{"origin":[1.1,6.025,10.15552],"axis":"y","angle":-45.0},"faces":{"north":{"uv":[0.0,4.0,4.0,5.0],"texture":"#0"},"east":{"uv":[5.0,6.0,7.0,7.0],"texture":"#0"},"south":{"uv":[4.0,0.0,8.0,1.0],"texture":"#0"},"west":{"uv":[5.0,5.0,7.0,6.0],"texture":"#0"},"up":{"uv":[2.0,4.0,0.0,0.0],"texture":"#0","rotation":270},"down":{"uv":[4.0,0.0,2.0,4.0],"texture":"#0","rotation":90}}}],"textures":{"particle":"d40a1dcf-e9da-43cb-a5a7-3a6cd6ef67f7","0":"d40a1dcf-e9da-43cb-a5a7-3a6cd6ef67f7"}}