{"display":{"thirdperson_righthand":{"rotation":[0.0,90.0,0.0],"translation":[-4.7,14.0,2.5]},"thirdperson_lefthand":{"rotation":[0.0,-90.0,0.0],"translation":[4.7,14.0,2.5]},"firstperson_righthand":{"rotation":[-16.0,90.0,0.0],"translation":[4.0,9.0,-12.0]},"firstperson_lefthand":{"rotation":[-16.0,90.0,0.0],"translation":[4.0,9.0,-12.0]},"gui":{"rotation":[0.0,180.0,47.0],"translation":[1.2,0.8,4.0],"scale":[0.6,0.6,0.6]},"head":{"scale":[1.0E-4,1.0E-4,1.0E-4]},"ground":{"rotation":[-11.0,0.0,2.0],"translation":[0.0,1.3913,0.0],"scale":[0.25,0.25,0.25]},"fixed":{"rotation":[0.0,0.0,46.0],"translation":[-0.695,-0.695,-4.0],"scale":[0.8,0.8,0.8]}},"elements":[{"from":[6.5,-4.5,11.5],"to":[11.5,-2.0,14.0],"faces":{"down":{"uv":[7.0,1.0,12.0,3.5],"texture":"#0"},"up":{"uv":[7.0,1.0,12.0,3.5],"texture":"#0"},"north":{"uv":[7.0,1.0,12.0,3.5],"texture":"#0"},"south":{"uv":[7.0,1.0,12.0,3.5],"texture":"#0"},"west":{"uv":[7.0,1.0,8.5,3.5],"texture":"#0"},"east":{"uv":[10.5,1.0,12.0,3.5],"texture":"#0"}}},{"from":[7.5,-13.0,11.5],"to":[10.5,-11.5,14.0],"faces":{"down":{"uv":[8.0,10.5,11.0,12.0],"texture":"#0"},"up":{"uv":[8.0,10.5,11.0,12.0],"texture":"#0"},"north":{"uv":[8.0,10.5,11.0,12.0],"texture":"#0"},"south":{"uv":[8.0,10.5,11.0,12.0],"texture":"#0"},"west":{"uv":[8.0,14.0,11.0,15.5],"texture":"#0"},"east":{"uv":[8.0,14.0,11.0,15.5],"texture":"#0"}}},{"from":[8.0,-11.5,12.0],"to":[10.0,-11.0,13.5],"faces":{"up":{"uv":[8.5,10.5,10.5,11.0],"texture":"#0"},"north":{"uv":[8.5,10.5,10.5,11.0],"texture":"#0"},"south":{"uv":[8.5,10.5,10.5,11.0],"texture":"#0"},"west":{"uv":[8.5,10.5,10.5,11.0],"texture":"#0"},"east":{"uv":[8.5,10.5,10.5,11.0],"texture":"#0"}}},{"from":[8.5,-11.0,12.0],"to":[9.5,-5.0,13.5],"faces":{"north":{"uv":[9.0,4.0,10.0,10.0],"texture":"#0"},"south":{"uv":[9.0,4.0,10.0,10.0],"texture":"#0"},"west":{"uv":[9.0,4.0,10.0,10.0],"texture":"#0"},"east":{"uv":[9.0,4.0,10.0,10.0],"texture":"#0"}}},{"from":[5.0,-4.0,12.0],"to":[6.0,-3.5,13.5],"faces":{"down":{"uv":[12.5,2.5,13.5,3.0],"texture":"#0"},"north":{"uv":[12.5,2.5,13.5,3.0],"texture":"#0"},"south":{"uv":[12.5,2.5,13.5,3.0],"texture":"#0"},"west":{"uv":[12.5,2.5,13.5,3.0],"texture":"#0"},"east":{"uv":[12.5,2.5,13.5,3.0],"texture":"#0"}}},{"from":[8.0,-4.0,11.0],"to":[8.5,-3.0,14.5],"faces":{"down":{"uv":[10.0,2.0,10.5,3.0],"texture":"#0"},"up":{"uv":[10.0,2.0,10.5,3.0],"texture":"#0"},"north":{"uv":[10.0,2.0,10.5,3.0],"texture":"#0"},"south":{"uv":[10.0,2.0,10.5,3.0],"texture":"#0"},"west":{"uv":[10.0,2.0,10.5,3.0],"texture":"#0"}}},{"from":[12.0,-4.0,12.0],"to":[13.0,-3.5,13.5],"faces":{"down":{"uv":[5.5,2.5,6.5,3.0],"texture":"#0"},"north":{"uv":[5.5,2.5,6.5,3.0],"texture":"#0"},"south":{"uv":[5.5,2.5,6.5,3.0],"texture":"#0"},"west":{"uv":[5.5,2.5,6.5,3.0],"texture":"#0"},"east":{"uv":[5.5,2.5,6.5,3.0],"texture":"#0"}}},{"from":[8.0,-0.5,12.5],"to":[10.0,2.5,13.0],"faces":{"north":{"uv":[1.0,11.5,3.0,14.5],"texture":"#0"},"south":{"uv":[3.0,11.5,1.0,14.5],"texture":"#0"},"west":{"uv":[2.5,11.5,3.0,14.5],"texture":"#0"},"east":{"uv":[1.0,11.5,1.5,14.5],"texture":"#0"}}},{"from":[5.0,-3.5,12.0],"to":[13.0,-3.0,13.5],"faces":{"down":{"uv":[5.5,2.0,13.5,2.5],"texture":"#0"},"up":{"uv":[5.5,2.0,13.5,2.5],"texture":"#0"},"north":{"uv":[5.5,2.0,13.5,2.5],"texture":"#0"},"south":{"uv":[5.5,2.0,13.5,2.5],"texture":"#0"},"west":{"uv":[10.5,2.0,13.5,2.5],"texture":"#0"},"east":{"uv":[5.5,2.0,8.5,2.5],"texture":"#0"}}},{"from":[5.5,-3.0,12.0],"to":[12.5,-2.5,13.5],"faces":{"up":{"uv":[6.0,1.5,13.0,2.0],"texture":"#0"},"north":{"uv":[6.0,1.5,13.0,2.0],"texture":"#0"},"south":{"uv":[6.0,1.5,13.0,2.0],"texture":"#0"},"west":{"uv":[10.0,1.5,13.0,2.0],"texture":"#0"},"east":{"uv":[6.0,1.5,9.0,2.0],"texture":"#0"}}},{"from":[7.5,-5.0,12.0],"to":[10.5,-4.5,13.5],"faces":{"down":{"uv":[8.0,3.5,11.0,4.0],"texture":"#0"},"north":{"uv":[8.0,3.5,11.0,4.0],"texture":"#0"},"south":{"uv":[8.0,3.5,11.0,4.0],"texture":"#0"},"west":{"uv":[8.0,3.5,11.0,4.0],"texture":"#0"},"east":{"uv":[8.0,3.5,11.0,4.0],"texture":"#0"}}},{"from":[8.5,-4.5,11.0],"to":[9.5,-2.5,14.5],"faces":{"down":{"uv":[9.0,1.5,10.0,3.5],"texture":"#0"},"up":{"uv":[9.0,1.5,10.0,3.5],"texture":"#0"},"north":{"uv":[9.0,1.5,10.0,3.5],"texture":"#0"},"south":{"uv":[9.0,1.5,10.0,3.5],"texture":"#0"},"west":{"uv":[9.0,1.5,10.0,3.5],"texture":"#0"},"east":{"uv":[9.0,1.5,10.0,3.5],"texture":"#0"}}},{"from":[9.5,-4.0,11.0],"to":[10.0,-3.0,14.5],"faces":{"down":{"uv":[8.5,2.0,9.0,3.0],"texture":"#0"},"up":{"uv":[8.5,2.0,9.0,3.0],"texture":"#0"},"north":{"uv":[8.5,2.0,9.0,3.0],"texture":"#0"},"south":{"uv":[8.5,2.0,9.0,3.0],"texture":"#0"},"east":{"uv":[8.5,2.0,9.0,3.0],"texture":"#0"}}},{"from":[12.5,-4.5,12.0],"to":[13.0,-4.0,13.5],"faces":{"down":{"uv":[5.5,3.0,6.0,3.5],"texture":"#0"},"north":{"uv":[5.5,3.0,6.0,3.5],"texture":"#0"},"south":{"uv":[5.5,3.0,6.0,3.5],"texture":"#0"},"west":{"uv":[5.5,3.0,6.0,3.5],"texture":"#0"},"east":{"uv":[5.5,3.0,6.0,3.5],"texture":"#0"}}},{"from":[8.5,-0.5,12.0],"to":[9.5,2.5,13.5],"faces":{"north":{"uv":[1.5,11.5,2.5,14.5],"texture":"#0"},"south":{"uv":[2.5,11.5,1.5,14.5],"texture":"#0"},"west":{"uv":[2.0,11.5,3.0,14.5],"texture":"#0"},"east":{"uv":[1.0,11.0,1.5,14.0],"texture":"#0"}}},{"from":[8.5,22.5,12.5],"to":[9.5,23.5,13.0],"faces":{"up":{"uv":[6.5,6.5,5.5,7.0],"texture":"#0"},"north":{"uv":[5.5,6.5,6.5,7.5],"texture":"#0"},"south":{"uv":[5.5,6.5,6.5,7.5],"texture":"#0"},"west":{"uv":[6.0,6.5,6.5,7.5],"texture":"#0"},"east":{"uv":[5.5,6.5,6.0,7.5],"texture":"#0"}}},{"from":[7.5,-1.0,12.5],"to":[10.5,-0.5,13.0],"faces":{"up":{"uv":[2.5,14.5,1.5,15.0],"texture":"#0"},"north":{"uv":[1.0,14.5,3.5,15.0],"texture":"#0"},"south":{"uv":[3.5,14.5,1.0,15.0],"texture":"#0"},"west":{"uv":[3.0,14.5,3.5,15.0],"texture":"#0"},"east":{"uv":[1.0,14.5,1.5,15.0],"texture":"#0"}}},{"from":[7.5,2.5,12.5],"to":[10.5,3.0,13.0],"faces":{"down":{"uv":[3.5,11.0,0.5,11.5],"texture":"#0"},"north":{"uv":[0.5,11.0,3.5,11.5],"texture":"#0"},"south":{"uv":[3.5,11.0,0.5,11.5],"texture":"#0"},"west":{"uv":[3.0,11.0,3.5,11.5],"texture":"#0"},"east":{"uv":[0.5,11.0,1.0,11.5],"texture":"#0"}}},{"from":[7.0,-2.0,12.5],"to":[11.0,-1.0,13.0],"faces":{"up":{"uv":[2.0,15.0,1.0,16.0],"texture":"#0"},"north":{"uv":[1.0,15.0,4.0,16.0],"texture":"#0"},"south":{"uv":[4.0,15.0,1.0,16.0],"texture":"#0"},"west":{"uv":[3.5,15.0,4.0,16.0],"texture":"#0"},"east":{"uv":[1.0,15.0,1.5,16.0],"texture":"#0"}}},{"from":[7.5,3.0,12.0],"to":[10.5,14.0,13.5],"faces":{"down":{"uv":[3.5,0.0,0.5,11.0],"texture":"#0"},"up":{"uv":[2.0,0.0,1.0,0.5],"texture":"#0"},"north":{"uv":[0.5,0.0,3.5,11.0],"texture":"#0"},"south":{"uv":[3.5,0.0,0.5,11.0],"texture":"#0"},"west":{"uv":[1.5,0.0,4.0,11.0],"texture":"#0"},"east":{"uv":[0.5,0.0,1.0,11.5],"texture":"#0"}}},{"from":[8.0,2.5,12.0],"to":[10.0,3.0,13.5],"faces":{"down":{"uv":[3.5,11.0,0.5,11.5],"texture":"#0"},"north":{"uv":[0.5,11.0,3.5,11.5],"texture":"#0"},"south":{"uv":[3.5,11.0,0.5,11.5],"texture":"#0"},"west":{"uv":[1.5,11.0,3.5,11.5],"texture":"#0"},"east":{"uv":[0.5,11.0,1.0,11.5],"texture":"#0"}}},{"from":[8.0,-1.0,12.0],"to":[10.0,-0.5,13.5],"faces":{"up":{"uv":[2.5,14.5,1.5,15.0],"texture":"#0"},"north":{"uv":[1.0,14.5,3.0,15.0],"texture":"#0"},"south":{"uv":[3.0,14.5,1.0,15.0],"texture":"#0"},"west":{"uv":[2.0,14.5,3.5,15.0],"texture":"#0"},"east":{"uv":[1.0,14.5,1.5,15.0],"texture":"#0"}}},{"from":[7.5,-2.0,12.0],"to":[10.5,-1.0,13.5],"faces":{"up":{"uv":[2.0,15.0,1.0,16.0],"texture":"#0"},"north":{"uv":[1.0,15.0,3.0,16.0],"texture":"#0"},"south":{"uv":[3.0,15.0,1.0,16.0],"texture":"#0"},"west":{"uv":[1.5,15.0,3.5,16.0],"texture":"#0"},"east":{"uv":[1.0,15.0,1.5,16.0],"texture":"#0"}}},{"from":[5.0,-4.5,12.0],"to":[5.5,-4.0,13.5],"faces":{"down":{"uv":[13.0,3.0,13.5,3.5],"texture":"#0"},"north":{"uv":[13.0,3.0,13.5,3.5],"texture":"#0"},"south":{"uv":[13.0,3.0,13.5,3.5],"texture":"#0"},"west":{"uv":[13.0,3.0,13.5,3.5],"texture":"#0"},"east":{"uv":[13.0,3.0,13.5,3.5],"texture":"#0"}}},{"from":[7.0,3.0,12.5],"to":[11.0,14.0,13.0],"faces":{"down":{"uv":[4.0,0.0,0.0,11.0],"texture":"#0"},"up":{"uv":[2.0,0.0,1.0,0.5],"texture":"#0"},"north":{"uv":[0.0,0.0,4.0,11.0],"texture":"#0"},"south":{"uv":[4.0,0.0,0.0,11.0],"texture":"#0"},"west":{"uv":[3.5,0.0,4.0,11.0],"texture":"#0"},"east":{"uv":[0.5,0.0,1.0,11.0],"texture":"#0"}}},{"from":[7.5,14.0,12.5],"to":[10.5,20.5,13.0],"faces":{"up":{"uv":[6.0,9.5,5.0,10.0],"texture":"#0"},"north":{"uv":[4.5,9.5,7.5,16.0],"texture":"#0"},"south":{"uv":[7.5,9.5,4.5,16.0],"texture":"#0"},"west":{"uv":[7.0,9.5,7.5,16.0],"texture":"#0"},"east":{"uv":[5.0,9.499999,5.5,16.0],"texture":"#0"}}},{"from":[8.0,20.5,12.5],"to":[10.0,22.5,13.0],"faces":{"up":{"uv":[6.5,7.5,5.5,9.0],"texture":"#0"},"north":{"uv":[5.0,7.5,7.0,9.5],"texture":"#0"},"south":{"uv":[7.0,7.5,5.0,9.5],"texture":"#0"},"west":{"uv":[6.5,7.5,7.0,9.5],"texture":"#0"},"east":{"uv":[5.0,7.5,5.5,9.5],"texture":"#0"}}},{"from":[8.0,14.0,12.0],"to":[10.0,20.0,13.5],"faces":{"up":{"uv":[6.0,9.0,5.0,9.5],"texture":"#0"},"north":{"uv":[4.5,9.499998,7.5,16.0],"texture":"#0"},"south":{"uv":[7.5,9.499998,4.5,16.0],"texture":"#0"},"west":{"uv":[6.0,9.499999,7.5,16.0],"texture":"#0"},"east":{"uv":[4.5,9.499999,5.0,16.0],"texture":"#0"}}},{"from":[8.5,20.0,12.0],"to":[9.5,22.0,13.5],"faces":{"up":{"uv":[6.5,7.5,5.5,8.0],"texture":"#0"},"north":{"uv":[5.5,7.5,6.5,10.0],"texture":"#0"},"south":{"uv":[6.5,7.5,5.5,10.0],"texture":"#0"},"west":{"uv":[6.5,7.5,7.0,10.0],"texture":"#0"},"east":{"uv":[5.5,7.5,6.0,10.0],"texture":"#0"}}},{"from":[8.0,-13.5,12.0],"to":[10.0,-11.5,13.5],"faces":{"down":{"uv":[8.5,10.5,10.5,12.5],"texture":"#0"},"north":{"uv":[8.5,10.5,10.5,12.5],"texture":"#0"},"south":{"uv":[8.5,10.5,10.5,12.5],"texture":"#0"},"west":{"uv":[8.5,10.5,10.5,12.5],"texture":"#0"},"east":{"uv":[8.5,10.5,10.5,12.5],"texture":"#0"}}},{"from":[9.5,-11.0,12.5],"to":[10.0,-5.0,13.0],"faces":{"north":{"uv":[8.5,4.0,9.0,10.0],"texture":"#0"},"south":{"uv":[8.5,4.0,9.0,10.0],"texture":"#0"},"east":{"uv":[8.5,4.0,9.0,10.0],"texture":"#0"}}},{"from":[8.0,-11.0,12.5],"to":[8.5,-5.0,13.0],"faces":{"north":{"uv":[10.0,4.0,10.5,10.0],"texture":"#0"},"south":{"uv":[10.0,4.0,10.5,10.0],"texture":"#0"},"west":{"uv":[10.0,4.0,10.5,10.0],"texture":"#0"}}}],"textures":{"0":"260d57ec-1643-4934-8c86-deff31001615"}}