{"display":{"thirdperson_righthand":{"rotation":[-20.0,0.0,0.0],"translation":[0.0,0.38,-1.89],"scale":[0.75,0.75,0.75]},"thirdperson_lefthand":{"rotation":[-20.0,0.0,0.0],"translation":[0.0,0.38,-1.89],"scale":[0.75,0.75,0.75]},"firstperson_righthand":{"rotation":[-31.0,118.0,7.0],"translation":[0.76,0.0,-3.21]},"firstperson_lefthand":{"rotation":[-14.0,125.0,7.0],"translation":[0.76,0.19,-3.21]},"gui":{"rotation":[18.0,159.0,-17.0],"translation":[0.0,-1.51,0.0]},"head":{"translation":[0.0,6.43,0.0],"scale":[1.6,1.6,1.6]},"ground":{"translation":[0.0,3.02,0.0],"scale":[0.5,0.5,0.5]},"fixed":{"translation":[0.0,-1.32,0.0]}},"elements":[{"from":[3.0,5.0,4.0],"to":[4.0,7.0,12.0],"faces":{"down":{"uv":[0.0,0.5,4.0,1.0],"texture":"#0","rotation":90},"up":{"uv":[0.0,0.0,4.0,0.5],"texture":"#0","rotation":90},"north":{"uv":[0.0,0.0,0.5,1.0],"texture":"#0"},"south":{"uv":[3.5,0.0,4.0,1.0],"texture":"#0"},"west":{"uv":[0.0,0.0,4.0,1.0],"texture":"#0"},"east":{"uv":[0.0,0.0,4.0,1.0],"texture":"#0"}}},{"from":[4.0,5.0,3.0],"to":[12.0,7.0,4.0],"faces":{"down":{"uv":[0.0,0.5,4.0,1.0],"texture":"#0"},"up":{"uv":[0.0,0.0,4.0,0.5],"texture":"#0"},"north":{"uv":[0.0,0.0,4.0,1.0],"texture":"#0"},"south":{"uv":[0.0,0.0,4.0,1.0],"texture":"#0"},"west":{"uv":[0.0,0.0,0.5,1.0],"texture":"#0"},"east":{"uv":[3.5,0.0,4.0,1.0],"texture":"#0"}}},{"from":[4.0,5.0,12.0],"to":[12.0,7.0,13.0],"faces":{"down":{"uv":[0.0,0.5,4.0,1.0],"texture":"#0"},"up":{"uv":[0.0,0.0,4.0,0.5],"texture":"#0"},"north":{"uv":[0.0,0.0,4.0,1.0],"texture":"#0"},"south":{"uv":[0.0,0.0,4.0,1.0],"texture":"#0"},"west":{"uv":[0.0,0.0,0.5,1.0],"texture":"#0"},"east":{"uv":[3.5,0.0,4.0,1.0],"texture":"#0"}}},{"from":[12.0,5.0,4.0],"to":[13.0,7.0,12.0],"faces":{"down":{"uv":[0.0,0.5,4.0,1.0],"texture":"#0","rotation":90},"up":{"uv":[0.0,0.0,4.0,0.5],"texture":"#0","rotation":90},"north":{"uv":[0.0,0.0,0.5,1.0],"texture":"#0"},"south":{"uv":[3.5,0.0,4.0,1.0],"texture":"#0"},"west":{"uv":[0.0,0.0,4.0,1.0],"texture":"#0"},"east":{"uv":[0.0,0.0,4.0,1.0],"texture":"#0"}}},{"from":[7.0,7.0,3.0],"to":[9.0,9.0,4.0],"faces":{"up":{"uv":[0.0,1.0,1.0,1.5],"texture":"#0"},"north":{"uv":[0.0,1.0,1.0,2.0],"texture":"#0"},"south":{"uv":[0.0,1.0,1.0,2.0],"texture":"#0"},"west":{"uv":[0.0,1.0,0.5,2.0],"texture":"#0"},"east":{"uv":[0.5,1.0,1.0,2.0],"texture":"#0"}}},{"from":[4.0,8.0,5.0],"to":[5.0,9.0,11.0],"faces":{"down":{"uv":[1.5,1.5,4.5,2.0],"texture":"#0","rotation":90},"up":{"uv":[1.5,1.5,4.5,2.0],"texture":"#0","rotation":90},"north":{"uv":[1.5,1.5,2.0,2.0],"texture":"#0"},"south":{"uv":[4.0,1.5,4.5,2.0],"texture":"#0"},"west":{"uv":[1.5,1.5,4.5,2.0],"texture":"#0"},"east":{"uv":[1.5,1.5,4.5,2.0],"texture":"#0"}}},{"from":[5.0,8.0,4.0],"to":[11.0,9.0,5.0],"faces":{"down":{"uv":[1.5,1.5,4.5,2.0],"texture":"#0"},"up":{"uv":[1.5,1.5,4.5,2.0],"texture":"#0"},"north":{"uv":[1.5,1.5,4.5,2.0],"texture":"#0"},"south":{"uv":[1.5,1.5,4.5,2.0],"texture":"#0"},"west":{"uv":[1.5,1.5,2.0,2.0],"texture":"#0"},"east":{"uv":[4.0,1.5,4.5,2.0],"texture":"#0"}}},{"from":[11.0,8.0,5.0],"to":[12.0,9.0,11.0],"faces":{"down":{"uv":[1.5,1.5,4.5,2.0],"texture":"#0","rotation":90},"up":{"uv":[1.5,1.5,4.5,2.0],"texture":"#0","rotation":90},"north":{"uv":[1.5,1.5,2.0,2.0],"texture":"#0"},"south":{"uv":[4.0,1.5,4.5,2.0],"texture":"#0"},"west":{"uv":[1.5,1.5,4.5,2.0],"texture":"#0"},"east":{"uv":[1.5,1.5,4.5,2.0],"texture":"#0"}}},{"from":[5.0,8.0,11.0],"to":[11.0,9.0,12.0],"faces":{"down":{"uv":[1.5,1.5,4.5,2.0],"texture":"#0"},"up":{"uv":[1.5,1.5,4.5,2.0],"texture":"#0"},"north":{"uv":[1.5,1.5,4.5,2.0],"texture":"#0"},"south":{"uv":[1.5,1.5,4.5,2.0],"texture":"#0"},"west":{"uv":[1.5,1.5,2.0,2.0],"texture":"#0"},"east":{"uv":[4.0,1.5,4.5,2.0],"texture":"#0"}}},{"from":[4.0,9.0,4.0],"to":[5.0,10.0,5.0],"faces":{"down":{"uv":[0.0,0.5,0.5,1.0],"texture":"#0"},"up":{"uv":[0.0,0.5,0.5,1.0],"texture":"#0"},"north":{"uv":[0.0,0.5,0.5,1.0],"texture":"#0"},"south":{"uv":[0.0,0.5,0.5,1.0],"texture":"#0"},"west":{"uv":[0.0,0.5,0.5,1.0],"texture":"#0"},"east":{"uv":[0.0,0.5,0.5,1.0],"texture":"#0"}}},{"from":[11.0,9.0,4.0],"to":[12.0,10.0,5.0],"faces":{"down":{"uv":[0.0,0.5,0.5,1.0],"texture":"#0"},"up":{"uv":[0.0,0.5,0.5,1.0],"texture":"#0"},"north":{"uv":[0.0,0.5,0.5,1.0],"texture":"#0"},"south":{"uv":[0.0,0.5,0.5,1.0],"texture":"#0"},"west":{"uv":[0.0,0.5,0.5,1.0],"texture":"#0"},"east":{"uv":[0.0,0.5,0.5,1.0],"texture":"#0"}}},{"from":[7.0,9.0,4.0],"to":[9.0,10.0,5.0],"faces":{"up":{"uv":[2.5,1.5,3.5,2.0],"texture":"#0"},"north":{"uv":[2.5,1.5,3.5,2.0],"texture":"#0"},"south":{"uv":[2.5,1.5,3.5,2.0],"texture":"#0"},"west":{"uv":[2.5,1.5,3.5,2.0],"texture":"#0"},"east":{"uv":[2.5,1.5,3.5,2.0],"texture":"#0"}}},{"from":[4.0,9.0,11.0],"to":[5.0,10.0,12.0],"faces":{"down":{"uv":[0.0,0.5,0.5,1.0],"texture":"#0"},"up":{"uv":[0.0,0.5,0.5,1.0],"texture":"#0"},"north":{"uv":[0.0,0.5,0.5,1.0],"texture":"#0"},"south":{"uv":[0.0,0.5,0.5,1.0],"texture":"#0"},"west":{"uv":[0.0,0.5,0.5,1.0],"texture":"#0"},"east":{"uv":[0.0,0.5,0.5,1.0],"texture":"#0"}}},{"from":[11.0,9.0,11.0],"to":[12.0,10.0,12.0],"faces":{"down":{"uv":[0.0,0.5,0.5,1.0],"texture":"#0"},"up":{"uv":[0.0,0.5,0.5,1.0],"texture":"#0"},"north":{"uv":[0.0,0.5,0.5,1.0],"texture":"#0"},"south":{"uv":[0.0,0.5,0.5,1.0],"texture":"#0"},"west":{"uv":[0.0,0.5,0.5,1.0],"texture":"#0"},"east":{"uv":[0.0,0.5,0.5,1.0],"texture":"#0"}}},{"from":[3.0,9.0,7.0],"to":[4.0,10.0,9.0],"faces":{"down":{"uv":[1.5,1.5,2.0,2.0],"texture":"#0"},"up":{"uv":[1.5,1.5,2.0,2.0],"texture":"#0"},"north":{"uv":[1.5,1.5,2.0,2.0],"texture":"#0"},"south":{"uv":[1.5,1.5,2.0,2.0],"texture":"#0"},"west":{"uv":[1.5,1.5,2.0,2.0],"texture":"#0"},"east":{"uv":[1.5,1.5,2.0,2.0],"texture":"#0"}}},{"from":[7.0,9.0,12.0],"to":[9.0,10.0,13.0],"faces":{"down":{"uv":[1.5,1.5,2.0,2.0],"texture":"#0"},"up":{"uv":[1.5,1.5,2.0,2.0],"texture":"#0"},"north":{"uv":[1.5,1.5,2.0,2.0],"texture":"#0"},"south":{"uv":[1.5,1.5,2.0,2.0],"texture":"#0"},"west":{"uv":[1.5,1.5,2.0,2.0],"texture":"#0"},"east":{"uv":[1.5,1.5,2.0,2.0],"texture":"#0"}}},{"from":[12.0,9.0,7.0],"to":[13.0,10.0,9.0],"faces":{"down":{"uv":[1.5,1.5,2.0,2.0],"texture":"#0"},"up":{"uv":[1.5,1.5,2.0,2.0],"texture":"#0"},"north":{"uv":[1.5,1.5,2.0,2.0],"texture":"#0"},"south":{"uv":[1.5,1.5,2.0,2.0],"texture":"#0"},"west":{"uv":[1.5,1.5,2.0,2.0],"texture":"#0"},"east":{"uv":[1.5,1.5,2.0,2.0],"texture":"#0"}}},{"from":[5.0,8.0,7.0],"to":[11.0,9.0,9.0],"faces":{"down":{"uv":[0.0,4.5,3.0,3.5],"texture":"#0"},"up":{"uv":[0.0,3.5,3.0,4.5],"texture":"#0"},"north":{"uv":[3.0,3.5,0.0,4.0],"texture":"#0"},"south":{"uv":[0.0,4.0,3.0,4.5],"texture":"#0"}}},{"from":[7.0,8.0,5.0],"to":[9.0,9.0,7.0],"faces":{"down":{"uv":[1.0,2.5,2.0,3.5],"texture":"#0"},"up":{"uv":[1.0,2.5,2.0,3.5],"texture":"#0"},"west":{"uv":[1.0,2.5,1.5,3.5],"texture":"#0"},"east":{"uv":[1.5,2.5,2.0,3.5],"texture":"#0"}}},{"from":[7.0,8.0,9.0],"to":[9.0,9.0,11.0],"faces":{"down":{"uv":[1.0,2.5,2.0,3.5],"texture":"#0"},"up":{"uv":[1.0,2.5,2.0,3.5],"texture":"#0"},"west":{"uv":[1.0,2.5,1.5,3.5],"texture":"#0"},"east":{"uv":[1.5,2.5,2.0,3.5],"texture":"#0"}}},{"from":[6.5,9.0,7.0],"to":[7.5,11.0,9.0],"faces":{"up":{"uv":[2.0,3.5,3.0,4.0],"texture":"#0","rotation":90},"north":{"uv":[2.0,3.5,2.5,4.5],"texture":"#0"},"south":{"uv":[2.5,3.5,3.0,4.5],"texture":"#0"},"west":{"uv":[2.0,3.5,3.0,4.5],"texture":"#0"},"east":{"uv":[2.0,3.5,3.0,4.5],"texture":"#0"}}},{"from":[8.5,9.0,7.0],"to":[9.5,11.0,9.0],"faces":{"up":{"uv":[2.0,3.5,3.0,4.0],"texture":"#0","rotation":90},"north":{"uv":[2.0,3.5,2.5,4.5],"texture":"#0"},"south":{"uv":[2.5,3.5,3.0,4.5],"texture":"#0"},"west":{"uv":[2.0,3.5,3.0,4.5],"texture":"#0"},"east":{"uv":[2.0,3.5,3.0,4.5],"texture":"#0"}}},{"from":[5.5,11.0,7.0],"to":[6.5,14.0,9.0],"faces":{"down":{"uv":[4.0,4.0,5.5,4.5],"texture":"#0"},"up":{"uv":[4.0,3.0,5.5,3.5],"texture":"#0"},"north":{"uv":[4.0,3.0,5.25,4.5],"texture":"#0"},"south":{"uv":[4.0,3.0,5.25,4.5],"texture":"#0"},"west":{"uv":[4.0,3.0,5.5,4.5],"texture":"#0"},"east":{"uv":[4.0,3.0,5.5,4.5],"texture":"#0"}}},{"from":[9.5,11.0,7.0],"to":[10.5,14.0,9.0],"faces":{"down":{"uv":[4.0,4.0,5.5,4.5],"texture":"#0"},"up":{"uv":[4.0,3.0,5.5,3.5],"texture":"#0"},"north":{"uv":[4.0,3.0,5.25,4.5],"texture":"#0"},"south":{"uv":[4.0,3.0,5.25,4.5],"texture":"#0"},"west":{"uv":[4.0,3.0,5.5,4.5],"texture":"#0"},"east":{"uv":[4.0,3.0,5.5,4.5],"texture":"#0"}}},{"from":[6.5,14.0,7.5],"to":[7.5,15.0,8.5],"faces":{"down":{"uv":[4.0,3.0,4.5,3.5],"texture":"#0"},"up":{"uv":[4.0,3.0,4.5,3.5],"texture":"#0"},"north":{"uv":[4.0,3.0,4.5,3.5],"texture":"#0"},"south":{"uv":[4.0,3.0,4.5,3.5],"texture":"#0"},"west":{"uv":[4.0,3.0,4.5,3.5],"texture":"#0"},"east":{"uv":[4.0,3.0,4.5,3.5],"texture":"#0"}}},{"from":[8.5,14.0,7.5],"to":[9.5,15.0,8.5],"faces":{"down":{"uv":[4.0,3.0,4.5,3.5],"texture":"#0"},"up":{"uv":[4.0,3.0,4.5,3.5],"texture":"#0"},"north":{"uv":[4.0,3.0,4.5,3.5],"texture":"#0"},"south":{"uv":[4.0,3.0,4.5,3.5],"texture":"#0"},"west":{"uv":[4.0,3.0,4.5,3.5],"texture":"#0"},"east":{"uv":[4.0,3.0,4.5,3.5],"texture":"#0"}}},{"from":[6.5,11.0,7.75],"to":[9.5,14.0,8.25],"faces":{"down":{"uv":[5.5,1.0,7.0,1.5],"texture":"#0"},"up":{"uv":[5.5,0.0,7.0,0.5],"texture":"#0"},"north":{"uv":[5.5,0.0,7.0,1.5],"texture":"#0"},"south":{"uv":[7.0,0.0,5.5,1.5],"texture":"#0"}}},{"from":[5.5,15.0,7.5],"to":[6.5,16.0,8.5],"faces":{"down":{"uv":[4.0,3.0,4.5,3.5],"texture":"#0"},"up":{"uv":[4.0,3.0,4.5,3.5],"texture":"#0"},"north":{"uv":[4.0,3.0,4.5,3.5],"texture":"#0"},"south":{"uv":[4.0,3.0,4.5,3.5],"texture":"#0"},"west":{"uv":[4.0,3.0,4.5,3.5],"texture":"#0"},"east":{"uv":[4.0,3.0,4.5,3.5],"texture":"#0"}}},{"from":[9.5,15.0,7.5],"to":[10.5,16.0,8.5],"faces":{"down":{"uv":[4.0,3.0,4.5,3.5],"texture":"#0"},"up":{"uv":[4.0,3.0,4.5,3.5],"texture":"#0"},"north":{"uv":[4.0,3.0,4.5,3.5],"texture":"#0"},"south":{"uv":[4.0,3.0,4.5,3.5],"texture":"#0"},"west":{"uv":[4.0,3.0,4.5,3.5],"texture":"#0"},"east":{"uv":[4.0,3.0,4.5,3.5],"texture":"#0"}}},{"from":[7.5,12.0,7.25],"to":[8.5,13.0,8.75],"faces":{"down":{"uv":[6.0,0.5,6.5,1.0],"texture":"#0"},"up":{"uv":[6.0,0.5,6.5,1.0],"texture":"#0"},"north":{"uv":[6.0,0.5,6.5,1.0],"texture":"#0"},"south":{"uv":[6.0,0.5,6.5,1.0],"texture":"#0"},"west":{"uv":[6.0,0.5,6.5,1.0],"texture":"#0"},"east":{"uv":[6.0,0.5,6.5,1.0],"texture":"#0"}}},{"from":[7.5,5.5,2.5],"to":[8.5,6.5,3.0],"faces":{"down":{"uv":[6.0,0.5,6.5,1.0],"texture":"#0"},"up":{"uv":[6.0,0.5,6.5,1.0],"texture":"#0"},"north":{"uv":[6.0,0.5,6.5,1.0],"texture":"#0"},"west":{"uv":[6.0,0.5,6.5,1.0],"texture":"#0"},"east":{"uv":[6.0,0.5,6.5,1.0],"texture":"#0"}}},{"from":[9.25,5.75,2.75],"to":[9.75,6.25,3.0],"faces":{"down":{"uv":[8.0,0.0,8.5,0.25],"texture":"#0"},"up":{"uv":[8.0,0.0,8.5,0.25],"texture":"#0"},"north":{"uv":[8.0,0.0,8.5,0.5],"texture":"#0"},"west":{"uv":[8.0,0.0,8.25,0.5],"texture":"#0"},"east":{"uv":[8.0,0.0,8.25,0.5],"texture":"#0"}}},{"from":[6.25,5.75,2.75],"to":[6.75,6.25,3.0],"faces":{"down":{"uv":[8.0,0.0,8.5,0.25],"texture":"#0"},"up":{"uv":[8.0,0.0,8.5,0.25],"texture":"#0"},"north":{"uv":[8.0,0.0,8.5,0.5],"texture":"#0"},"west":{"uv":[8.0,0.0,8.25,0.5],"texture":"#0"},"east":{"uv":[8.0,0.0,8.25,0.5],"texture":"#0"}}},{"from":[4.75,5.75,2.75],"to":[5.25,6.25,3.0],"faces":{"down":{"uv":[6.0,0.5,6.5,1.0],"texture":"#0"},"up":{"uv":[6.0,0.5,6.5,1.0],"texture":"#0"},"north":{"uv":[6.0,0.5,6.5,1.0],"texture":"#0"},"west":{"uv":[6.0,0.5,6.5,1.0],"texture":"#0"},"east":{"uv":[6.0,0.5,6.5,1.0],"texture":"#0"}}},{"from":[10.75,5.75,2.75],"to":[11.25,6.25,3.0],"faces":{"down":{"uv":[6.0,0.5,6.5,1.0],"texture":"#0"},"up":{"uv":[6.0,0.5,6.5,1.0],"texture":"#0"},"north":{"uv":[6.0,0.5,6.5,1.0],"texture":"#0"},"west":{"uv":[6.0,0.5,6.5,1.0],"texture":"#0"},"east":{"uv":[6.0,0.5,6.5,1.0],"texture":"#0"}}},{"from":[2.75,5.75,4.75],"to":[3.0,6.25,5.25],"faces":{"down":{"uv":[8.0,0.0,8.5,0.25],"texture":"#0"},"up":{"uv":[8.0,0.0,8.5,0.25],"texture":"#0"},"north":{"uv":[8.0,0.0,8.5,0.5],"texture":"#0"},"south":{"uv":[8.0,0.0,8.5,0.5],"texture":"#0"},"west":{"uv":[8.0,0.0,8.25,0.5],"texture":"#0"}}},{"from":[13.0,5.75,4.75],"to":[13.25,6.25,5.25],"faces":{"down":{"uv":[8.0,0.0,8.5,0.25],"texture":"#0"},"up":{"uv":[8.0,0.0,8.5,0.25],"texture":"#0"},"north":{"uv":[8.0,0.0,8.5,0.5],"texture":"#0"},"south":{"uv":[8.0,0.0,8.5,0.5],"texture":"#0"},"east":{"uv":[8.0,0.0,8.25,0.5],"texture":"#0"}}}],"textures":{"0":"5569e03b-312d-4235-927d-69091cd3924b"}}