{"model":{"type":"select","property":"block_state","block_state_property":"connectable","cases":[{"when":"straight","model":{"type":"model","model":"nexo:51b8cb9f-5835-45b7-bf44-c31da42db760","tints":[]}},{"when":"left","model":{"type":"model","model":"nexo:533dfbd4-557f-46db-97d7-814be10dae59","tints":[]}},{"when":"right","model":{"type":"model","model":"nexo:959ee97f-5162-47f2-927a-ba596a75b8cd","tints":[]}},{"when":"inner","model":{"type":"model","model":"nexo:043c5a06-aaab-46e0-ac42-1f6ad3da2dc3","tints":[]}},{"when":"outer","model":{"type":"model","model":"nexo:f4e68062-9913-4c9b-ad8d-621c48eb24e6","tints":[]}}],"fallback":{"type":"model","model":"nexo:53c5973a-bd25-4de5-880b-43c2d144be67","tints":[]}}}