{"model":{"type":"select","property":"block_state","block_state_property":"connectable","cases":[{"when":"straight","model":{"type":"model","model":"nexo:934d78de-baf7-421c-bf0e-67961337a687","tints":[]}},{"when":"left","model":{"type":"model","model":"nexo:42ece6b6-0ab8-47e2-b54c-9fa07c448c11","tints":[]}},{"when":"right","model":{"type":"model","model":"nexo:bf9befd7-e887-46ad-b1d7-af3e743056ac","tints":[]}},{"when":"inner","model":{"type":"model","model":"nexo:bca56ed3-c4ec-420d-98b7-d065f605d3ee","tints":[]}},{"when":"outer","model":{"type":"model","model":"nexo:e16eb19d-eabd-4675-b4e7-11fcf40addbd","tints":[]}}],"fallback":{"type":"model","model":"nexo:0035fa86-1209-4ef1-afe7-daf763da54cb","tints":[]}}}