{"display":{"head":{},"firstperson_righthand":{},"thirdperson_lefthand":{},"firstperson_lefthand":{},"fixed":{},"ground":{},"thirdperson_righthand":{},"gui":{"rotation":[-150.0,-45.0,180.0]}},"elements":[{"from":[4.887116,7.4745865,-10.898815],"to":[11.1128845,12.143913,-0.0037193298],"faces":{"east":{"uv":[8.75,6.625,9.1875,6.8125],"texture":"#0","tintindex":0},"south":{"uv":[9.5625,1.875,9.8125,2.0625],"texture":"#0","tintindex":0},"north":{"uv":[9.5,8.1875,9.75,8.375],"texture":"#0","tintindex":0},"west":{"uv":[9.375,1.3125,9.8125,1.5],"texture":"#0","tintindex":0},"up":{"uv":[0.25,9.6875,0.0,9.25],"texture":"#0","tintindex":0},"down":{"uv":[9.5,1.875,9.25,2.3125],"texture":"#0","tintindex":0}}},{"from":[1.6915045,4.5398483,5.9295616],"to":[1.6915045,12.32206,18.381098],"rotation":{"origin":[8.778221,12.84901,4.5436134],"axis":"y","angle":-45.0},"faces":{"east":{"uv":[9.4375,4.125,8.9375,4.4375],"texture":"#0","tintindex":0},"west":{"uv":[8.9375,4.125,9.4375,4.4375],"texture":"#0","tintindex":0}}},{"from":[13.447547,3.3372536,-2.1865463],"to":[13.447547,9.563023,8.708548],"rotation":{"origin":[8.778221,12.84901,4.5436134],"axis":"x","angle":-22.5},"faces":{"east":{"uv":[9.75,6.4375,9.3125,6.6875],"texture":"#0","tintindex":0},"west":{"uv":[9.3125,6.4375,9.75,6.6875],"texture":"#0","tintindex":0}}},{"from":[4.1088953,6.450138,-2.1865463],"to":[11.891105,9.563023,8.708548],"rotation":{"origin":[8.778221,12.84901,4.5436134],"axis":"x","angle":-22.5},"faces":{"east":{"uv":[9.5,7.8125,9.9375,7.9375],"texture":"#0","tintindex":0},"south":{"uv":[0.3125,9.6875,0.625,9.8125],"texture":"#0","tintindex":0},"north":{"uv":[7.5625,7.375,7.875,7.5],"texture":"#0","tintindex":0},"west":{"uv":[9.5,8.0,9.9375,8.125],"texture":"#0","tintindex":0},"up":{"uv":[8.875,9.375,8.5625,8.9375],"texture":"#0","tintindex":0},"down":{"uv":[9.25,8.625,8.9375,9.0625],"texture":"#0","tintindex":0}}},{"from":[10.723774,4.361702,-9.731483],"to":[10.723774,7.4745865,-0.3928299],"faces":{"east":{"uv":[10.0,0.0,9.625,0.125],"texture":"#0","tintindex":0},"west":{"uv":[9.625,0.0,10.0,0.125],"texture":"#0","tintindex":0}}},{"from":[2.552453,9.563023,-2.1865463],"to":[13.447547,15.788788,8.708548],"rotation":{"origin":[8.778221,12.84901,4.5436134],"axis":"x","angle":-22.5},"faces":{"east":{"uv":[9.1875,5.5,9.625,5.75],"texture":"#0","tintindex":0},"south":{"uv":[9.25,2.375,9.6875,2.625],"texture":"#0","tintindex":0},"north":{"uv":[6.5,2.25,6.9375,2.5],"texture":"#0","tintindex":0},"west":{"uv":[0.75,9.3125,1.1875,9.5625],"texture":"#0","tintindex":0},"up":{"uv":[2.375,8.8125,1.9375,8.375],"texture":"#0","tintindex":0},"down":{"uv":[6.0,8.375,5.5625,8.8125],"texture":"#0","tintindex":0}}},{"from":[4.1001062,12.010769,9.293959],"to":[4.1001062,19.79298,23.301937],"rotation":{"origin":[8.778221,12.84901,4.5436134],"axis":"y","angle":-22.5},"faces":{"east":{"uv":[9.125,5.1875,8.5625,5.5],"texture":"#0","tintindex":0},"west":{"uv":[8.5625,5.1875,9.125,5.5],"texture":"#0","tintindex":0}}},{"from":[11.899894,4.2285614,10.850399],"to":[11.899894,10.454327,23.301937],"rotation":{"origin":[7.221779,12.84901,4.5436134],"axis":"y","angle":22.5},"faces":{"east":{"uv":[6.4375,9.125,5.9375,9.375],"texture":"#0","tintindex":0},"west":{"uv":[5.9375,9.125,6.4375,9.375],"texture":"#0","tintindex":0}}},{"from":[5.2762265,4.361702,-9.731483],"to":[5.2762265,7.4745865,-0.3928299],"faces":{"east":{"uv":[10.0,0.0,9.625,0.125],"texture":"#0","tintindex":0},"west":{"uv":[9.625,0.0,10.0,0.125],"texture":"#0","tintindex":0}}},{"from":[14.3084955,4.5398483,5.9295616],"to":[14.3084955,12.32206,18.381098],"rotation":{"origin":[7.221779,12.84901,4.5436134],"axis":"y","angle":45.0},"faces":{"east":{"uv":[9.4375,4.125,8.9375,4.4375],"texture":"#0","tintindex":0},"west":{"uv":[8.9375,4.125,9.4375,4.4375],"texture":"#0","tintindex":0}}},{"from":[4.1001062,4.2285614,10.850399],"to":[4.1001062,10.454327,23.301937],"rotation":{"origin":[8.778221,12.84901,4.5436134],"axis":"y","angle":-22.5},"faces":{"east":{"uv":[6.4375,9.125,5.9375,9.375],"texture":"#0","tintindex":0},"west":{"uv":[5.9375,9.125,6.4375,9.375],"texture":"#0","tintindex":0}}},{"from":[8.78701,15.123653,9.293959],"to":[8.78701,24.462307,23.301937],"rotation":{"origin":[7.221779,12.84901,4.5436134],"axis":"y","angle":22.5},"faces":{"east":{"uv":[8.875,4.1875,8.3125,4.5625],"texture":"#0","tintindex":0},"west":{"uv":[8.3125,4.1875,8.875,4.5625],"texture":"#0","tintindex":0}}},{"from":[2.552453,3.3372536,-2.1865463],"to":[2.552453,9.563023,8.708548],"rotation":{"origin":[7.221779,12.84901,4.5436134],"axis":"x","angle":-22.5},"faces":{"east":{"uv":[9.75,6.4375,9.3125,6.6875],"texture":"#0","tintindex":0},"west":{"uv":[9.3125,6.4375,9.75,6.6875],"texture":"#0","tintindex":0}}},{"from":[6.283008,6.563225,10.598888],"to":[6.283008,14.345432,23.050423],"rotation":{"origin":[8.778221,12.84901,4.5436134],"axis":"y","angle":-45.0},"faces":{"east":{"uv":[9.4375,0.625,8.9375,0.9375],"texture":"#0","tintindex":0},"west":{"uv":[8.9375,0.625,9.4375,0.9375],"texture":"#0","tintindex":0}}},{"from":[11.899894,12.010769,9.293959],"to":[11.899894,19.79298,23.301937],"rotation":{"origin":[7.221779,12.84901,4.5436134],"axis":"y","angle":22.5},"faces":{"east":{"uv":[9.125,5.1875,8.5625,5.5],"texture":"#0","tintindex":0},"west":{"uv":[8.5625,5.1875,9.125,5.5],"texture":"#0","tintindex":0}}},{"from":[1.8325987,8.078278,5.865803],"to":[14.167401,17.416931,13.648012],"rotation":{"origin":[8.0,12.84901,4.5436134],"axis":"x","angle":22.5},"faces":{"east":{"uv":[2.625,9.1875,2.9375,9.5625],"texture":"#0","tintindex":0},"south":{"uv":[6.5625,8.5,7.0625,8.875],"texture":"#0","tintindex":0},"north":{"uv":[8.5,1.1875,9.0,1.5625],"texture":"#0","tintindex":0},"west":{"uv":[3.0,9.1875,3.3125,9.5625],"texture":"#0","tintindex":0},"up":{"uv":[0.9375,9.0625,0.4375,8.75],"texture":"#0","tintindex":0},"down":{"uv":[9.25,5.875,8.75,6.1875],"texture":"#0","tintindex":0}}},{"from":[8.0,14.232349,2.4827805],"to":[8.0,25.127441,16.490759],"rotation":{"origin":[14.225768,12.84901,4.5436134],"axis":"x","angle":-22.5},"faces":{"east":{"uv":[4.4375,7.875,5.0,8.3125],"texture":"#0","tintindex":0},"west":{"uv":[7.9375,7.375,8.5,7.8125],"texture":"#0","tintindex":0}}},{"from":[7.21299,15.123653,9.293959],"to":[7.21299,24.462307,23.301937],"rotation":{"origin":[8.778221,12.84901,4.5436134],"axis":"y","angle":-22.5},"faces":{"east":{"uv":[8.875,4.1875,8.3125,4.5625],"texture":"#0","tintindex":0},"west":{"uv":[8.3125,4.1875,8.875,4.5625],"texture":"#0","tintindex":0}}},{"from":[4.887116,2.8052597,-10.898815],"to":[11.1128845,7.4745865,-10.898815],"faces":{"south":{"uv":[5.5,9.625,5.25,9.8125],"texture":"#0","tintindex":0},"north":{"uv":[5.25,9.625,5.5,9.8125],"texture":"#0","tintindex":0}}},{"from":[9.716991,6.563225,10.598888],"to":[9.716991,14.345432,23.050423],"rotation":{"origin":[7.221779,12.84901,4.5436134],"axis":"y","angle":45.0},"faces":{"east":{"uv":[9.4375,0.625,8.9375,0.9375],"texture":"#0","tintindex":0},"west":{"uv":[8.9375,0.625,9.4375,0.9375],"texture":"#0","tintindex":0}}}],"textures":{"particle":"#0","0":"modelengine:0920eec0-06fe-4e94-b303-53707a5b385c"}}