{"display":{"head":{},"firstperson_righthand":{},"thirdperson_lefthand":{},"firstperson_lefthand":{},"fixed":{},"ground":{},"thirdperson_righthand":{},"gui":{"rotation":[-150.0,-45.0,180.0]}},"elements":[{"from":[4.6861725,-2.9562645,1.9594655],"to":[12.468383,9.495272,11.298118],"rotation":{"origin":[9.355499,10.662603,7.4070125],"axis":"x","angle":-45.0},"faces":{"east":{"uv":[2.4375,8.625,2.8125,9.125],"texture":"#0","tintindex":0},"south":{"uv":[1.0,8.75,1.3125,9.25],"texture":"#0","tintindex":0},"north":{"uv":[1.0,8.75,1.3125,9.25],"texture":"#0","tintindex":0},"west":{"uv":[2.4375,8.625,2.8125,9.125],"texture":"#0","tintindex":0},"up":{"uv":[3.6875,9.5625,3.375,9.1875],"texture":"#0","tintindex":0},"down":{"uv":[3.6875,9.5625,3.375,9.1875],"texture":"#0","tintindex":0}}}],"textures":{"particle":"#0","0":"modelengine:0920eec0-06fe-4e94-b303-53707a5b385c"}}