{"display":{"head":{},"firstperson_righthand":{},"thirdperson_lefthand":{},"firstperson_lefthand":{},"fixed":{},"ground":{},"thirdperson_righthand":{},"gui":{"rotation":[-150.0,-45.0,180.0]}},"elements":[{"from":[3.2279625,4.142247,3.4561267],"to":[12.566614,8.811573,9.681894],"faces":{"east":{"uv":[9.5625,2.125,9.8125,2.3125],"texture":"#0","tintindex":0},"south":{"uv":[1.6875,9.4375,2.0625,9.625],"texture":"#0","tintindex":0},"north":{"uv":[9.375,7.0625,9.75,7.25],"texture":"#0","tintindex":0},"west":{"uv":[9.5625,5.0625,9.8125,5.25],"texture":"#0","tintindex":0},"up":{"uv":[9.6875,7.625,9.3125,7.375],"texture":"#0","tintindex":0},"down":{"uv":[9.6875,8.625,9.3125,8.875],"texture":"#0","tintindex":0}}},{"from":[6.340846,4.1033363,-1.2131996],"to":[9.453731,8.772662,3.4561267],"faces":{"east":{"uv":[1.6875,9.1875,1.875,9.375],"texture":"#0","tintindex":0},"south":{"uv":[6.8125,7.25,6.9375,7.4375],"texture":"#0","tintindex":0},"north":{"uv":[6.8125,7.0,6.9375,7.1875],"texture":"#0","tintindex":0},"west":{"uv":[9.25,9.625,9.4375,9.8125],"texture":"#0","tintindex":0},"up":{"uv":[7.875,8.4375,7.75,8.25],"texture":"#0","tintindex":0},"down":{"uv":[2.5625,8.375,2.4375,8.5625],"texture":"#0","tintindex":0}}},{"from":[7.8972883,4.1033363,-7.4389668],"to":[7.8972883,8.772662,-1.2131996],"faces":{"east":{"uv":[7.0,9.5625,6.75,9.75],"texture":"#0","tintindex":0},"west":{"uv":[6.75,9.5625,7.0,9.75],"texture":"#0","tintindex":0}}},{"from":[11.312044,4.1033363,0.0035982132],"to":[14.424929,8.772662,4.672924],"rotation":{"origin":[12.868486,6.4379992,-0.38551235],"axis":"y","angle":-22.5},"faces":{"east":{"uv":[1.6875,9.1875,1.875,9.375],"texture":"#0","tintindex":0},"south":{"uv":[6.8125,7.25,6.9375,7.4375],"texture":"#0","tintindex":0},"north":{"uv":[6.8125,7.0,6.9375,7.1875],"texture":"#0","tintindex":0},"west":{"uv":[9.25,9.625,9.4375,9.8125],"texture":"#0","tintindex":0},"up":{"uv":[7.875,8.4375,7.75,8.25],"texture":"#0","tintindex":0},"down":{"uv":[2.5625,8.375,2.4375,8.5625],"texture":"#0","tintindex":0}}},{"from":[12.868486,4.1033363,-6.22217],"to":[12.868486,8.772662,0.0035982132],"rotation":{"origin":[12.868486,6.4379992,-0.38551235],"axis":"y","angle":-22.5},"faces":{"east":{"uv":[7.0,9.5625,6.75,9.75],"texture":"#0","tintindex":0},"west":{"uv":[6.75,9.5625,7.0,9.75],"texture":"#0","tintindex":0}}},{"from":[1.6715202,4.1033363,-1.9914207],"to":[4.7844048,8.772662,2.6779056],"rotation":{"origin":[7.8972883,6.4379992,-1.6023102],"axis":"y","angle":22.5},"faces":{"east":{"uv":[1.6875,9.1875,1.875,9.375],"texture":"#0","tintindex":0},"south":{"uv":[6.8125,7.25,6.9375,7.4375],"texture":"#0","tintindex":0},"north":{"uv":[6.8125,7.0,6.9375,7.1875],"texture":"#0","tintindex":0},"west":{"uv":[9.25,9.625,9.4375,9.8125],"texture":"#0","tintindex":0},"up":{"uv":[7.875,8.4375,7.75,8.25],"texture":"#0","tintindex":0},"down":{"uv":[2.5625,8.375,2.4375,8.5625],"texture":"#0","tintindex":0}}},{"from":[3.2279625,4.1033363,-8.217188],"to":[3.2279625,8.772662,-1.9914207],"rotation":{"origin":[7.8972883,6.4379992,-1.6023102],"axis":"y","angle":22.5},"faces":{"east":{"uv":[7.0,9.5625,6.75,9.75],"texture":"#0","tintindex":0},"west":{"uv":[6.75,9.5625,7.0,9.75],"texture":"#0","tintindex":0}}}],"textures":{"particle":"#0","0":"modelengine:0920eec0-06fe-4e94-b303-53707a5b385c"}}