{"display":{"head":{},"firstperson_righthand":{},"thirdperson_lefthand":{},"firstperson_lefthand":{},"fixed":{},"ground":{},"thirdperson_righthand":{},"gui":{"rotation":[-150.0,-45.0,180.0]}},"elements":[{"from":[4.515602,-6.0063486,-1.4947519],"to":[13.854254,9.558071,10.956784],"rotation":{"origin":[9.184929,-0.55880165,4.731016],"axis":"x","angle":22.5},"faces":{"east":{"uv":[7.375,7.5625,7.875,8.1875],"texture":"#0","tintindex":0},"south":{"uv":[1.5,7.9375,1.875,8.5625],"texture":"#0","tintindex":0},"north":{"uv":[1.5,7.9375,1.875,8.5625],"texture":"#0","tintindex":0},"west":{"uv":[7.375,7.5625,7.875,8.1875],"texture":"#0","tintindex":0},"up":{"uv":[8.9375,5.125,8.5625,4.625],"texture":"#0","tintindex":0},"down":{"uv":[8.5625,4.625,8.9375,5.125],"texture":"#0","tintindex":0}}}],"textures":{"particle":"#0","0":"modelengine:0920eec0-06fe-4e94-b303-53707a5b385c"}}