{"display":{"head":{},"firstperson_righthand":{},"thirdperson_lefthand":{},"firstperson_lefthand":{},"fixed":{},"ground":{},"thirdperson_righthand":{},"gui":{"rotation":[-150.0,-45.0,180.0]}},"elements":[{"from":[2.2947674,8.150456,1.7379265],"to":[8.001721,8.150456,25.084557],"faces":{"up":{"uv":[6.125,5.4375,5.4375,2.625],"texture":"#0","tintindex":0},"down":{"uv":[6.125,2.625,5.4375,5.4375],"texture":"#0","tintindex":0}}},{"from":[-3.3515577,7.6186714,2.7415562],"to":[5.987094,8.163426,4.297998],"rotation":{"origin":[1.2486057,8.020753,9.161988],"axis":"y","angle":-45.0},"faces":{"east":{"uv":[7.8125,3.375,8.0,3.4375],"texture":"#0","tintindex":0},"south":{"uv":[9.5,0.625,10.625,0.6875],"texture":"#0","tintindex":0},"north":{"uv":[9.3125,8.9375,10.4375,9.0],"texture":"#0","tintindex":0},"west":{"uv":[8.0625,3.375,8.25,3.4375],"texture":"#0","tintindex":0},"up":{"uv":[9.125,2.1875,8.0,2.0],"texture":"#0","tintindex":0},"down":{"uv":[9.125,2.0,8.0,2.1875],"texture":"#0","tintindex":0}}}],"textures":{"particle":"#0","0":"modelengine:f17d3e06-4c8f-4223-8677-4cf075d3954b"}}