{"display":{"head":{},"firstperson_righthand":{},"thirdperson_lefthand":{},"firstperson_lefthand":{},"fixed":{},"ground":{},"thirdperson_righthand":{},"gui":{"rotation":[-150.0,-45.0,180.0]}},"elements":[{"from":[7.998278,8.150456,1.7379265],"to":[13.705233,8.150456,25.084557],"faces":{"up":{"uv":[0.6875,8.6875,0.0,5.875],"texture":"#0","tintindex":0},"down":{"uv":[0.6875,5.875,0.0,8.6875],"texture":"#0","tintindex":0}}},{"from":[10.012906,7.6186714,2.7415562],"to":[19.351559,8.163426,4.297998],"rotation":{"origin":[14.751394,8.020753,9.161988],"axis":"y","angle":45.0},"faces":{"east":{"uv":[9.8125,4.625,10.0,4.6875],"texture":"#0","tintindex":0},"south":{"uv":[9.5,2.8125,10.625,2.875],"texture":"#0","tintindex":0},"north":{"uv":[9.5,2.6875,10.625,2.75],"texture":"#0","tintindex":0},"west":{"uv":[9.8125,6.75,10.0,6.8125],"texture":"#0","tintindex":0},"up":{"uv":[9.4375,2.9375,8.3125,2.75],"texture":"#0","tintindex":0},"down":{"uv":[9.4375,3.0,8.3125,3.1875],"texture":"#0","tintindex":0}}}],"textures":{"particle":"#0","0":"modelengine:f17d3e06-4c8f-4223-8677-4cf075d3954b"}}