{"display":{"head":{},"firstperson_righthand":{},"thirdperson_lefthand":{},"firstperson_lefthand":{},"fixed":{},"ground":{},"thirdperson_righthand":{},"gui":{"rotation":[-150.0,-45.0,180.0]}},"elements":[{"from":[3.0442753,4.1033363,-8.217188],"to":[3.0442753,8.772662,-1.9914207],"rotation":{"origin":[8.102712,6.4379992,-1.6023102],"axis":"y","angle":22.5},"faces":{"east":{"uv":[2.9375,9.625,3.1875,9.8125],"texture":"#0","tintindex":0},"west":{"uv":[6.75,9.5625,7.0,9.75],"texture":"#0","tintindex":0}}},{"from":[3.4333858,4.142247,3.4561267],"to":[12.7720375,8.811573,9.681894],"faces":{"east":{"uv":[1.0625,9.625,1.3125,9.8125],"texture":"#0","tintindex":0},"south":{"uv":[6.0,9.4375,6.375,9.625],"texture":"#0","tintindex":0},"north":{"uv":[5.5625,9.4375,5.9375,9.625],"texture":"#0","tintindex":0},"west":{"uv":[2.625,9.625,2.875,9.8125],"texture":"#0","tintindex":0},"up":{"uv":[9.75,1.25,9.375,1.0],"texture":"#0","tintindex":0},"down":{"uv":[9.75,6.75,9.375,7.0],"texture":"#0","tintindex":0}}},{"from":[6.5462694,4.1033363,-1.2131996],"to":[9.659154,8.772662,3.4561267],"faces":{"east":{"uv":[5.5625,9.6875,5.75,9.875],"texture":"#0","tintindex":0},"south":{"uv":[9.6875,9.75,9.8125,9.9375],"texture":"#0","tintindex":0},"north":{"uv":[9.5,9.75,9.625,9.9375],"texture":"#0","tintindex":0},"west":{"uv":[5.8125,9.6875,6.0,9.875],"texture":"#0","tintindex":0},"up":{"uv":[9.9375,1.1875,9.8125,1.0],"texture":"#0","tintindex":0},"down":{"uv":[9.9375,3.6875,9.8125,3.875],"texture":"#0","tintindex":0}}},{"from":[12.7720375,4.1033363,-8.217188],"to":[12.7720375,8.772662,-1.9914207],"rotation":{"origin":[8.102712,6.4379992,-1.6023102],"axis":"y","angle":-22.5},"faces":{"east":{"uv":[2.9375,9.625,3.1875,9.8125],"texture":"#0","tintindex":0},"west":{"uv":[6.75,9.5625,7.0,9.75],"texture":"#0","tintindex":0}}},{"from":[8.102712,4.1033363,-7.4389668],"to":[8.102712,8.772662,-1.2131996],"faces":{"east":{"uv":[2.9375,9.625,3.1875,9.8125],"texture":"#0","tintindex":0},"west":{"uv":[6.75,9.5625,7.0,9.75],"texture":"#0","tintindex":0}}},{"from":[11.215595,4.1033363,-1.9914207],"to":[14.32848,8.772662,2.6779056],"rotation":{"origin":[8.102712,6.4379992,-1.6023102],"axis":"y","angle":-22.5},"faces":{"east":{"uv":[5.5625,9.6875,5.75,9.875],"texture":"#0","tintindex":0},"south":{"uv":[9.6875,9.75,9.8125,9.9375],"texture":"#0","tintindex":0},"north":{"uv":[9.5,9.75,9.625,9.9375],"texture":"#0","tintindex":0},"west":{"uv":[5.8125,9.6875,6.0,9.875],"texture":"#0","tintindex":0},"up":{"uv":[9.9375,1.1875,9.8125,1.0],"texture":"#0","tintindex":0},"down":{"uv":[9.9375,3.6875,9.8125,3.875],"texture":"#0","tintindex":0}}},{"from":[2.2283149,4.1033363,1.7312331],"to":[5.341199,8.772662,6.4005594],"rotation":{"origin":[-0.88456917,6.4379992,2.1203437],"axis":"y","angle":22.5},"faces":{"east":{"uv":[5.5625,9.6875,5.75,9.875],"texture":"#0","tintindex":0},"south":{"uv":[9.6875,9.75,9.8125,9.9375],"texture":"#0","tintindex":0},"north":{"uv":[9.5,9.75,9.625,9.9375],"texture":"#0","tintindex":0},"west":{"uv":[5.8125,9.6875,6.0,9.875],"texture":"#0","tintindex":0},"up":{"uv":[9.9375,1.1875,9.8125,1.0],"texture":"#0","tintindex":0},"down":{"uv":[9.9375,3.6875,9.8125,3.875],"texture":"#0","tintindex":0}}}],"textures":{"particle":"#0","0":"modelengine:0920eec0-06fe-4e94-b303-53707a5b385c"}}