{"display":{"head":{},"firstperson_righthand":{},"thirdperson_lefthand":{},"firstperson_lefthand":{},"fixed":{},"ground":{},"thirdperson_righthand":{},"gui":{"rotation":[-150.0,-45.0,180.0]}},"elements":[{"from":[6.994844,7.627566,12.795567],"to":[15.814682,8.1463785,14.352009],"rotation":{"origin":[22.109781,8.016675,11.840548],"axis":"y","angle":-22.5},"faces":{"east":{"uv":[9.75,2.5625,9.9375,2.625],"texture":"#0","tintindex":0},"south":{"uv":[9.5,3.5625,10.5625,3.625],"texture":"#0","tintindex":0},"north":{"uv":[9.5,3.4375,10.5625,3.5],"texture":"#0","tintindex":0},"west":{"uv":[9.75,7.5,9.9375,7.5625],"texture":"#0","tintindex":0},"up":{"uv":[9.4375,8.3125,8.375,8.125],"texture":"#0","tintindex":0},"down":{"uv":[9.4375,8.375,8.375,8.5625],"texture":"#0","tintindex":0}}},{"from":[7.146433,8.133409,6.4917417],"to":[15.447457,8.133409,27.763119],"faces":{"up":{"uv":[5.375,7.8125,4.375,5.25],"texture":"#0","tintindex":0},"down":{"uv":[5.375,5.25,4.375,7.8125],"texture":"#0","tintindex":0}}}],"textures":{"particle":"#0","0":"modelengine:0920eec0-06fe-4e94-b303-53707a5b385c"}}