{"display":{"head":{},"firstperson_righthand":{},"thirdperson_lefthand":{},"firstperson_lefthand":{},"fixed":{},"ground":{},"thirdperson_righthand":{},"gui":{"rotation":[-150.0,-45.0,180.0]}},"elements":[{"from":[4.887116,1.5468063,3.5669708],"to":[11.1128845,10.88546,22.244276],"rotation":{"origin":[7.221779,3.6345005,7.9662895],"axis":"x","angle":45.0},"faces":{"east":{"uv":[7.75,4.75,8.5,5.125],"texture":"#0","tintindex":0},"south":{"uv":[4.0,9.3125,4.25,9.6875],"texture":"#0","tintindex":0},"north":{"uv":[4.0,9.3125,4.25,9.6875],"texture":"#0","tintindex":0},"west":{"uv":[7.75,5.1875,8.5,5.5625],"texture":"#0","tintindex":0},"up":{"uv":[7.375,9.25,7.125,8.5],"texture":"#0","tintindex":0},"down":{"uv":[7.6875,8.5,7.4375,9.25],"texture":"#0","tintindex":0}}},{"from":[8.0,10.88546,3.5669708],"to":[8.0,23.336996,22.244276],"rotation":{"origin":[10.334663,3.6345005,7.9662895],"axis":"x","angle":45.0},"faces":{"east":{"uv":[7.1875,0.0,7.9375,0.5],"texture":"#0","tintindex":0},"west":{"uv":[7.1875,0.5625,7.9375,1.0625],"texture":"#0","tintindex":0}}}],"textures":{"particle":"#0","0":"modelengine:0920eec0-06fe-4e94-b303-53707a5b385c"}}