{"display":{"head":{},"firstperson_righthand":{},"thirdperson_lefthand":{},"firstperson_lefthand":{},"fixed":{},"ground":{},"thirdperson_righthand":{},"gui":{"rotation":[-150.0,-45.0,180.0]}},"elements":[{"from":[8.0,13.349251,7.673188],"to":[8.0,27.357227,27.906935],"faces":{"east":{"uv":[1.5,6.5,2.3125,7.0625],"texture":"#0","tintindex":0},"west":{"uv":[6.5,1.625,7.3125,2.1875],"texture":"#0","tintindex":0}}},{"from":[4.1088953,2.4541569,7.673188],"to":[11.891105,13.349251,27.906935],"faces":{"east":{"uv":[7.1875,1.125,8.0,1.5625],"texture":"#0","tintindex":0},"south":{"uv":[5.0625,7.875,5.375,8.3125],"texture":"#0","tintindex":0},"north":{"uv":[5.0625,7.875,5.375,8.3125],"texture":"#0","tintindex":0},"west":{"uv":[2.0625,7.1875,2.875,7.625],"texture":"#0","tintindex":0},"up":{"uv":[6.5,8.5625,6.1875,7.75],"texture":"#0","tintindex":0},"down":{"uv":[4.375,7.875,4.0625,8.6875],"texture":"#0","tintindex":0}}}],"textures":{"particle":"#0","0":"modelengine:f17d3e06-4c8f-4223-8677-4cf075d3954b"}}