{"providers":[{"type":"bitmap","file":"2e986c27-5578-4176-8c89-770c2f4ebfbe.png","height":10,"ascent":9,"chars":["ꑪ"]},{"type":"bitmap","file":"e8877384-d54f-43f1-8511-a47a05c32a97.png","height":10,"ascent":9,"chars":["ꑦ"]},{"type":"bitmap","file":"e315e200-f4a3-47f1-931c-2c9b13fba044.png","height":10,"ascent":9,"chars":["ꑡ"]},{"type":"bitmap","file":"cfda522e-4fa0-465e-93a8-3bfb46912400.png","height":10,"ascent":9,"chars":["ꐧ"]},{"type":"bitmap","file":"72f330b4-a3c1-480b-b8d0-28b11cd60d17.png","height":10,"ascent":9,"chars":["ꑇ"]},{"type":"bitmap","file":"bfd906b4-c0e4-46e3-a5f8-0b1285d98440.png","height":10,"ascent":9,"chars":["ꑋ"]},{"type":"bitmap","file":"3d40aa45-fa81-4f49-a3ab-ff7e3adb19ab.png","height":10,"ascent":9,"chars":["ꑥ"]},{"type":"bitmap","file":"e09892b1-0a7f-41d4-91ef-d6864490ff1b.png","height":10,"ascent":9,"chars":["ꐼ"]},{"type":"bitmap","file":"1c6c2598-f8ca-4a52-b6dd-d6ec0baa4223.png","height":10,"ascent":9,"chars":["ꑚ"]},{"type":"bitmap","file":"a97bc72c-f7ff-4306-851b-8071263bc7c7.png","height":10,"ascent":9,"chars":["ꐬ"]},{"type":"bitmap","file":"0cc841f0-6c9f-4078-b47a-6813573976b9.png","height":10,"ascent":9,"chars":["ꐭ"]},{"type":"bitmap","file":"67e337bc-6e18-4ba1-85ec-f143469e3629.png","ascent":8,"chars":["ꐛ"]},{"type":"bitmap","file":"11db5da6-4351-403c-b971-1b0b5c7c8326.png","height":10,"ascent":9,"chars":["ꑠ"]},{"type":"bitmap","file":"9cd84513-e3bc-45cb-bcec-1bb848e01a0e.png","ascent":8,"chars":["ꐘ"]},{"type":"bitmap","file":"40b97eda-7ca3-40d3-8647-b83fe187203a.png","height":10,"ascent":9,"chars":["⤨"]},{"type":"bitmap","file":"51103a1a-ab06-442b-9ea3-74d2da1ccdd6.png","ascent":8,"chars":["ꐕ"]},{"type":"bitmap","file":"91ad3727-243b-47c0-b4bd-3c149dbe0040.png","height":10,"ascent":9,"chars":["ꑙ"]},{"type":"bitmap","file":"dca043c9-cdfd-48a5-8e53-bc9e130277ee.png","height":256,"ascent":37,"chars":["ꐤ"]},{"type":"bitmap","file":"242b3db6-c046-4293-8443-788031ff0252.png","height":10,"ascent":9,"chars":["ꐻ"]},{"type":"bitmap","file":"5fa22dc9-deed-4860-8c2e-d0a5bc736ea3.png","height":10,"ascent":9,"chars":["ꑁ"]},{"type":"bitmap","file":"a90ba99d-1250-4043-b8ed-4858625d0aa3.png","height":10,"ascent":9,"chars":["ꑎ"]},{"type":"bitmap","file":"aac3c082-83ee-4ba7-8664-e0116df8bf8c.png","height":10,"ascent":9,"chars":["ꑂ"]},{"type":"bitmap","file":"30d27f69-1418-456b-9cd4-0bec09ed8cf4.png","height":10,"ascent":9,"chars":["ꐨ"]},{"type":"bitmap","file":"8b994605-e2b6-4b99-9220-0f619f6efc81.png","height":10,"ascent":9,"chars":["ꐾ"]},{"type":"bitmap","file":"2a90228d-db41-440c-9585-87c3282366e8.png","ascent":8,"chars":["ꐖ"]},{"type":"bitmap","file":"667c9e8f-5cd6-4180-8804-f5c59e0b92fd.png","height":10,"ascent":9,"chars":["ꑟ"]},{"type":"bitmap","file":"08ae6288-e96f-4c5c-baa3-48de0cdd4291.png","height":10,"ascent":9,"chars":["ꐪ"]},{"type":"bitmap","file":"3a46ae31-9bb7-4bb3-9888-ecd09ee2721d.png","height":10,"ascent":9,"chars":["ꑀ"]},{"type":"bitmap","file":"4bab861c-4c3f-43d1-a463-b57bc1da9d71.png","height":10,"ascent":9,"chars":["ꐺ"]},{"type":"bitmap","file":"d9faf243-eb79-4fdf-86d9-1aaa258cc482.png","height":10,"ascent":9,"chars":["ꑔ"]},{"type":"bitmap","file":"5dbde278-4e4e-4593-8c12-18b4a19fa156.png","height":10,"ascent":9,"chars":["ꐯ"]},{"type":"bitmap","file":"c414e05d-2541-4daf-82b3-c046cd4bb2ac.png","height":10,"ascent":9,"chars":["ꑓ"]},{"type":"bitmap","file":"8f752ec9-eea4-4cb4-96e3-c010d83c0fdb.png","height":10,"ascent":9,"chars":["ꑊ"]},{"type":"bitmap","file":"51cf7eac-7cc3-419f-9bae-cfef602a395b.png","height":10,"ascent":9,"chars":["ꑨ"]},{"type":"bitmap","file":"e89d1fec-1423-4023-a3bb-26b0ae1fb1b5.png","height":10,"ascent":9,"chars":["ꐱ"]},{"type":"bitmap","file":"5ea92aab-772d-407b-8843-90542fefdc0e.png","height":10,"ascent":9,"chars":["ꑃ"]},{"type":"bitmap","file":"342c5635-7ef0-4ce7-9a16-d60119ff96e8.png","height":10,"ascent":9,"chars":["ꑅ"]},{"type":"bitmap","file":"7716937f-c885-4ff3-a6c3-eb6ccd139db1.png","height":10,"ascent":9,"chars":["ꑩ"]},{"type":"bitmap","file":"972fcc52-1d23-4280-a478-2521588cc97b.png","height":10,"ascent":9,"chars":["ꑐ"]},{"type":"bitmap","file":"b1c45fcb-fc9f-4fe1-bc80-0db202bb14fa.png","height":10,"ascent":9,"chars":["ꑏ"]},{"type":"bitmap","file":"30df80b6-c08a-444c-8d96-f582ec047c8f.png","ascent":8,"chars":["ꐞ"]},{"type":"bitmap","file":"43298221-7200-4376-9f72-561d48fa88fa.png","height":10,"ascent":9,"chars":["ꐽ"]},{"type":"bitmap","file":"c4632b50-93bf-4b90-85fd-fc778cc66094.png","height":10,"ascent":9,"chars":["ꑌ"]},{"type":"bitmap","file":"8b994605-e2b6-4b99-9220-0f619f6efc81.png","ascent":8,"chars":["ꐏ"]},{"type":"bitmap","file":"38b5e2b3-bd23-4029-8160-edb8c6232b25.png","height":80,"ascent":30,"chars":["ꑫ"]},{"type":"bitmap","file":"6ef212f6-caa4-4c5b-9200-cdd95d6293ac.png","height":10,"ascent":9,"chars":["ꐮ"]},{"type":"bitmap","file":"76b21787-c01c-435f-800e-818bbbebddb4.png","height":10,"ascent":9,"chars":["ꐳ"]},{"type":"bitmap","file":"dded9c00-8f94-4a93-aacf-6cc40a6ae5f1.png","height":10,"ascent":9,"chars":["ꐲ"]},{"type":"bitmap","file":"ef171efc-30a1-4e86-8b10-ae9ca5d18fe8.png","height":10,"ascent":9,"chars":["ꑖ"]},{"type":"bitmap","file":"4aee465c-d67d-4877-9b60-0d100758ad71.png","ascent":8,"chars":["ꐔ"]},{"type":"bitmap","file":"0f6718e4-1ce2-4588-96a0-31e40ddb95a2.png","height":10,"ascent":9,"chars":["ꑤ"]},{"type":"bitmap","file":"d074e09b-795a-4520-bf4a-aa0f8c8b957c.png","height":10,"ascent":9,"chars":["ꑢ"]},{"type":"bitmap","file":"80565189-ad92-425d-9f53-a4dd27413feb.png","height":10,"ascent":9,"chars":["ꐑ"]},{"type":"bitmap","file":"6f0b3efc-754b-4eca-a773-c64201ceb06b.png","ascent":8,"chars":["ꐚ"]},{"type":"bitmap","file":"fcac38f1-3c2e-4738-a5a8-4264ed7c0af8.png","height":56,"ascent":20,"chars":["ꑬ"]},{"type":"bitmap","file":"789787ae-8a63-4112-8186-be5d6ee03c2a.png","height":10,"ascent":9,"chars":["ꐶ"]},{"type":"bitmap","file":"d5b4dfc3-871a-4e6f-9fcc-799329d5f97b.png","height":10,"ascent":9,"chars":["ꐫ"]},{"type":"bitmap","file":"56a4f718-3b6f-4ad1-9bd2-bff4bb11aa1d.png","height":10,"ascent":9,"chars":["ꐩ"]},{"type":"bitmap","file":"5d309bd6-ca37-40f5-b26d-e52b9d5362c3.png","height":10,"ascent":9,"chars":["ꐓ"]},{"type":"bitmap","file":"ef798928-d82b-48e1-bd5e-d4a366546bfc.png","height":10,"ascent":9,"chars":["ꑒ"]},{"type":"bitmap","file":"2c717c42-e2ea-4d42-89c1-08cb021bcf38.png","height":10,"ascent":9,"chars":["ꐸ"]},{"type":"bitmap","file":"70a4898b-523b-49d2-90d7-00a1c2df3f15.png","height":10,"ascent":9,"chars":["ꑍ"]},{"type":"bitmap","file":"65286bca-1862-4fa7-9051-cf5ba911df46.png","height":10,"ascent":9,"chars":["ꑣ"]},{"type":"bitmap","file":"3c9de397-a361-45cf-a9b1-0c3531d7763c.png","height":10,"ascent":9,"chars":["ꑗ"]},{"type":"bitmap","file":"6b6ca8e3-a46a-4473-9d49-901085d49766.png","height":10,"ascent":9,"chars":["ꐿ"]},{"type":"bitmap","file":"f861e218-df11-4292-be65-44a35a85ee6b.png","height":10,"ascent":9,"chars":["ꑈ"]},{"type":"bitmap","file":"c9416f69-e358-45c9-8891-e1f0d8b8d22e.png","height":10,"ascent":9,"chars":["ꑆ"]},{"type":"bitmap","file":"65c450ba-47bc-405c-9cac-0d5c47caa2fe.png","ascent":8,"chars":["ꐝ"]},{"type":"bitmap","file":"713d775f-f2c8-4727-9b82-a49274ac96d6.png","ascent":8,"chars":["ꐒ"]},{"type":"bitmap","file":"0324acf0-dbc7-482f-9dea-f200d7b74b5b.png","height":10,"ascent":9,"chars":["ꐷ"]},{"type":"bitmap","file":"13e08e3e-2280-4c33-9fc8-5d09b15bacb2.png","height":10,"ascent":9,"chars":["ꑛ"]},{"type":"bitmap","file":"bd1f3052-520a-481f-ad6f-f4febf9a3fa3.png","height":10,"ascent":9,"chars":["ꐴ"]},{"type":"bitmap","file":"66637d98-777f-42e1-81d2-d69ad86978f5.png","height":10,"ascent":9,"chars":["ꑜ"]},{"type":"bitmap","file":"6afd195f-2e88-412c-a809-efa4e2d59dd0.png","height":10,"ascent":9,"chars":["ꑄ"]},{"type":"bitmap","file":"f096832d-0b18-4f9a-b0e2-fd6c1b344ea1.png","height":10,"ascent":9,"chars":["ꑝ"]},{"type":"bitmap","file":"b629cf10-8683-4f5f-9c6d-bd6f06a99a22.png","height":10,"ascent":9,"chars":["ꑉ"]},{"type":"bitmap","file":"5faf4d58-50e3-4e73-b41b-66798b7424ad.png","ascent":8,"chars":["ꐗ"]},{"type":"bitmap","file":"fbc34074-a2b7-48e9-8668-8092a4f6ab8e.png","height":90,"ascent":20,"chars":["ꑮ"]},{"type":"bitmap","file":"b2c7ad1f-19d6-49c7-b393-e339dc5e479c.png","height":10,"ascent":9,"chars":["ꑧ"]},{"type":"bitmap","file":"5b7e4542-580c-483a-8781-498545618dc5.png","height":10,"ascent":9,"chars":["ꑑ"]},{"type":"bitmap","file":"29ac5c48-d3bf-4609-ad65-a16ef3fedad3.png","height":10,"ascent":9,"chars":["ꑕ"]},{"type":"bitmap","file":"1719e66e-b1b9-4774-b29d-d3f5cbe09d10.png","height":10,"ascent":9,"chars":["ꐵ"]},{"type":"bitmap","file":"43c7745a-fd6a-4254-b56a-9f2f16d7989c.png","height":10,"ascent":9,"chars":["ꐹ"]},{"type":"bitmap","file":"11144942-dd6b-4468-b822-11a468268a4a.png","height":10,"ascent":9,"chars":["ꐰ"]},{"type":"bitmap","file":"21da7527-94e6-4e77-a365-da029bd9373e.png","height":10,"ascent":9,"chars":["ꑘ"]},{"type":"bitmap","file":"3b643809-d114-4558-9dd2-b39fc8e47539.png","height":10,"ascent":9,"chars":["ꑞ"]},{"type":"bitmap","file":"d8fd8838-ba0b-4692-9e60-9c024d3c32d1.png","ascent":8,"chars":["ꐟ"]},{"type":"bitmap","file":"06e045ed-2180-4fac-a8d1-d851b0016ce3.png","ascent":8,"chars":["ꐜ"]},{"type":"bitmap","file":"e2e7df8e-b825-49d3-8367-89123e396495.png","ascent":8,"chars":["ꐙ"]},{"type":"bitmap","file":"c55a52a0-4c55-469e-865f-6f3f4f513af8.png","ascent":8,"chars":["ꐐ"]},{"type":"reference","id":"nexo:shift"}]}