{"providers":[{"type":"bitmap","file":"79c8d3f1-abc1-4164-ab89-f04c271ee9f4.png","height":10,"ascent":9,"chars":["ꑪ"]},{"type":"bitmap","file":"38cd289a-57c2-4bd2-9b64-36a7e587a1e5.png","height":10,"ascent":9,"chars":["ꑦ"]},{"type":"bitmap","file":"134b4f53-5398-4abf-8d81-a2c43e4be9a3.png","height":10,"ascent":9,"chars":["ꑡ"]},{"type":"bitmap","file":"28f1bb66-2e0a-45c0-bccf-928567922f15.png","height":10,"ascent":9,"chars":["ꐧ"]},{"type":"bitmap","file":"12568d70-fe0c-440e-9d5b-ed409b6b3a7a.png","height":10,"ascent":9,"chars":["ꑇ"]},{"type":"bitmap","file":"8a0f46b8-94b9-4dff-b927-17474943fe3a.png","height":10,"ascent":9,"chars":["ꑋ"]},{"type":"bitmap","file":"1f7b65d4-f527-4066-94db-1fa8b3006dc7.png","height":10,"ascent":9,"chars":["ꑥ"]},{"type":"bitmap","file":"02276306-9dfc-44e9-98c2-f40da18cb5cc.png","height":10,"ascent":9,"chars":["ꐼ"]},{"type":"bitmap","file":"a9a7b186-8d54-437b-a0fc-43ff96608f33.png","height":10,"ascent":9,"chars":["ꑚ"]},{"type":"bitmap","file":"66afb45a-6ba6-4bc8-8b30-66d0503d63a3.png","height":10,"ascent":9,"chars":["ꐬ"]},{"type":"bitmap","file":"5c0923da-fcd6-4b71-87e8-c00ca6a2b3af.png","height":10,"ascent":9,"chars":["ꐭ"]},{"type":"bitmap","file":"238df7fe-6d5a-4bcb-bae2-12fc49c4c0c6.png","ascent":8,"chars":["ꐛ"]},{"type":"bitmap","file":"a9634f0e-3fb3-4c39-b94e-94c983ebd1cd.png","height":10,"ascent":9,"chars":["ꑠ"]},{"type":"bitmap","file":"fb78cb9e-bbdb-4af9-89af-54ac4d362ce6.png","ascent":8,"chars":["ꐘ"]},{"type":"bitmap","file":"fe6969fc-cd5c-4048-81c6-6e2513559bbc.png","height":10,"ascent":9,"chars":["⤨"]},{"type":"bitmap","file":"6be2001d-b9e0-437e-8744-a8bea3dad76a.png","ascent":8,"chars":["ꐕ"]},{"type":"bitmap","file":"91145bd7-4b14-4c0b-94b8-6486cbb3c070.png","height":10,"ascent":9,"chars":["ꑙ"]},{"type":"bitmap","file":"d34fb772-aa9e-4bc4-8910-1edacb3c9c1a.png","height":256,"ascent":37,"chars":["ꐤ"]},{"type":"bitmap","file":"ae832c1c-8eb5-4929-ab5d-6aff503a4046.png","height":10,"ascent":9,"chars":["ꐻ"]},{"type":"bitmap","file":"fe61557d-db6b-44a8-ae80-f5e867fffe15.png","height":10,"ascent":9,"chars":["ꑁ"]},{"type":"bitmap","file":"de57bac3-b0df-42ef-bd7e-7e78fca6b80a.png","height":10,"ascent":9,"chars":["ꑎ"]},{"type":"bitmap","file":"73ae713c-80ed-4c58-a7e2-ad1bfacb26c5.png","height":10,"ascent":9,"chars":["ꑂ"]},{"type":"bitmap","file":"34848c71-6df5-4832-8ab7-d2f3aaa7f33b.png","height":10,"ascent":9,"chars":["ꐨ"]},{"type":"bitmap","file":"5dd19451-8047-47b2-9e7c-0927c9e30192.png","height":10,"ascent":9,"chars":["ꐾ"]},{"type":"bitmap","file":"776b345d-9005-4bee-bdfa-de4267b01a4c.png","ascent":8,"chars":["ꐖ"]},{"type":"bitmap","file":"af98e826-a01d-47df-9fc6-d6b467901472.png","height":10,"ascent":9,"chars":["ꑟ"]},{"type":"bitmap","file":"d8152baa-bae5-4daa-95c8-86b1ede5fb24.png","height":10,"ascent":9,"chars":["ꐪ"]},{"type":"bitmap","file":"b33002da-fccc-44b9-bda8-981e91131f73.png","height":10,"ascent":9,"chars":["ꑀ"]},{"type":"bitmap","file":"76afd763-371e-48e7-bfff-209e1f1af659.png","height":10,"ascent":9,"chars":["ꐺ"]},{"type":"bitmap","file":"975fd796-2415-49d8-841a-ef09181f3fa5.png","height":10,"ascent":9,"chars":["ꑔ"]},{"type":"bitmap","file":"eb853053-143e-4481-a5d4-e6236441faad.png","height":10,"ascent":9,"chars":["ꐯ"]},{"type":"bitmap","file":"56213318-dac6-438f-a100-684a3ce64574.png","height":10,"ascent":9,"chars":["ꑓ"]},{"type":"bitmap","file":"b3f01cdb-067e-40b2-8176-3ede2d16a297.png","height":10,"ascent":9,"chars":["ꑊ"]},{"type":"bitmap","file":"44fed968-dd05-421d-bc71-ef2209cf544b.png","height":10,"ascent":9,"chars":["ꑨ"]},{"type":"bitmap","file":"0dba01f1-19a4-4a76-a335-dcae1ef8786d.png","height":10,"ascent":9,"chars":["ꐱ"]},{"type":"bitmap","file":"98c118a3-0eab-4346-b37f-32bd06162cda.png","height":10,"ascent":9,"chars":["ꑃ"]},{"type":"bitmap","file":"23e6686f-1705-49a3-8c01-4ad831b3fcad.png","height":10,"ascent":9,"chars":["ꑅ"]},{"type":"bitmap","file":"071a8565-c80c-4f2c-a9c8-c7488dfe0570.png","height":10,"ascent":9,"chars":["ꑩ"]},{"type":"bitmap","file":"f19733d8-3165-4ed3-9bb6-3cd0dedcc6b7.png","height":10,"ascent":9,"chars":["ꑐ"]},{"type":"bitmap","file":"79cb27b5-63d0-4533-b23f-e1e7b1b9c07f.png","height":10,"ascent":9,"chars":["ꑏ"]},{"type":"bitmap","file":"0d4e407c-8edd-4ea0-8f4c-3138faeb8787.png","ascent":8,"chars":["ꐞ"]},{"type":"bitmap","file":"b06ca23e-5de2-41b6-a737-09a36195fe8b.png","height":10,"ascent":9,"chars":["ꐽ"]},{"type":"bitmap","file":"2a963678-fcbb-4b4b-946c-0c1682599cad.png","height":10,"ascent":9,"chars":["ꑌ"]},{"type":"bitmap","file":"5dd19451-8047-47b2-9e7c-0927c9e30192.png","ascent":8,"chars":["ꐏ"]},{"type":"bitmap","file":"f9443818-0a79-4c14-8b04-1a747ad59213.png","height":80,"ascent":30,"chars":["ꑫ"]},{"type":"bitmap","file":"f3da7417-7a0f-412e-9a8d-e5aa64487736.png","height":10,"ascent":9,"chars":["ꐮ"]},{"type":"bitmap","file":"51a7a80a-bb65-4d09-a76c-d50b586e9bfb.png","height":10,"ascent":9,"chars":["ꐳ"]},{"type":"bitmap","file":"0d9ec235-a1b0-4ecd-9ceb-0664207dcbaf.png","height":10,"ascent":9,"chars":["ꐲ"]},{"type":"bitmap","file":"cb38f2d9-5b14-48b2-a916-3619e37fadb9.png","height":10,"ascent":9,"chars":["ꑖ"]},{"type":"bitmap","file":"17239ab7-d7b3-4945-a497-66675364c896.png","ascent":8,"chars":["ꐔ"]},{"type":"bitmap","file":"793ce596-c167-42b2-8303-9ff6fc5c5d5a.png","height":10,"ascent":9,"chars":["ꑤ"]},{"type":"bitmap","file":"81a40b9f-2a4f-4962-a5ab-25a673ff437d.png","height":10,"ascent":9,"chars":["ꑢ"]},{"type":"bitmap","file":"95c290d3-d68e-48eb-b790-f5625ec962fb.png","height":10,"ascent":9,"chars":["ꐑ"]},{"type":"bitmap","file":"322a3eb3-cfb2-4352-b3d7-c96ee1d93732.png","ascent":8,"chars":["ꐚ"]},{"type":"bitmap","file":"6ef36b3d-b62c-4ddf-a1e3-d25cdb5b30b9.png","height":56,"ascent":20,"chars":["ꑬ"]},{"type":"bitmap","file":"3ef2810b-fcdb-47c3-8ad9-047c1d3f7824.png","height":10,"ascent":9,"chars":["ꐶ"]},{"type":"bitmap","file":"a4651815-451e-4035-8519-b1c1a38e2b14.png","height":10,"ascent":9,"chars":["ꐫ"]},{"type":"bitmap","file":"8b695dcc-3a3b-4653-9002-579a6e9a1e67.png","height":10,"ascent":9,"chars":["ꐩ"]},{"type":"bitmap","file":"2f4c948a-eff4-4cb6-9e60-803490175817.png","height":10,"ascent":9,"chars":["ꐓ"]},{"type":"bitmap","file":"e75295fc-0560-48ba-81b3-17b8ba5e0fcc.png","height":10,"ascent":9,"chars":["ꑒ"]},{"type":"bitmap","file":"0d033b5a-78aa-42b6-8a4b-da01c023293d.png","height":10,"ascent":9,"chars":["ꐸ"]},{"type":"bitmap","file":"b4d112f2-00a5-42ca-ae8c-2a15a0bb456f.png","height":10,"ascent":9,"chars":["ꑍ"]},{"type":"bitmap","file":"ad966386-1695-4ac6-a218-de539978f1fc.png","height":10,"ascent":9,"chars":["ꑣ"]},{"type":"bitmap","file":"2d296058-b29b-4b4d-addd-56220a684958.png","height":10,"ascent":9,"chars":["ꑗ"]},{"type":"bitmap","file":"19b908dd-f64b-4947-be88-510d54937622.png","height":10,"ascent":9,"chars":["ꐿ"]},{"type":"bitmap","file":"c58daae9-d52d-44ff-9db7-ca8c75efaed7.png","height":10,"ascent":9,"chars":["ꑈ"]},{"type":"bitmap","file":"ff4f84bc-e6f1-4dd0-8a52-97f9e56de662.png","height":10,"ascent":9,"chars":["ꑆ"]},{"type":"bitmap","file":"9350bcd8-36c3-4e9c-9e51-4c6282cc64f2.png","ascent":8,"chars":["ꐝ"]},{"type":"bitmap","file":"2eb5fc94-0092-46f3-a46b-e0956a938cdf.png","ascent":8,"chars":["ꐒ"]},{"type":"bitmap","file":"c5a90e58-5ae3-49cc-a7b4-e69a252dfea8.png","height":10,"ascent":9,"chars":["ꐷ"]},{"type":"bitmap","file":"30d2b124-c157-4aff-b554-8b242005251f.png","height":10,"ascent":9,"chars":["ꑛ"]},{"type":"bitmap","file":"63032e2a-5a9c-4722-81c1-afcd3ca441dc.png","height":10,"ascent":9,"chars":["ꐴ"]},{"type":"bitmap","file":"4afc35e2-aade-4603-8cd7-4c0196c5486c.png","height":10,"ascent":9,"chars":["ꑜ"]},{"type":"bitmap","file":"5bb954f3-c49d-4f5d-80c2-d45bfebadfcd.png","height":10,"ascent":9,"chars":["ꑄ"]},{"type":"bitmap","file":"3f7f45c6-4bb0-400c-877e-ad59483195e4.png","height":10,"ascent":9,"chars":["ꑝ"]},{"type":"bitmap","file":"b44688ae-6c34-4740-9933-06a9739d02fe.png","height":10,"ascent":9,"chars":["ꑉ"]},{"type":"bitmap","file":"0f17ac8f-5e3f-449e-b096-e4efa3990525.png","ascent":8,"chars":["ꐗ"]},{"type":"bitmap","file":"a5f147d6-0ad8-4d87-b449-62e6e7a0dbac.png","height":90,"ascent":20,"chars":["ꑮ"]},{"type":"bitmap","file":"be811192-1cfa-49d2-a8a6-3e8f688b93fd.png","height":10,"ascent":9,"chars":["ꑧ"]},{"type":"bitmap","file":"7726caab-ddac-4759-95b2-2abf3972a68a.png","height":10,"ascent":9,"chars":["ꑑ"]},{"type":"bitmap","file":"642cc5a2-6712-4f5a-b5f0-f2390a94e5b3.png","height":10,"ascent":9,"chars":["ꑕ"]},{"type":"bitmap","file":"599cf789-6cbe-46c0-8a8c-48f368c286f8.png","height":10,"ascent":9,"chars":["ꐵ"]},{"type":"bitmap","file":"c86c8f91-3ff0-48a4-9953-cf444d47e24a.png","height":10,"ascent":9,"chars":["ꐹ"]},{"type":"bitmap","file":"4fd1c414-deed-475c-83b3-fbd21674cc59.png","height":10,"ascent":9,"chars":["ꐰ"]},{"type":"bitmap","file":"a8881579-862d-43b2-89aa-89e28d803d9f.png","height":10,"ascent":9,"chars":["ꑘ"]},{"type":"bitmap","file":"d5a42108-368f-456c-85ff-f504f36bd5ee.png","height":10,"ascent":9,"chars":["ꑞ"]},{"type":"bitmap","file":"32f8964e-076a-4d71-a49f-908764a6422a.png","ascent":8,"chars":["ꐟ"]},{"type":"bitmap","file":"cd71201d-5e41-4161-b5bd-a87f788745c0.png","ascent":8,"chars":["ꐜ"]},{"type":"bitmap","file":"9139245e-3b3e-4a2c-b7af-7d12b2374304.png","ascent":8,"chars":["ꐙ"]},{"type":"bitmap","file":"d7635e3f-9a61-41e0-b913-ab4fb9e9c10d.png","ascent":8,"chars":["ꐐ"]},{"type":"reference","id":"nexo:shift"}]}