{
	"credit": "Made with Blockbench",
	"textures": {
		"2": "minecraft:item/eco/gold_coin"
	},
	"elements": [
		{
			"from": [6.09177, 0.25, 6.04888],
			"to": [7.09177, 1.25, 8.04888],
			"rotation": {"angle": 22.5, "axis": "z", "origin": [4.59177, 0.75, 7.04888]},
			"faces": {
				"north": {"uv": [4, 8, 5, 9], "rotation": 180, "texture": "#2"},
				"east": {"uv": [4, 5, 6, 6], "rotation": 180, "texture": "#2"},
				"south": {"uv": [6, 8, 7, 9], "rotation": 180, "texture": "#2"},
				"west": {"uv": [4, 4, 6, 5], "rotation": 180, "texture": "#2"},
				"up": {"uv": [7, 4, 6, 6], "rotation": 180, "texture": "#2"},
				"down": {"uv": [5, 8, 4, 6], "rotation": 180, "texture": "#2"}
			}
		},
		{
			"from": [2.59177, 0.25, 5.04888],
			"to": [6.59177, 1.25, 9.04888],
			"rotation": {"angle": 22.5, "axis": "z", "origin": [4.59177, 0.75, 7.04888]},
			"faces": {
				"north": {"uv": [4, 0, 8, 1], "rotation": 180, "texture": "#2"},
				"east": {"uv": [4, 3, 8, 4], "rotation": 180, "texture": "#2"},
				"south": {"uv": [4, 2, 8, 3], "rotation": 180, "texture": "#2"},
				"west": {"uv": [4, 1, 8, 2], "rotation": 180, "texture": "#2"},
				"up": {"uv": [4, 4, 0, 8], "rotation": 180, "texture": "#2"},
				"down": {"uv": [4, 4, 0, 0], "rotation": 180, "texture": "#2"}
			}
		},
		{
			"from": [3.59177, 0.25, 4.54888],
			"to": [5.59177, 1.25, 5.54888],
			"rotation": {"angle": 22.5, "axis": "z", "origin": [4.59177, 0.75, 7.04888]},
			"faces": {
				"north": {"uv": [2, 8, 4, 9], "rotation": 180, "texture": "#2"},
				"east": {"uv": [1, 9, 2, 10], "rotation": 180, "texture": "#2"},
				"south": {"uv": [8, 2, 10, 3], "rotation": 180, "texture": "#2"},
				"west": {"uv": [0, 9, 1, 10], "rotation": 180, "texture": "#2"},
				"up": {"uv": [10, 5, 8, 6], "rotation": 180, "texture": "#2"},
				"down": {"uv": [10, 4, 8, 3], "rotation": 180, "texture": "#2"}
			}
		},
		{
			"from": [3.59177, 0.25, 8.54888],
			"to": [5.59177, 1.25, 9.54888],
			"rotation": {"angle": 22.5, "axis": "z", "origin": [4.59177, 0.75, 7.04888]},
			"faces": {
				"north": {"uv": [6, 7, 8, 8], "rotation": 180, "texture": "#2"},
				"east": {"uv": [8, 8, 9, 9], "rotation": 180, "texture": "#2"},
				"south": {"uv": [0, 8, 2, 9], "rotation": 180, "texture": "#2"},
				"west": {"uv": [8, 7, 9, 8], "rotation": 180, "texture": "#2"},
				"up": {"uv": [10, 1, 8, 2], "rotation": 180, "texture": "#2"},
				"down": {"uv": [10, 1, 8, 0], "rotation": 180, "texture": "#2"}
			}
		},
		{
			"from": [2.09177, 0.25, 6.04888],
			"to": [3.09177, 1.25, 8.04888],
			"rotation": {"angle": 22.5, "axis": "z", "origin": [4.59177, 0.75, 7.04888]},
			"faces": {
				"north": {"uv": [8, 6, 9, 7], "rotation": 180, "texture": "#2"},
				"east": {"uv": [7, 4, 9, 5], "rotation": 180, "texture": "#2"},
				"south": {"uv": [7, 8, 8, 9], "rotation": 180, "texture": "#2"},
				"west": {"uv": [5, 6, 7, 7], "rotation": 180, "texture": "#2"},
				"up": {"uv": [8, 5, 7, 7], "rotation": 180, "texture": "#2"},
				"down": {"uv": [6, 9, 5, 7], "rotation": 180, "texture": "#2"}
			}
		},
		{
			"from": [6.09177, 0, 4.04888],
			"to": [7.09177, 1, 6.04888],
			"rotation": {"angle": -45, "axis": "y", "origin": [8.59177, 0.5, 5.04888]},
			"faces": {
				"north": {"uv": [4, 8, 5, 9], "texture": "#2"},
				"east": {"uv": [4, 4, 6, 5], "texture": "#2"},
				"south": {"uv": [6, 8, 7, 9], "texture": "#2"},
				"west": {"uv": [4, 5, 6, 6], "texture": "#2"},
				"up": {"uv": [5, 8, 4, 6], "texture": "#2"},
				"down": {"uv": [7, 4, 6, 6], "texture": "#2"}
			}
		},
		{
			"from": [6.59177, 0, 3.04888],
			"to": [10.59177, 1, 7.04888],
			"rotation": {"angle": -45, "axis": "y", "origin": [8.59177, 0.5, 5.04888]},
			"faces": {
				"north": {"uv": [4, 0, 8, 1], "texture": "#2"},
				"east": {"uv": [4, 1, 8, 2], "texture": "#2"},
				"south": {"uv": [4, 2, 8, 3], "texture": "#2"},
				"west": {"uv": [4, 3, 8, 4], "texture": "#2"},
				"up": {"uv": [4, 4, 0, 0], "texture": "#2"},
				"down": {"uv": [4, 4, 0, 8], "texture": "#2"}
			}
		},
		{
			"from": [7.59177, 0, 2.54888],
			"to": [9.59177, 1, 3.54888],
			"rotation": {"angle": -45, "axis": "y", "origin": [8.59177, 0.5, 5.04888]},
			"faces": {
				"north": {"uv": [2, 8, 4, 9], "texture": "#2"},
				"east": {"uv": [0, 9, 1, 10], "texture": "#2"},
				"south": {"uv": [8, 2, 10, 3], "texture": "#2"},
				"west": {"uv": [1, 9, 2, 10], "texture": "#2"},
				"up": {"uv": [10, 4, 8, 3], "texture": "#2"},
				"down": {"uv": [10, 5, 8, 6], "texture": "#2"}
			}
		},
		{
			"from": [7.59177, 0, 6.54888],
			"to": [9.59177, 1, 7.54888],
			"rotation": {"angle": -45, "axis": "y", "origin": [8.59177, 0.5, 5.04888]},
			"faces": {
				"north": {"uv": [6, 7, 8, 8], "texture": "#2"},
				"east": {"uv": [8, 7, 9, 8], "texture": "#2"},
				"south": {"uv": [0, 8, 2, 9], "texture": "#2"},
				"west": {"uv": [8, 8, 9, 9], "texture": "#2"},
				"up": {"uv": [10, 1, 8, 0], "texture": "#2"},
				"down": {"uv": [10, 1, 8, 2], "texture": "#2"}
			}
		},
		{
			"from": [10.09177, 0, 4.04888],
			"to": [11.09177, 1, 6.04888],
			"rotation": {"angle": -45, "axis": "y", "origin": [8.59177, 0.5, 5.04888]},
			"faces": {
				"north": {"uv": [8, 6, 9, 7], "texture": "#2"},
				"east": {"uv": [5, 6, 7, 7], "texture": "#2"},
				"south": {"uv": [7, 8, 8, 9], "texture": "#2"},
				"west": {"uv": [7, 4, 9, 5], "texture": "#2"},
				"up": {"uv": [6, 9, 5, 7], "texture": "#2"},
				"down": {"uv": [8, 5, 7, 7], "texture": "#2"}
			}
		},
		{
			"from": [9.34177, 1.5, 7.54888],
			"to": [10.34177, 2.5, 9.54888],
			"rotation": {"angle": -45, "axis": "z", "origin": [11.84177, 2, 8.54888]},
			"faces": {
				"north": {"uv": [4, 8, 5, 9], "texture": "#2"},
				"east": {"uv": [4, 4, 6, 5], "texture": "#2"},
				"south": {"uv": [6, 8, 7, 9], "texture": "#2"},
				"west": {"uv": [4, 5, 6, 6], "texture": "#2"},
				"up": {"uv": [5, 8, 4, 6], "texture": "#2"},
				"down": {"uv": [7, 4, 6, 6], "texture": "#2"}
			}
		},
		{
			"from": [9.84177, 1.5, 6.54888],
			"to": [13.84177, 2.5, 10.54888],
			"rotation": {"angle": -45, "axis": "z", "origin": [11.84177, 2, 8.54888]},
			"faces": {
				"north": {"uv": [4, 0, 8, 1], "texture": "#2"},
				"east": {"uv": [4, 1, 8, 2], "texture": "#2"},
				"south": {"uv": [4, 2, 8, 3], "texture": "#2"},
				"west": {"uv": [4, 3, 8, 4], "texture": "#2"},
				"up": {"uv": [4, 4, 0, 0], "texture": "#2"},
				"down": {"uv": [4, 4, 0, 8], "texture": "#2"}
			}
		},
		{
			"from": [10.84177, 1.5, 6.04888],
			"to": [12.84177, 2.5, 7.04888],
			"rotation": {"angle": -45, "axis": "z", "origin": [11.84177, 2, 8.54888]},
			"faces": {
				"north": {"uv": [2, 8, 4, 9], "texture": "#2"},
				"east": {"uv": [0, 9, 1, 10], "texture": "#2"},
				"south": {"uv": [8, 2, 10, 3], "texture": "#2"},
				"west": {"uv": [1, 9, 2, 10], "texture": "#2"},
				"up": {"uv": [10, 4, 8, 3], "texture": "#2"},
				"down": {"uv": [10, 5, 8, 6], "texture": "#2"}
			}
		},
		{
			"from": [10.84177, 1.5, 10.04888],
			"to": [12.84177, 2.5, 11.04888],
			"rotation": {"angle": -45, "axis": "z", "origin": [11.84177, 2, 8.54888]},
			"faces": {
				"north": {"uv": [6, 7, 8, 8], "texture": "#2"},
				"east": {"uv": [8, 7, 9, 8], "texture": "#2"},
				"south": {"uv": [0, 8, 2, 9], "texture": "#2"},
				"west": {"uv": [8, 8, 9, 9], "texture": "#2"},
				"up": {"uv": [10, 1, 8, 0], "texture": "#2"},
				"down": {"uv": [10, 1, 8, 2], "texture": "#2"}
			}
		},
		{
			"from": [13.34177, 1.5, 7.54888],
			"to": [14.34177, 2.5, 9.54888],
			"rotation": {"angle": -45, "axis": "z", "origin": [11.84177, 2, 8.54888]},
			"faces": {
				"north": {"uv": [8, 6, 9, 7], "texture": "#2"},
				"east": {"uv": [5, 6, 7, 7], "texture": "#2"},
				"south": {"uv": [7, 8, 8, 9], "texture": "#2"},
				"west": {"uv": [7, 4, 9, 5], "texture": "#2"},
				"up": {"uv": [6, 9, 5, 7], "texture": "#2"},
				"down": {"uv": [8, 5, 7, 7], "texture": "#2"}
			}
		},
		{
			"from": [6.84177, 0, 12.29888],
			"to": [8.84177, 1, 13.29888],
			"rotation": {"angle": -45, "axis": "y", "origin": [7.84177, 0.5, 10.79888]},
			"faces": {
				"north": {"uv": [4, 4, 6, 5], "texture": "#2"},
				"east": {"uv": [6, 8, 7, 9], "texture": "#2"},
				"south": {"uv": [4, 5, 6, 6], "texture": "#2"},
				"west": {"uv": [4, 8, 5, 9], "texture": "#2"},
				"up": {"uv": [5, 8, 4, 6], "rotation": 270, "texture": "#2"},
				"down": {"uv": [7, 4, 6, 6], "rotation": 90, "texture": "#2"}
			}
		},
		{
			"from": [5.84177, 0, 8.79888],
			"to": [9.84177, 1, 12.79888],
			"rotation": {"angle": -45, "axis": "y", "origin": [7.84177, 0.5, 10.79888]},
			"faces": {
				"north": {"uv": [4, 1, 8, 2], "texture": "#2"},
				"east": {"uv": [4, 2, 8, 3], "texture": "#2"},
				"south": {"uv": [4, 3, 8, 4], "texture": "#2"},
				"west": {"uv": [4, 0, 8, 1], "texture": "#2"},
				"up": {"uv": [4, 4, 0, 0], "rotation": 270, "texture": "#2"},
				"down": {"uv": [4, 4, 0, 8], "rotation": 90, "texture": "#2"}
			}
		},
		{
			"from": [5.34177, 0, 9.79888],
			"to": [6.34177, 1, 11.79888],
			"rotation": {"angle": -45, "axis": "y", "origin": [7.84177, 0.5, 10.79888]},
			"faces": {
				"north": {"uv": [0, 9, 1, 10], "texture": "#2"},
				"east": {"uv": [8, 2, 10, 3], "texture": "#2"},
				"south": {"uv": [1, 9, 2, 10], "texture": "#2"},
				"west": {"uv": [2, 8, 4, 9], "texture": "#2"},
				"up": {"uv": [10, 4, 8, 3], "rotation": 270, "texture": "#2"},
				"down": {"uv": [10, 5, 8, 6], "rotation": 90, "texture": "#2"}
			}
		},
		{
			"from": [9.34177, 0, 9.79888],
			"to": [10.34177, 1, 11.79888],
			"rotation": {"angle": -45, "axis": "y", "origin": [7.84177, 0.5, 10.79888]},
			"faces": {
				"north": {"uv": [8, 7, 9, 8], "texture": "#2"},
				"east": {"uv": [0, 8, 2, 9], "texture": "#2"},
				"south": {"uv": [8, 8, 9, 9], "texture": "#2"},
				"west": {"uv": [6, 7, 8, 8], "texture": "#2"},
				"up": {"uv": [10, 1, 8, 0], "rotation": 270, "texture": "#2"},
				"down": {"uv": [10, 1, 8, 2], "rotation": 90, "texture": "#2"}
			}
		},
		{
			"from": [6.84177, 0, 8.29888],
			"to": [8.84177, 1, 9.29888],
			"rotation": {"angle": -45, "axis": "y", "origin": [7.84177, 0.5, 10.79888]},
			"faces": {
				"north": {"uv": [5, 6, 7, 7], "texture": "#2"},
				"east": {"uv": [7, 8, 8, 9], "texture": "#2"},
				"south": {"uv": [7, 4, 9, 5], "texture": "#2"},
				"west": {"uv": [8, 6, 9, 7], "texture": "#2"},
				"up": {"uv": [6, 9, 5, 7], "rotation": 270, "texture": "#2"},
				"down": {"uv": [8, 5, 7, 7], "rotation": 90, "texture": "#2"}
			}
		},
		{
			"from": [6.84177, 1, 12.29888],
			"to": [8.84177, 2, 13.29888],
			"rotation": {"angle": 0, "axis": "y", "origin": [7.84177, 1.5, 10.79888]},
			"faces": {
				"north": {"uv": [4, 4, 6, 5], "texture": "#2"},
				"east": {"uv": [6, 8, 7, 9], "texture": "#2"},
				"south": {"uv": [4, 5, 6, 6], "texture": "#2"},
				"west": {"uv": [4, 8, 5, 9], "texture": "#2"},
				"up": {"uv": [5, 8, 4, 6], "rotation": 270, "texture": "#2"},
				"down": {"uv": [7, 4, 6, 6], "rotation": 90, "texture": "#2"}
			}
		},
		{
			"from": [5.84177, 1, 8.79888],
			"to": [9.84177, 2, 12.79888],
			"rotation": {"angle": 0, "axis": "y", "origin": [7.84177, 1.5, 10.79888]},
			"faces": {
				"north": {"uv": [4, 1, 8, 2], "texture": "#2"},
				"east": {"uv": [4, 2, 8, 3], "texture": "#2"},
				"south": {"uv": [4, 3, 8, 4], "texture": "#2"},
				"west": {"uv": [4, 0, 8, 1], "texture": "#2"},
				"up": {"uv": [4, 4, 0, 0], "rotation": 270, "texture": "#2"},
				"down": {"uv": [4, 4, 0, 8], "rotation": 90, "texture": "#2"}
			}
		},
		{
			"from": [5.34177, 1, 9.79888],
			"to": [6.34177, 2, 11.79888],
			"rotation": {"angle": 0, "axis": "y", "origin": [7.84177, 1.5, 10.79888]},
			"faces": {
				"north": {"uv": [0, 9, 1, 10], "texture": "#2"},
				"east": {"uv": [8, 2, 10, 3], "texture": "#2"},
				"south": {"uv": [1, 9, 2, 10], "texture": "#2"},
				"west": {"uv": [2, 8, 4, 9], "texture": "#2"},
				"up": {"uv": [10, 4, 8, 3], "rotation": 270, "texture": "#2"},
				"down": {"uv": [10, 5, 8, 6], "rotation": 90, "texture": "#2"}
			}
		},
		{
			"from": [9.34177, 1, 9.79888],
			"to": [10.34177, 2, 11.79888],
			"rotation": {"angle": 0, "axis": "y", "origin": [7.84177, 1.5, 10.79888]},
			"faces": {
				"north": {"uv": [8, 7, 9, 8], "texture": "#2"},
				"east": {"uv": [0, 8, 2, 9], "texture": "#2"},
				"south": {"uv": [8, 8, 9, 9], "texture": "#2"},
				"west": {"uv": [6, 7, 8, 8], "texture": "#2"},
				"up": {"uv": [10, 1, 8, 0], "rotation": 270, "texture": "#2"},
				"down": {"uv": [10, 1, 8, 2], "rotation": 90, "texture": "#2"}
			}
		},
		{
			"from": [6.84177, 1, 8.29888],
			"to": [8.84177, 2, 9.29888],
			"rotation": {"angle": 0, "axis": "y", "origin": [7.84177, 1.5, 10.79888]},
			"faces": {
				"north": {"uv": [5, 6, 7, 7], "texture": "#2"},
				"east": {"uv": [7, 8, 8, 9], "texture": "#2"},
				"south": {"uv": [7, 4, 9, 5], "texture": "#2"},
				"west": {"uv": [8, 6, 9, 7], "texture": "#2"},
				"up": {"uv": [6, 9, 5, 7], "rotation": 270, "texture": "#2"},
				"down": {"uv": [8, 5, 7, 7], "rotation": 90, "texture": "#2"}
			}
		},
		{
			"from": [6.84177, 2, 12.29888],
			"to": [8.84177, 3, 13.29888],
			"rotation": {"angle": 22.5, "axis": "y", "origin": [7.84177, 2.5, 10.79888]},
			"faces": {
				"north": {"uv": [4, 4, 6, 5], "texture": "#2"},
				"east": {"uv": [6, 8, 7, 9], "texture": "#2"},
				"south": {"uv": [4, 5, 6, 6], "texture": "#2"},
				"west": {"uv": [4, 8, 5, 9], "texture": "#2"},
				"up": {"uv": [5, 8, 4, 6], "rotation": 270, "texture": "#2"},
				"down": {"uv": [7, 4, 6, 6], "rotation": 90, "texture": "#2"}
			}
		},
		{
			"from": [5.84177, 2, 8.79888],
			"to": [9.84177, 3, 12.79888],
			"rotation": {"angle": 22.5, "axis": "y", "origin": [7.84177, 2.5, 10.79888]},
			"faces": {
				"north": {"uv": [4, 1, 8, 2], "texture": "#2"},
				"east": {"uv": [4, 2, 8, 3], "texture": "#2"},
				"south": {"uv": [4, 3, 8, 4], "texture": "#2"},
				"west": {"uv": [4, 0, 8, 1], "texture": "#2"},
				"up": {"uv": [4, 4, 0, 0], "rotation": 270, "texture": "#2"},
				"down": {"uv": [4, 4, 0, 8], "rotation": 90, "texture": "#2"}
			}
		},
		{
			"from": [5.34177, 2, 9.79888],
			"to": [6.34177, 3, 11.79888],
			"rotation": {"angle": 22.5, "axis": "y", "origin": [7.84177, 2.5, 10.79888]},
			"faces": {
				"north": {"uv": [0, 9, 1, 10], "texture": "#2"},
				"east": {"uv": [8, 2, 10, 3], "texture": "#2"},
				"south": {"uv": [1, 9, 2, 10], "texture": "#2"},
				"west": {"uv": [2, 8, 4, 9], "texture": "#2"},
				"up": {"uv": [10, 4, 8, 3], "rotation": 270, "texture": "#2"},
				"down": {"uv": [10, 5, 8, 6], "rotation": 90, "texture": "#2"}
			}
		},
		{
			"from": [9.34177, 2, 9.79888],
			"to": [10.34177, 3, 11.79888],
			"rotation": {"angle": 22.5, "axis": "y", "origin": [7.84177, 2.5, 10.79888]},
			"faces": {
				"north": {"uv": [8, 7, 9, 8], "texture": "#2"},
				"east": {"uv": [0, 8, 2, 9], "texture": "#2"},
				"south": {"uv": [8, 8, 9, 9], "texture": "#2"},
				"west": {"uv": [6, 7, 8, 8], "texture": "#2"},
				"up": {"uv": [10, 1, 8, 0], "rotation": 270, "texture": "#2"},
				"down": {"uv": [10, 1, 8, 2], "rotation": 90, "texture": "#2"}
			}
		},
		{
			"from": [6.84177, 2, 8.29888],
			"to": [8.84177, 3, 9.29888],
			"rotation": {"angle": 22.5, "axis": "y", "origin": [7.84177, 2.5, 10.79888]},
			"faces": {
				"north": {"uv": [5, 6, 7, 7], "texture": "#2"},
				"east": {"uv": [7, 8, 8, 9], "texture": "#2"},
				"south": {"uv": [7, 4, 9, 5], "texture": "#2"},
				"west": {"uv": [8, 6, 9, 7], "texture": "#2"},
				"up": {"uv": [6, 9, 5, 7], "rotation": 270, "texture": "#2"},
				"down": {"uv": [8, 5, 7, 7], "rotation": 90, "texture": "#2"}
			}
		}
	],
	"display": {
		"thirdperson_righthand": {
			"translation": [0, 5.5, 1.75],
			"scale": [0.7, 0.7, 0.7]
		},
		"thirdperson_lefthand": {
			"translation": [0, 5.5, 1.75],
			"scale": [0.7, 0.7, 0.7]
		},
		"firstperson_righthand": {
			"rotation": [-14.29, 12.2, 7.66],
			"translation": [0, 7.5, 0],
			"scale": [0.8, 0.8, 0.8]
		},
		"firstperson_lefthand": {
			"rotation": [-14.29, 12.2, 7.66],
			"translation": [0, 7.5, 0],
			"scale": [0.8, 0.8, 0.8]
		},
		"ground": {
			"translation": [0, 4.5, 0]
		},
		"gui": {
			"rotation": [-144.5, -12.3, -173.18],
			"translation": [1, 5.5, 0],
			"scale": [1.15, 1.15, 1.15]
		},
		"head": {
			"translation": [0, 14.5, 0]
		},
		"fixed": {
			"rotation": [90, 0.29, -180],
			"translation": [0, 0, -11],
			"scale": [1.5, 1.5, 1.5]
		}
	},
	"groups": [
		{
			"name": "bone",
			"origin": [6.59177, 0.5, 7.04888],
			"color": 0,
			"children": [
				{
					"name": "gold_coin",
					"origin": [6.59177, 0.5, 7.04888],
					"color": 0,
					"children": [0, 1, 2, 3, 4]
				},
				{
					"name": "gold_coin",
					"origin": [6.59177, 0.5, 7.04888],
					"color": 0,
					"children": [5, 6, 7, 8, 9]
				},
				{
					"name": "gold_coin",
					"origin": [6.59177, 0.5, 7.04888],
					"color": 0,
					"children": [10, 11, 12, 13, 14]
				},
				{
					"name": "gold_coin",
					"origin": [6.59177, 0.5, 7.04888],
					"color": 0,
					"children": [15, 16, 17, 18, 19]
				},
				{
					"name": "gold_coin",
					"origin": [6.59177, 0.5, 7.04888],
					"color": 0,
					"children": [20, 21, 22, 23, 24]
				},
				{
					"name": "gold_coin",
					"origin": [6.59177, 0.5, 7.04888],
					"color": 0,
					"children": [25, 26, 27, 28, 29]
				}
			]
		}
	]
}