{
	"credit": "Made with Blockbench",
	"textures": {
		"2": "minecraft:item/eco/gold_coin"
	},
	"elements": [
		{
			"from": [4.75, 0.25, 3.625],
			"to": [5.75, 1.25, 5.625],
			"rotation": {"angle": 22.5, "axis": "z", "origin": [3.25, 0.75, 4.625]},
			"faces": {
				"north": {"uv": [4, 8, 5, 9], "rotation": 180, "texture": "#2"},
				"east": {"uv": [4, 5, 6, 6], "rotation": 180, "texture": "#2"},
				"south": {"uv": [6, 8, 7, 9], "rotation": 180, "texture": "#2"},
				"west": {"uv": [4, 4, 6, 5], "rotation": 180, "texture": "#2"},
				"up": {"uv": [7, 4, 6, 6], "rotation": 180, "texture": "#2"},
				"down": {"uv": [5, 8, 4, 6], "rotation": 180, "texture": "#2"}
			}
		},
		{
			"from": [1.25, 0.25, 2.625],
			"to": [5.25, 1.25, 6.625],
			"rotation": {"angle": 22.5, "axis": "z", "origin": [3.25, 0.75, 4.625]},
			"faces": {
				"north": {"uv": [4, 0, 8, 1], "rotation": 180, "texture": "#2"},
				"east": {"uv": [4, 3, 8, 4], "rotation": 180, "texture": "#2"},
				"south": {"uv": [4, 2, 8, 3], "rotation": 180, "texture": "#2"},
				"west": {"uv": [4, 1, 8, 2], "rotation": 180, "texture": "#2"},
				"up": {"uv": [4, 4, 0, 8], "rotation": 180, "texture": "#2"},
				"down": {"uv": [4, 4, 0, 0], "rotation": 180, "texture": "#2"}
			}
		},
		{
			"from": [2.25, 0.25, 2.125],
			"to": [4.25, 1.25, 3.125],
			"rotation": {"angle": 22.5, "axis": "z", "origin": [3.25, 0.75, 4.625]},
			"faces": {
				"north": {"uv": [2, 8, 4, 9], "rotation": 180, "texture": "#2"},
				"east": {"uv": [1, 9, 2, 10], "rotation": 180, "texture": "#2"},
				"south": {"uv": [8, 2, 10, 3], "rotation": 180, "texture": "#2"},
				"west": {"uv": [0, 9, 1, 10], "rotation": 180, "texture": "#2"},
				"up": {"uv": [10, 5, 8, 6], "rotation": 180, "texture": "#2"},
				"down": {"uv": [10, 4, 8, 3], "rotation": 180, "texture": "#2"}
			}
		},
		{
			"from": [2.25, 0.25, 6.125],
			"to": [4.25, 1.25, 7.125],
			"rotation": {"angle": 22.5, "axis": "z", "origin": [3.25, 0.75, 4.625]},
			"faces": {
				"north": {"uv": [6, 7, 8, 8], "rotation": 180, "texture": "#2"},
				"east": {"uv": [8, 8, 9, 9], "rotation": 180, "texture": "#2"},
				"south": {"uv": [0, 8, 2, 9], "rotation": 180, "texture": "#2"},
				"west": {"uv": [8, 7, 9, 8], "rotation": 180, "texture": "#2"},
				"up": {"uv": [10, 1, 8, 2], "rotation": 180, "texture": "#2"},
				"down": {"uv": [10, 1, 8, 0], "rotation": 180, "texture": "#2"}
			}
		},
		{
			"from": [0.75, 0.25, 3.625],
			"to": [1.75, 1.25, 5.625],
			"rotation": {"angle": 22.5, "axis": "z", "origin": [3.25, 0.75, 4.625]},
			"faces": {
				"north": {"uv": [8, 6, 9, 7], "rotation": 180, "texture": "#2"},
				"east": {"uv": [7, 4, 9, 5], "rotation": 180, "texture": "#2"},
				"south": {"uv": [7, 8, 8, 9], "rotation": 180, "texture": "#2"},
				"west": {"uv": [5, 6, 7, 7], "rotation": 180, "texture": "#2"},
				"up": {"uv": [8, 5, 7, 7], "rotation": 180, "texture": "#2"},
				"down": {"uv": [6, 9, 5, 7], "rotation": 180, "texture": "#2"}
			}
		},
		{
			"from": [5, 0, 1.625],
			"to": [6, 1, 3.625],
			"rotation": {"angle": -45, "axis": "y", "origin": [7.5, 0.5, 2.625]},
			"faces": {
				"north": {"uv": [4, 8, 5, 9], "texture": "#2"},
				"east": {"uv": [4, 4, 6, 5], "texture": "#2"},
				"south": {"uv": [6, 8, 7, 9], "texture": "#2"},
				"west": {"uv": [4, 5, 6, 6], "texture": "#2"},
				"up": {"uv": [5, 8, 4, 6], "texture": "#2"},
				"down": {"uv": [7, 4, 6, 6], "texture": "#2"}
			}
		},
		{
			"from": [5.5, 0, 0.625],
			"to": [9.5, 1, 4.625],
			"rotation": {"angle": -45, "axis": "y", "origin": [7.5, 0.5, 2.625]},
			"faces": {
				"north": {"uv": [4, 0, 8, 1], "texture": "#2"},
				"east": {"uv": [4, 1, 8, 2], "texture": "#2"},
				"south": {"uv": [4, 2, 8, 3], "texture": "#2"},
				"west": {"uv": [4, 3, 8, 4], "texture": "#2"},
				"up": {"uv": [4, 4, 0, 0], "texture": "#2"},
				"down": {"uv": [4, 4, 0, 8], "texture": "#2"}
			}
		},
		{
			"from": [6.5, 0, 0.125],
			"to": [8.5, 1, 1.125],
			"rotation": {"angle": -45, "axis": "y", "origin": [7.5, 0.5, 2.625]},
			"faces": {
				"north": {"uv": [2, 8, 4, 9], "texture": "#2"},
				"east": {"uv": [0, 9, 1, 10], "texture": "#2"},
				"south": {"uv": [8, 2, 10, 3], "texture": "#2"},
				"west": {"uv": [1, 9, 2, 10], "texture": "#2"},
				"up": {"uv": [10, 4, 8, 3], "texture": "#2"},
				"down": {"uv": [10, 5, 8, 6], "texture": "#2"}
			}
		},
		{
			"from": [6.5, 0, 4.125],
			"to": [8.5, 1, 5.125],
			"rotation": {"angle": -45, "axis": "y", "origin": [7.5, 0.5, 2.625]},
			"faces": {
				"north": {"uv": [6, 7, 8, 8], "texture": "#2"},
				"east": {"uv": [8, 7, 9, 8], "texture": "#2"},
				"south": {"uv": [0, 8, 2, 9], "texture": "#2"},
				"west": {"uv": [8, 8, 9, 9], "texture": "#2"},
				"up": {"uv": [10, 1, 8, 0], "texture": "#2"},
				"down": {"uv": [10, 1, 8, 2], "texture": "#2"}
			}
		},
		{
			"from": [9, 0, 1.625],
			"to": [10, 1, 3.625],
			"rotation": {"angle": -45, "axis": "y", "origin": [7.5, 0.5, 2.625]},
			"faces": {
				"north": {"uv": [8, 6, 9, 7], "texture": "#2"},
				"east": {"uv": [5, 6, 7, 7], "texture": "#2"},
				"south": {"uv": [7, 8, 8, 9], "texture": "#2"},
				"west": {"uv": [7, 4, 9, 5], "texture": "#2"},
				"up": {"uv": [6, 9, 5, 7], "texture": "#2"},
				"down": {"uv": [8, 5, 7, 7], "texture": "#2"}
			}
		},
		{
			"from": [7.5, 1, 5.125],
			"to": [9.5, 2, 6.125],
			"rotation": {"angle": 22.5, "axis": "y", "origin": [8.5, 1.5, 3.625]},
			"faces": {
				"north": {"uv": [4, 4, 6, 5], "texture": "#2"},
				"east": {"uv": [6, 8, 7, 9], "texture": "#2"},
				"south": {"uv": [4, 5, 6, 6], "texture": "#2"},
				"west": {"uv": [4, 8, 5, 9], "texture": "#2"},
				"up": {"uv": [5, 8, 4, 6], "rotation": 270, "texture": "#2"},
				"down": {"uv": [7, 4, 6, 6], "rotation": 90, "texture": "#2"}
			}
		},
		{
			"from": [6.5, 1, 1.625],
			"to": [10.5, 2, 5.625],
			"rotation": {"angle": 22.5, "axis": "y", "origin": [8.5, 1.5, 3.625]},
			"faces": {
				"north": {"uv": [4, 1, 8, 2], "texture": "#2"},
				"east": {"uv": [4, 2, 8, 3], "texture": "#2"},
				"south": {"uv": [4, 3, 8, 4], "texture": "#2"},
				"west": {"uv": [4, 0, 8, 1], "texture": "#2"},
				"up": {"uv": [4, 4, 0, 0], "rotation": 270, "texture": "#2"},
				"down": {"uv": [4, 4, 0, 8], "rotation": 90, "texture": "#2"}
			}
		},
		{
			"from": [6, 1, 2.625],
			"to": [7, 2, 4.625],
			"rotation": {"angle": 22.5, "axis": "y", "origin": [8.5, 1.5, 3.625]},
			"faces": {
				"north": {"uv": [0, 9, 1, 10], "texture": "#2"},
				"east": {"uv": [8, 2, 10, 3], "texture": "#2"},
				"south": {"uv": [1, 9, 2, 10], "texture": "#2"},
				"west": {"uv": [2, 8, 4, 9], "texture": "#2"},
				"up": {"uv": [10, 4, 8, 3], "rotation": 270, "texture": "#2"},
				"down": {"uv": [10, 5, 8, 6], "rotation": 90, "texture": "#2"}
			}
		},
		{
			"from": [10, 1, 2.625],
			"to": [11, 2, 4.625],
			"rotation": {"angle": 22.5, "axis": "y", "origin": [8.5, 1.5, 3.625]},
			"faces": {
				"north": {"uv": [8, 7, 9, 8], "texture": "#2"},
				"east": {"uv": [0, 8, 2, 9], "texture": "#2"},
				"south": {"uv": [8, 8, 9, 9], "texture": "#2"},
				"west": {"uv": [6, 7, 8, 8], "texture": "#2"},
				"up": {"uv": [10, 1, 8, 0], "rotation": 270, "texture": "#2"},
				"down": {"uv": [10, 1, 8, 2], "rotation": 90, "texture": "#2"}
			}
		},
		{
			"from": [7.5, 1, 1.125],
			"to": [9.5, 2, 2.125],
			"rotation": {"angle": 22.5, "axis": "y", "origin": [8.5, 1.5, 3.625]},
			"faces": {
				"north": {"uv": [5, 6, 7, 7], "texture": "#2"},
				"east": {"uv": [7, 8, 8, 9], "texture": "#2"},
				"south": {"uv": [7, 4, 9, 5], "texture": "#2"},
				"west": {"uv": [8, 6, 9, 7], "texture": "#2"},
				"up": {"uv": [6, 9, 5, 7], "rotation": 270, "texture": "#2"},
				"down": {"uv": [8, 5, 7, 7], "rotation": 90, "texture": "#2"}
			}
		},
		{
			"from": [10.5, 0, 2.125],
			"to": [14.5, 1, 6.125],
			"rotation": {"angle": 22.5, "axis": "y", "origin": [12.5, 0.5, 4.125]},
			"faces": {
				"north": {"uv": [4, 1, 8, 2], "texture": "#2"},
				"east": {"uv": [4, 2, 8, 3], "texture": "#2"},
				"south": {"uv": [4, 3, 8, 4], "texture": "#2"},
				"west": {"uv": [4, 0, 8, 1], "texture": "#2"},
				"up": {"uv": [4, 4, 0, 0], "rotation": 270, "texture": "#2"},
				"down": {"uv": [4, 4, 0, 8], "rotation": 90, "texture": "#2"}
			}
		},
		{
			"from": [11.5, 0, 5.625],
			"to": [13.5, 1, 6.625],
			"rotation": {"angle": 22.5, "axis": "y", "origin": [12.5, 0.5, 4.125]},
			"faces": {
				"north": {"uv": [4, 4, 6, 5], "texture": "#2"},
				"east": {"uv": [6, 8, 7, 9], "texture": "#2"},
				"south": {"uv": [4, 5, 6, 6], "texture": "#2"},
				"west": {"uv": [4, 8, 5, 9], "texture": "#2"},
				"up": {"uv": [5, 8, 4, 6], "rotation": 270, "texture": "#2"},
				"down": {"uv": [7, 4, 6, 6], "rotation": 90, "texture": "#2"}
			}
		},
		{
			"from": [14, 0, 3.125],
			"to": [15, 1, 5.125],
			"rotation": {"angle": 22.5, "axis": "y", "origin": [12.5, 0.5, 4.125]},
			"faces": {
				"north": {"uv": [8, 7, 9, 8], "texture": "#2"},
				"east": {"uv": [0, 8, 2, 9], "texture": "#2"},
				"south": {"uv": [8, 8, 9, 9], "texture": "#2"},
				"west": {"uv": [6, 7, 8, 8], "texture": "#2"},
				"up": {"uv": [10, 1, 8, 0], "rotation": 270, "texture": "#2"},
				"down": {"uv": [10, 1, 8, 2], "rotation": 90, "texture": "#2"}
			}
		},
		{
			"from": [11.5, 0, 1.625],
			"to": [13.5, 1, 2.625],
			"rotation": {"angle": 22.5, "axis": "y", "origin": [12.5, 0.5, 4.125]},
			"faces": {
				"north": {"uv": [5, 6, 7, 7], "texture": "#2"},
				"east": {"uv": [7, 8, 8, 9], "texture": "#2"},
				"south": {"uv": [7, 4, 9, 5], "texture": "#2"},
				"west": {"uv": [8, 6, 9, 7], "texture": "#2"},
				"up": {"uv": [6, 9, 5, 7], "rotation": 270, "texture": "#2"},
				"down": {"uv": [8, 5, 7, 7], "rotation": 90, "texture": "#2"}
			}
		},
		{
			"from": [10, 0, 3.125],
			"to": [11, 1, 5.125],
			"rotation": {"angle": 22.5, "axis": "y", "origin": [12.5, 0.5, 4.125]},
			"faces": {
				"north": {"uv": [0, 9, 1, 10], "texture": "#2"},
				"east": {"uv": [8, 2, 10, 3], "texture": "#2"},
				"south": {"uv": [1, 9, 2, 10], "texture": "#2"},
				"west": {"uv": [2, 8, 4, 9], "texture": "#2"},
				"up": {"uv": [10, 4, 8, 3], "rotation": 270, "texture": "#2"},
				"down": {"uv": [10, 5, 8, 6], "rotation": 90, "texture": "#2"}
			}
		},
		{
			"from": [9.5, 3.5, 11.875],
			"to": [11.5, 4.5, 12.875],
			"rotation": {"angle": -22.5, "axis": "x", "origin": [10.5, 2, 12.375]},
			"faces": {
				"north": {"uv": [7, 4, 6, 6], "rotation": 90, "texture": "#2"},
				"east": {"uv": [4, 8, 5, 9], "rotation": 270, "texture": "#2"},
				"south": {"uv": [5, 8, 4, 6], "rotation": 90, "texture": "#2"},
				"west": {"uv": [6, 8, 7, 9], "rotation": 90, "texture": "#2"},
				"up": {"uv": [4, 5, 6, 6], "rotation": 180, "texture": "#2"},
				"down": {"uv": [4, 4, 6, 5], "texture": "#2"}
			}
		},
		{
			"from": [8.5, 0, 11.875],
			"to": [12.5, 4, 12.875],
			"rotation": {"angle": -22.5, "axis": "x", "origin": [10.5, 2, 12.375]},
			"faces": {
				"north": {"uv": [4, 4, 0, 8], "rotation": 90, "texture": "#2"},
				"east": {"uv": [4, 0, 8, 1], "rotation": 270, "texture": "#2"},
				"south": {"uv": [4, 4, 0, 0], "rotation": 90, "texture": "#2"},
				"west": {"uv": [4, 2, 8, 3], "rotation": 90, "texture": "#2"},
				"up": {"uv": [4, 3, 8, 4], "rotation": 180, "texture": "#2"},
				"down": {"uv": [4, 1, 8, 2], "texture": "#2"}
			}
		},
		{
			"from": [12, 1, 11.875],
			"to": [13, 3, 12.875],
			"rotation": {"angle": -22.5, "axis": "x", "origin": [10.5, 2, 12.375]},
			"faces": {
				"north": {"uv": [10, 5, 8, 6], "rotation": 90, "texture": "#2"},
				"east": {"uv": [2, 8, 4, 9], "rotation": 270, "texture": "#2"},
				"south": {"uv": [10, 4, 8, 3], "rotation": 90, "texture": "#2"},
				"west": {"uv": [8, 2, 10, 3], "rotation": 90, "texture": "#2"},
				"up": {"uv": [1, 9, 2, 10], "rotation": 180, "texture": "#2"},
				"down": {"uv": [0, 9, 1, 10], "texture": "#2"}
			}
		},
		{
			"from": [8, 1, 11.875],
			"to": [9, 3, 12.875],
			"rotation": {"angle": -22.5, "axis": "x", "origin": [10.5, 2, 12.375]},
			"faces": {
				"north": {"uv": [10, 1, 8, 2], "rotation": 90, "texture": "#2"},
				"east": {"uv": [6, 7, 8, 8], "rotation": 270, "texture": "#2"},
				"south": {"uv": [10, 1, 8, 0], "rotation": 90, "texture": "#2"},
				"west": {"uv": [0, 8, 2, 9], "rotation": 90, "texture": "#2"},
				"up": {"uv": [8, 8, 9, 9], "rotation": 180, "texture": "#2"},
				"down": {"uv": [8, 7, 9, 8], "texture": "#2"}
			}
		},
		{
			"from": [9.5, -0.5, 11.875],
			"to": [11.5, 0.5, 12.875],
			"rotation": {"angle": -22.5, "axis": "x", "origin": [10.5, 2, 12.375]},
			"faces": {
				"north": {"uv": [8, 5, 7, 7], "rotation": 90, "texture": "#2"},
				"east": {"uv": [8, 6, 9, 7], "rotation": 270, "texture": "#2"},
				"south": {"uv": [6, 9, 5, 7], "rotation": 90, "texture": "#2"},
				"west": {"uv": [7, 8, 8, 9], "rotation": 90, "texture": "#2"},
				"up": {"uv": [7, 4, 9, 5], "rotation": 180, "texture": "#2"},
				"down": {"uv": [5, 6, 7, 7], "texture": "#2"}
			}
		},
		{
			"from": [5.06645, 3.75, 8.125],
			"to": [7.06645, 4.75, 9.125],
			"rotation": {"angle": 22.5, "axis": "x", "origin": [6.06645, 2.25, 8.625]},
			"faces": {
				"north": {"uv": [7, 6, 6, 4], "rotation": 90, "texture": "#2"},
				"east": {"uv": [6, 9, 7, 8], "rotation": 90, "texture": "#2"},
				"south": {"uv": [5, 6, 4, 8], "rotation": 90, "texture": "#2"},
				"west": {"uv": [4, 9, 5, 8], "rotation": 270, "texture": "#2"},
				"up": {"uv": [6, 5, 4, 6], "rotation": 180, "texture": "#2"},
				"down": {"uv": [6, 4, 4, 5], "texture": "#2"}
			}
		},
		{
			"from": [4.06645, 0.25, 8.125],
			"to": [8.06645, 4.25, 9.125],
			"rotation": {"angle": 22.5, "axis": "x", "origin": [6.06645, 2.25, 8.625]},
			"faces": {
				"north": {"uv": [4, 8, 0, 4], "rotation": 90, "texture": "#2"},
				"east": {"uv": [4, 3, 8, 2], "rotation": 90, "texture": "#2"},
				"south": {"uv": [4, 0, 0, 4], "rotation": 90, "texture": "#2"},
				"west": {"uv": [4, 1, 8, 0], "rotation": 270, "texture": "#2"},
				"up": {"uv": [8, 3, 4, 4], "rotation": 180, "texture": "#2"},
				"down": {"uv": [8, 1, 4, 2], "texture": "#2"}
			}
		},
		{
			"from": [3.56645, 1.25, 8.125],
			"to": [4.56645, 3.25, 9.125],
			"rotation": {"angle": 22.5, "axis": "x", "origin": [6.06645, 2.25, 8.625]},
			"faces": {
				"north": {"uv": [10, 6, 8, 5], "rotation": 90, "texture": "#2"},
				"east": {"uv": [8, 3, 10, 2], "rotation": 90, "texture": "#2"},
				"south": {"uv": [10, 3, 8, 4], "rotation": 90, "texture": "#2"},
				"west": {"uv": [2, 9, 4, 8], "rotation": 270, "texture": "#2"},
				"up": {"uv": [2, 9, 1, 10], "rotation": 180, "texture": "#2"},
				"down": {"uv": [1, 9, 0, 10], "texture": "#2"}
			}
		},
		{
			"from": [7.56645, 1.25, 8.125],
			"to": [8.56645, 3.25, 9.125],
			"rotation": {"angle": 22.5, "axis": "x", "origin": [6.06645, 2.25, 8.625]},
			"faces": {
				"north": {"uv": [10, 2, 8, 1], "rotation": 90, "texture": "#2"},
				"east": {"uv": [0, 9, 2, 8], "rotation": 90, "texture": "#2"},
				"south": {"uv": [10, 0, 8, 1], "rotation": 90, "texture": "#2"},
				"west": {"uv": [6, 8, 8, 7], "rotation": 270, "texture": "#2"},
				"up": {"uv": [9, 8, 8, 9], "rotation": 180, "texture": "#2"},
				"down": {"uv": [9, 7, 8, 8], "texture": "#2"}
			}
		},
		{
			"from": [5.06645, -0.25, 8.125],
			"to": [7.06645, 0.75, 9.125],
			"rotation": {"angle": 22.5, "axis": "x", "origin": [6.06645, 2.25, 8.625]},
			"faces": {
				"north": {"uv": [8, 7, 7, 5], "rotation": 90, "texture": "#2"},
				"east": {"uv": [7, 9, 8, 8], "rotation": 90, "texture": "#2"},
				"south": {"uv": [6, 7, 5, 9], "rotation": 90, "texture": "#2"},
				"west": {"uv": [8, 7, 9, 6], "rotation": 270, "texture": "#2"},
				"up": {"uv": [9, 4, 7, 5], "rotation": 180, "texture": "#2"},
				"down": {"uv": [7, 6, 5, 7], "texture": "#2"}
			}
		},
		{
			"from": [3.75, 0, 13.875],
			"to": [5.75, 1, 14.875],
			"rotation": {"angle": -22.5, "axis": "y", "origin": [4.75, 0.5, 12.375]},
			"faces": {
				"north": {"uv": [4, 4, 6, 5], "texture": "#2"},
				"east": {"uv": [6, 8, 7, 9], "texture": "#2"},
				"south": {"uv": [4, 5, 6, 6], "texture": "#2"},
				"west": {"uv": [4, 8, 5, 9], "texture": "#2"},
				"up": {"uv": [5, 8, 4, 6], "rotation": 270, "texture": "#2"},
				"down": {"uv": [7, 4, 6, 6], "rotation": 90, "texture": "#2"}
			}
		},
		{
			"from": [2.75, 0, 10.375],
			"to": [6.75, 1, 14.375],
			"rotation": {"angle": -22.5, "axis": "y", "origin": [4.75, 0.5, 12.375]},
			"faces": {
				"north": {"uv": [4, 1, 8, 2], "texture": "#2"},
				"east": {"uv": [4, 2, 8, 3], "texture": "#2"},
				"south": {"uv": [4, 3, 8, 4], "texture": "#2"},
				"west": {"uv": [4, 0, 8, 1], "texture": "#2"},
				"up": {"uv": [4, 4, 0, 0], "rotation": 270, "texture": "#2"},
				"down": {"uv": [4, 4, 0, 8], "rotation": 90, "texture": "#2"}
			}
		},
		{
			"from": [2.25, 0, 11.375],
			"to": [3.25, 1, 13.375],
			"rotation": {"angle": -22.5, "axis": "y", "origin": [4.75, 0.5, 12.375]},
			"faces": {
				"north": {"uv": [0, 9, 1, 10], "texture": "#2"},
				"east": {"uv": [8, 2, 10, 3], "texture": "#2"},
				"south": {"uv": [1, 9, 2, 10], "texture": "#2"},
				"west": {"uv": [2, 8, 4, 9], "texture": "#2"},
				"up": {"uv": [10, 4, 8, 3], "rotation": 270, "texture": "#2"},
				"down": {"uv": [10, 5, 8, 6], "rotation": 90, "texture": "#2"}
			}
		},
		{
			"from": [6.25, 0, 11.375],
			"to": [7.25, 1, 13.375],
			"rotation": {"angle": -22.5, "axis": "y", "origin": [4.75, 0.5, 12.375]},
			"faces": {
				"north": {"uv": [8, 7, 9, 8], "texture": "#2"},
				"east": {"uv": [0, 8, 2, 9], "texture": "#2"},
				"south": {"uv": [8, 8, 9, 9], "texture": "#2"},
				"west": {"uv": [6, 7, 8, 8], "texture": "#2"},
				"up": {"uv": [10, 1, 8, 0], "rotation": 270, "texture": "#2"},
				"down": {"uv": [10, 1, 8, 2], "rotation": 90, "texture": "#2"}
			}
		},
		{
			"from": [3.75, 0, 9.875],
			"to": [5.75, 1, 10.875],
			"rotation": {"angle": -22.5, "axis": "y", "origin": [4.75, 0.5, 12.375]},
			"faces": {
				"north": {"uv": [5, 6, 7, 7], "texture": "#2"},
				"east": {"uv": [7, 8, 8, 9], "texture": "#2"},
				"south": {"uv": [7, 4, 9, 5], "texture": "#2"},
				"west": {"uv": [8, 6, 9, 7], "texture": "#2"},
				"up": {"uv": [6, 9, 5, 7], "rotation": 270, "texture": "#2"},
				"down": {"uv": [8, 5, 7, 7], "rotation": 90, "texture": "#2"}
			}
		},
		{
			"from": [2.25, 3, 12.375],
			"to": [3.25, 4, 14.375],
			"rotation": {"angle": 45, "axis": "y", "origin": [4.75, 3.5, 13.375]},
			"faces": {
				"north": {"uv": [4, 8, 5, 9], "texture": "#2"},
				"east": {"uv": [4, 4, 6, 5], "texture": "#2"},
				"south": {"uv": [6, 8, 7, 9], "texture": "#2"},
				"west": {"uv": [4, 5, 6, 6], "texture": "#2"},
				"up": {"uv": [5, 8, 4, 6], "texture": "#2"},
				"down": {"uv": [7, 4, 6, 6], "texture": "#2"}
			}
		},
		{
			"from": [2.75, 3, 11.375],
			"to": [6.75, 4, 15.375],
			"rotation": {"angle": 45, "axis": "y", "origin": [4.75, 3.5, 13.375]},
			"faces": {
				"north": {"uv": [4, 0, 8, 1], "texture": "#2"},
				"east": {"uv": [4, 1, 8, 2], "texture": "#2"},
				"south": {"uv": [4, 2, 8, 3], "texture": "#2"},
				"west": {"uv": [4, 3, 8, 4], "texture": "#2"},
				"up": {"uv": [4, 4, 0, 0], "texture": "#2"},
				"down": {"uv": [4, 4, 0, 8], "texture": "#2"}
			}
		},
		{
			"from": [3.75, 3, 10.875],
			"to": [5.75, 4, 11.875],
			"rotation": {"angle": 45, "axis": "y", "origin": [4.75, 3.5, 13.375]},
			"faces": {
				"north": {"uv": [2, 8, 4, 9], "texture": "#2"},
				"east": {"uv": [0, 9, 1, 10], "texture": "#2"},
				"south": {"uv": [8, 2, 10, 3], "texture": "#2"},
				"west": {"uv": [1, 9, 2, 10], "texture": "#2"},
				"up": {"uv": [10, 4, 8, 3], "texture": "#2"},
				"down": {"uv": [10, 5, 8, 6], "texture": "#2"}
			}
		},
		{
			"from": [3.75, 3, 14.875],
			"to": [5.75, 4, 15.875],
			"rotation": {"angle": 45, "axis": "y", "origin": [4.75, 3.5, 13.375]},
			"faces": {
				"north": {"uv": [6, 7, 8, 8], "texture": "#2"},
				"east": {"uv": [8, 7, 9, 8], "texture": "#2"},
				"south": {"uv": [0, 8, 2, 9], "texture": "#2"},
				"west": {"uv": [8, 8, 9, 9], "texture": "#2"},
				"up": {"uv": [10, 1, 8, 0], "texture": "#2"},
				"down": {"uv": [10, 1, 8, 2], "texture": "#2"}
			}
		},
		{
			"from": [6.25, 3, 12.375],
			"to": [7.25, 4, 14.375],
			"rotation": {"angle": 45, "axis": "y", "origin": [4.75, 3.5, 13.375]},
			"faces": {
				"north": {"uv": [8, 6, 9, 7], "texture": "#2"},
				"east": {"uv": [5, 6, 7, 7], "texture": "#2"},
				"south": {"uv": [7, 8, 8, 9], "texture": "#2"},
				"west": {"uv": [7, 4, 9, 5], "texture": "#2"},
				"up": {"uv": [6, 9, 5, 7], "texture": "#2"},
				"down": {"uv": [8, 5, 7, 7], "texture": "#2"}
			}
		},
		{
			"from": [3.75, 1, 13.875],
			"to": [5.75, 2, 14.875],
			"rotation": {"angle": 22.5, "axis": "y", "origin": [4.75, 1.5, 12.375]},
			"faces": {
				"north": {"uv": [4, 4, 6, 5], "texture": "#2"},
				"east": {"uv": [6, 8, 7, 9], "texture": "#2"},
				"south": {"uv": [4, 5, 6, 6], "texture": "#2"},
				"west": {"uv": [4, 8, 5, 9], "texture": "#2"},
				"up": {"uv": [5, 8, 4, 6], "rotation": 270, "texture": "#2"},
				"down": {"uv": [7, 4, 6, 6], "rotation": 90, "texture": "#2"}
			}
		},
		{
			"from": [2.75, 1, 10.375],
			"to": [6.75, 2, 14.375],
			"rotation": {"angle": 22.5, "axis": "y", "origin": [4.75, 1.5, 12.375]},
			"faces": {
				"north": {"uv": [4, 1, 8, 2], "texture": "#2"},
				"east": {"uv": [4, 2, 8, 3], "texture": "#2"},
				"south": {"uv": [4, 3, 8, 4], "texture": "#2"},
				"west": {"uv": [4, 0, 8, 1], "texture": "#2"},
				"up": {"uv": [4, 4, 0, 0], "rotation": 270, "texture": "#2"},
				"down": {"uv": [4, 4, 0, 8], "rotation": 90, "texture": "#2"}
			}
		},
		{
			"from": [2.25, 1, 11.375],
			"to": [3.25, 2, 13.375],
			"rotation": {"angle": 22.5, "axis": "y", "origin": [4.75, 1.5, 12.375]},
			"faces": {
				"north": {"uv": [0, 9, 1, 10], "texture": "#2"},
				"east": {"uv": [8, 2, 10, 3], "texture": "#2"},
				"south": {"uv": [1, 9, 2, 10], "texture": "#2"},
				"west": {"uv": [2, 8, 4, 9], "texture": "#2"},
				"up": {"uv": [10, 4, 8, 3], "rotation": 270, "texture": "#2"},
				"down": {"uv": [10, 5, 8, 6], "rotation": 90, "texture": "#2"}
			}
		},
		{
			"from": [6.25, 1, 11.375],
			"to": [7.25, 2, 13.375],
			"rotation": {"angle": 22.5, "axis": "y", "origin": [4.75, 1.5, 12.375]},
			"faces": {
				"north": {"uv": [8, 7, 9, 8], "texture": "#2"},
				"east": {"uv": [0, 8, 2, 9], "texture": "#2"},
				"south": {"uv": [8, 8, 9, 9], "texture": "#2"},
				"west": {"uv": [6, 7, 8, 8], "texture": "#2"},
				"up": {"uv": [10, 1, 8, 0], "rotation": 270, "texture": "#2"},
				"down": {"uv": [10, 1, 8, 2], "rotation": 90, "texture": "#2"}
			}
		},
		{
			"from": [3.75, 1, 9.875],
			"to": [5.75, 2, 10.875],
			"rotation": {"angle": 22.5, "axis": "y", "origin": [4.75, 1.5, 12.375]},
			"faces": {
				"north": {"uv": [5, 6, 7, 7], "texture": "#2"},
				"east": {"uv": [7, 8, 8, 9], "texture": "#2"},
				"south": {"uv": [7, 4, 9, 5], "texture": "#2"},
				"west": {"uv": [8, 6, 9, 7], "texture": "#2"},
				"up": {"uv": [6, 9, 5, 7], "rotation": 270, "texture": "#2"},
				"down": {"uv": [8, 5, 7, 7], "rotation": 90, "texture": "#2"}
			}
		},
		{
			"from": [2.75, 2, 13.875],
			"to": [4.75, 3, 14.875],
			"rotation": {"angle": 45, "axis": "y", "origin": [3.75, 2.5, 12.375]},
			"faces": {
				"north": {"uv": [4, 4, 6, 5], "texture": "#2"},
				"east": {"uv": [6, 8, 7, 9], "texture": "#2"},
				"south": {"uv": [4, 5, 6, 6], "texture": "#2"},
				"west": {"uv": [4, 8, 5, 9], "texture": "#2"},
				"up": {"uv": [5, 8, 4, 6], "rotation": 270, "texture": "#2"},
				"down": {"uv": [7, 4, 6, 6], "rotation": 90, "texture": "#2"}
			}
		},
		{
			"from": [1.75, 2, 10.375],
			"to": [5.75, 3, 14.375],
			"rotation": {"angle": 45, "axis": "y", "origin": [3.75, 2.5, 12.375]},
			"faces": {
				"north": {"uv": [4, 1, 8, 2], "texture": "#2"},
				"east": {"uv": [4, 2, 8, 3], "texture": "#2"},
				"south": {"uv": [4, 3, 8, 4], "texture": "#2"},
				"west": {"uv": [4, 0, 8, 1], "texture": "#2"},
				"up": {"uv": [4, 4, 0, 0], "rotation": 270, "texture": "#2"},
				"down": {"uv": [4, 4, 0, 8], "rotation": 90, "texture": "#2"}
			}
		},
		{
			"from": [1.25, 2, 11.375],
			"to": [2.25, 3, 13.375],
			"rotation": {"angle": 45, "axis": "y", "origin": [3.75, 2.5, 12.375]},
			"faces": {
				"north": {"uv": [0, 9, 1, 10], "texture": "#2"},
				"east": {"uv": [8, 2, 10, 3], "texture": "#2"},
				"south": {"uv": [1, 9, 2, 10], "texture": "#2"},
				"west": {"uv": [2, 8, 4, 9], "texture": "#2"},
				"up": {"uv": [10, 4, 8, 3], "rotation": 270, "texture": "#2"},
				"down": {"uv": [10, 5, 8, 6], "rotation": 90, "texture": "#2"}
			}
		},
		{
			"from": [5.25, 2, 11.375],
			"to": [6.25, 3, 13.375],
			"rotation": {"angle": 45, "axis": "y", "origin": [3.75, 2.5, 12.375]},
			"faces": {
				"north": {"uv": [8, 7, 9, 8], "texture": "#2"},
				"east": {"uv": [0, 8, 2, 9], "texture": "#2"},
				"south": {"uv": [8, 8, 9, 9], "texture": "#2"},
				"west": {"uv": [6, 7, 8, 8], "texture": "#2"},
				"up": {"uv": [10, 1, 8, 0], "rotation": 270, "texture": "#2"},
				"down": {"uv": [10, 1, 8, 2], "rotation": 90, "texture": "#2"}
			}
		},
		{
			"from": [2.75, 2, 9.875],
			"to": [4.75, 3, 10.875],
			"rotation": {"angle": 45, "axis": "y", "origin": [3.75, 2.5, 12.375]},
			"faces": {
				"north": {"uv": [5, 6, 7, 7], "texture": "#2"},
				"east": {"uv": [7, 8, 8, 9], "texture": "#2"},
				"south": {"uv": [7, 4, 9, 5], "texture": "#2"},
				"west": {"uv": [8, 6, 9, 7], "texture": "#2"},
				"up": {"uv": [6, 9, 5, 7], "rotation": 270, "texture": "#2"},
				"down": {"uv": [8, 5, 7, 7], "rotation": 90, "texture": "#2"}
			}
		},
		{
			"from": [4.75, 4, 13.875],
			"to": [6.75, 5, 14.875],
			"rotation": {"angle": 0, "axis": "y", "origin": [5.75, 4.5, 12.375]},
			"faces": {
				"north": {"uv": [4, 4, 6, 5], "texture": "#2"},
				"east": {"uv": [6, 8, 7, 9], "texture": "#2"},
				"south": {"uv": [4, 5, 6, 6], "texture": "#2"},
				"west": {"uv": [4, 8, 5, 9], "texture": "#2"},
				"up": {"uv": [5, 8, 4, 6], "rotation": 270, "texture": "#2"},
				"down": {"uv": [7, 4, 6, 6], "rotation": 90, "texture": "#2"}
			}
		},
		{
			"from": [3.75, 4, 10.375],
			"to": [7.75, 5, 14.375],
			"rotation": {"angle": 0, "axis": "y", "origin": [5.75, 4.5, 12.375]},
			"faces": {
				"north": {"uv": [4, 1, 8, 2], "texture": "#2"},
				"east": {"uv": [4, 2, 8, 3], "texture": "#2"},
				"south": {"uv": [4, 3, 8, 4], "texture": "#2"},
				"west": {"uv": [4, 0, 8, 1], "texture": "#2"},
				"up": {"uv": [4, 4, 0, 0], "rotation": 270, "texture": "#2"},
				"down": {"uv": [4, 4, 0, 8], "rotation": 90, "texture": "#2"}
			}
		},
		{
			"from": [3.25, 4, 11.375],
			"to": [4.25, 5, 13.375],
			"rotation": {"angle": 0, "axis": "y", "origin": [5.75, 4.5, 12.375]},
			"faces": {
				"north": {"uv": [0, 9, 1, 10], "texture": "#2"},
				"east": {"uv": [8, 2, 10, 3], "texture": "#2"},
				"south": {"uv": [1, 9, 2, 10], "texture": "#2"},
				"west": {"uv": [2, 8, 4, 9], "texture": "#2"},
				"up": {"uv": [10, 4, 8, 3], "rotation": 270, "texture": "#2"},
				"down": {"uv": [10, 5, 8, 6], "rotation": 90, "texture": "#2"}
			}
		},
		{
			"from": [7.25, 4, 11.375],
			"to": [8.25, 5, 13.375],
			"rotation": {"angle": 0, "axis": "y", "origin": [5.75, 4.5, 12.375]},
			"faces": {
				"north": {"uv": [8, 7, 9, 8], "texture": "#2"},
				"east": {"uv": [0, 8, 2, 9], "texture": "#2"},
				"south": {"uv": [8, 8, 9, 9], "texture": "#2"},
				"west": {"uv": [6, 7, 8, 8], "texture": "#2"},
				"up": {"uv": [10, 1, 8, 0], "rotation": 270, "texture": "#2"},
				"down": {"uv": [10, 1, 8, 2], "rotation": 90, "texture": "#2"}
			}
		},
		{
			"from": [4.75, 4, 9.875],
			"to": [6.75, 5, 10.875],
			"rotation": {"angle": 0, "axis": "y", "origin": [5.75, 4.5, 12.375]},
			"faces": {
				"north": {"uv": [5, 6, 7, 7], "texture": "#2"},
				"east": {"uv": [7, 8, 8, 9], "texture": "#2"},
				"south": {"uv": [7, 4, 9, 5], "texture": "#2"},
				"west": {"uv": [8, 6, 9, 7], "texture": "#2"},
				"up": {"uv": [6, 9, 5, 7], "rotation": 270, "texture": "#2"},
				"down": {"uv": [8, 5, 7, 7], "rotation": 90, "texture": "#2"}
			}
		},
		{
			"from": [10.75, 1, 10.875],
			"to": [12.75, 2, 11.875],
			"rotation": {"angle": 0, "axis": "y", "origin": [11.75, 1.5, 9.375]},
			"faces": {
				"north": {"uv": [4, 4, 6, 5], "texture": "#2"},
				"east": {"uv": [6, 8, 7, 9], "texture": "#2"},
				"south": {"uv": [4, 5, 6, 6], "texture": "#2"},
				"west": {"uv": [4, 8, 5, 9], "texture": "#2"},
				"up": {"uv": [5, 8, 4, 6], "rotation": 270, "texture": "#2"},
				"down": {"uv": [7, 4, 6, 6], "rotation": 90, "texture": "#2"}
			}
		},
		{
			"from": [9.75, 1, 7.375],
			"to": [13.75, 2, 11.375],
			"rotation": {"angle": 0, "axis": "y", "origin": [11.75, 1.5, 9.375]},
			"faces": {
				"north": {"uv": [4, 1, 8, 2], "texture": "#2"},
				"east": {"uv": [4, 2, 8, 3], "texture": "#2"},
				"south": {"uv": [4, 3, 8, 4], "texture": "#2"},
				"west": {"uv": [4, 0, 8, 1], "texture": "#2"},
				"up": {"uv": [4, 4, 0, 0], "rotation": 270, "texture": "#2"},
				"down": {"uv": [4, 4, 0, 8], "rotation": 90, "texture": "#2"}
			}
		},
		{
			"from": [9.25, 1, 8.375],
			"to": [10.25, 2, 10.375],
			"rotation": {"angle": 0, "axis": "y", "origin": [11.75, 1.5, 9.375]},
			"faces": {
				"north": {"uv": [0, 9, 1, 10], "texture": "#2"},
				"east": {"uv": [8, 2, 10, 3], "texture": "#2"},
				"south": {"uv": [1, 9, 2, 10], "texture": "#2"},
				"west": {"uv": [2, 8, 4, 9], "texture": "#2"},
				"up": {"uv": [10, 4, 8, 3], "rotation": 270, "texture": "#2"},
				"down": {"uv": [10, 5, 8, 6], "rotation": 90, "texture": "#2"}
			}
		},
		{
			"from": [13.25, 1, 8.375],
			"to": [14.25, 2, 10.375],
			"rotation": {"angle": 0, "axis": "y", "origin": [11.75, 1.5, 9.375]},
			"faces": {
				"north": {"uv": [8, 7, 9, 8], "texture": "#2"},
				"east": {"uv": [0, 8, 2, 9], "texture": "#2"},
				"south": {"uv": [8, 8, 9, 9], "texture": "#2"},
				"west": {"uv": [6, 7, 8, 8], "texture": "#2"},
				"up": {"uv": [10, 1, 8, 0], "rotation": 270, "texture": "#2"},
				"down": {"uv": [10, 1, 8, 2], "rotation": 90, "texture": "#2"}
			}
		},
		{
			"from": [10.75, 1, 6.875],
			"to": [12.75, 2, 7.875],
			"rotation": {"angle": 0, "axis": "y", "origin": [11.75, 1.5, 9.375]},
			"faces": {
				"north": {"uv": [5, 6, 7, 7], "texture": "#2"},
				"east": {"uv": [7, 8, 8, 9], "texture": "#2"},
				"south": {"uv": [7, 4, 9, 5], "texture": "#2"},
				"west": {"uv": [8, 6, 9, 7], "texture": "#2"},
				"up": {"uv": [6, 9, 5, 7], "rotation": 270, "texture": "#2"},
				"down": {"uv": [8, 5, 7, 7], "rotation": 90, "texture": "#2"}
			}
		},
		{
			"from": [11.75, 2, 9.875],
			"to": [13.75, 3, 10.875],
			"rotation": {"angle": 22.5, "axis": "y", "origin": [12.75, 2.5, 8.375]},
			"faces": {
				"north": {"uv": [4, 4, 6, 5], "texture": "#2"},
				"east": {"uv": [6, 8, 7, 9], "texture": "#2"},
				"south": {"uv": [4, 5, 6, 6], "texture": "#2"},
				"west": {"uv": [4, 8, 5, 9], "texture": "#2"},
				"up": {"uv": [5, 8, 4, 6], "rotation": 270, "texture": "#2"},
				"down": {"uv": [7, 4, 6, 6], "rotation": 90, "texture": "#2"}
			}
		},
		{
			"from": [10.75, 2, 6.375],
			"to": [14.75, 3, 10.375],
			"rotation": {"angle": 22.5, "axis": "y", "origin": [12.75, 2.5, 8.375]},
			"faces": {
				"north": {"uv": [4, 1, 8, 2], "texture": "#2"},
				"east": {"uv": [4, 2, 8, 3], "texture": "#2"},
				"south": {"uv": [4, 3, 8, 4], "texture": "#2"},
				"west": {"uv": [4, 0, 8, 1], "texture": "#2"},
				"up": {"uv": [4, 4, 0, 0], "rotation": 270, "texture": "#2"},
				"down": {"uv": [4, 4, 0, 8], "rotation": 90, "texture": "#2"}
			}
		},
		{
			"from": [10.25, 2, 7.375],
			"to": [11.25, 3, 9.375],
			"rotation": {"angle": 22.5, "axis": "y", "origin": [12.75, 2.5, 8.375]},
			"faces": {
				"north": {"uv": [0, 9, 1, 10], "texture": "#2"},
				"east": {"uv": [8, 2, 10, 3], "texture": "#2"},
				"south": {"uv": [1, 9, 2, 10], "texture": "#2"},
				"west": {"uv": [2, 8, 4, 9], "texture": "#2"},
				"up": {"uv": [10, 4, 8, 3], "rotation": 270, "texture": "#2"},
				"down": {"uv": [10, 5, 8, 6], "rotation": 90, "texture": "#2"}
			}
		},
		{
			"from": [14.25, 2, 7.375],
			"to": [15.25, 3, 9.375],
			"rotation": {"angle": 22.5, "axis": "y", "origin": [12.75, 2.5, 8.375]},
			"faces": {
				"north": {"uv": [8, 7, 9, 8], "texture": "#2"},
				"east": {"uv": [0, 8, 2, 9], "texture": "#2"},
				"south": {"uv": [8, 8, 9, 9], "texture": "#2"},
				"west": {"uv": [6, 7, 8, 8], "texture": "#2"},
				"up": {"uv": [10, 1, 8, 0], "rotation": 270, "texture": "#2"},
				"down": {"uv": [10, 1, 8, 2], "rotation": 90, "texture": "#2"}
			}
		},
		{
			"from": [11.75, 2, 5.875],
			"to": [13.75, 3, 6.875],
			"rotation": {"angle": 22.5, "axis": "y", "origin": [12.75, 2.5, 8.375]},
			"faces": {
				"north": {"uv": [5, 6, 7, 7], "texture": "#2"},
				"east": {"uv": [7, 8, 8, 9], "texture": "#2"},
				"south": {"uv": [7, 4, 9, 5], "texture": "#2"},
				"west": {"uv": [8, 6, 9, 7], "texture": "#2"},
				"up": {"uv": [6, 9, 5, 7], "rotation": 270, "texture": "#2"},
				"down": {"uv": [8, 5, 7, 7], "rotation": 90, "texture": "#2"}
			}
		},
		{
			"from": [10.75, 0, 10.875],
			"to": [12.75, 1, 11.875],
			"rotation": {"angle": -45, "axis": "y", "origin": [11.75, 0.5, 9.375]},
			"faces": {
				"north": {"uv": [4, 4, 6, 5], "texture": "#2"},
				"east": {"uv": [6, 8, 7, 9], "texture": "#2"},
				"south": {"uv": [4, 5, 6, 6], "texture": "#2"},
				"west": {"uv": [4, 8, 5, 9], "texture": "#2"},
				"up": {"uv": [5, 8, 4, 6], "rotation": 270, "texture": "#2"},
				"down": {"uv": [7, 4, 6, 6], "rotation": 90, "texture": "#2"}
			}
		},
		{
			"from": [9.75, 0, 7.375],
			"to": [13.75, 1, 11.375],
			"rotation": {"angle": -45, "axis": "y", "origin": [11.75, 0.5, 9.375]},
			"faces": {
				"north": {"uv": [4, 1, 8, 2], "texture": "#2"},
				"east": {"uv": [4, 2, 8, 3], "texture": "#2"},
				"south": {"uv": [4, 3, 8, 4], "texture": "#2"},
				"west": {"uv": [4, 0, 8, 1], "texture": "#2"},
				"up": {"uv": [4, 4, 0, 0], "rotation": 270, "texture": "#2"},
				"down": {"uv": [4, 4, 0, 8], "rotation": 90, "texture": "#2"}
			}
		},
		{
			"from": [9.25, 0, 8.375],
			"to": [10.25, 1, 10.375],
			"rotation": {"angle": -45, "axis": "y", "origin": [11.75, 0.5, 9.375]},
			"faces": {
				"north": {"uv": [0, 9, 1, 10], "texture": "#2"},
				"east": {"uv": [8, 2, 10, 3], "texture": "#2"},
				"south": {"uv": [1, 9, 2, 10], "texture": "#2"},
				"west": {"uv": [2, 8, 4, 9], "texture": "#2"},
				"up": {"uv": [10, 4, 8, 3], "rotation": 270, "texture": "#2"},
				"down": {"uv": [10, 5, 8, 6], "rotation": 90, "texture": "#2"}
			}
		},
		{
			"from": [13.25, 0, 8.375],
			"to": [14.25, 1, 10.375],
			"rotation": {"angle": -45, "axis": "y", "origin": [11.75, 0.5, 9.375]},
			"faces": {
				"north": {"uv": [8, 7, 9, 8], "texture": "#2"},
				"east": {"uv": [0, 8, 2, 9], "texture": "#2"},
				"south": {"uv": [8, 8, 9, 9], "texture": "#2"},
				"west": {"uv": [6, 7, 8, 8], "texture": "#2"},
				"up": {"uv": [10, 1, 8, 0], "rotation": 270, "texture": "#2"},
				"down": {"uv": [10, 1, 8, 2], "rotation": 90, "texture": "#2"}
			}
		},
		{
			"from": [10.75, 0, 6.875],
			"to": [12.75, 1, 7.875],
			"rotation": {"angle": -45, "axis": "y", "origin": [11.75, 0.5, 9.375]},
			"faces": {
				"north": {"uv": [5, 6, 7, 7], "texture": "#2"},
				"east": {"uv": [7, 8, 8, 9], "texture": "#2"},
				"south": {"uv": [7, 4, 9, 5], "texture": "#2"},
				"west": {"uv": [8, 6, 9, 7], "texture": "#2"},
				"up": {"uv": [6, 9, 5, 7], "rotation": 270, "texture": "#2"},
				"down": {"uv": [8, 5, 7, 7], "rotation": 90, "texture": "#2"}
			}
		}
	],
	"display": {
		"thirdperson_righthand": {
			"translation": [0, 5.5, 1.75],
			"scale": [0.7, 0.7, 0.7]
		},
		"thirdperson_lefthand": {
			"translation": [0, 5.5, 1.75],
			"scale": [0.7, 0.7, 0.7]
		},
		"firstperson_righthand": {
			"rotation": [-14.29, 12.2, 7.66],
			"translation": [0, 7.5, 0],
			"scale": [0.8, 0.8, 0.8]
		},
		"firstperson_lefthand": {
			"rotation": [-14.29, 12.2, 7.66],
			"translation": [0, 7.5, 0],
			"scale": [0.8, 0.8, 0.8]
		},
		"ground": {
			"translation": [0, 4.5, 0]
		},
		"gui": {
			"rotation": [-144.5, -12.3, -173.18],
			"translation": [1, 5.5, 0],
			"scale": [1.15, 1.15, 1.15]
		},
		"head": {
			"translation": [0, 14.5, 0]
		},
		"fixed": {
			"rotation": [90, 0.29, -180],
			"translation": [0, 0, -11],
			"scale": [1.5, 1.5, 1.5]
		}
	},
	"groups": [
		{
			"name": "bone",
			"origin": [6.5, 0.5, 6.625],
			"color": 0,
			"children": [
				{
					"name": "gold_coin",
					"origin": [6.5, 0.5, 6.625],
					"color": 0,
					"children": [0, 1, 2, 3, 4]
				},
				{
					"name": "gold_coin",
					"origin": [6.5, 0.5, 6.625],
					"color": 0,
					"children": [5, 6, 7, 8, 9]
				},
				{
					"name": "gold_coin",
					"origin": [6.5, 0.5, 6.625],
					"color": 0,
					"children": [10, 11, 12, 13, 14, 15, 16, 17, 18, 19]
				},
				{
					"name": "gold_coin",
					"origin": [6.5, 0.5, 6.625],
					"color": 0,
					"children": [20, 21, 22, 23, 24]
				},
				{
					"name": "gold_coin",
					"origin": [6.5, 0.5, 6.625],
					"color": 0,
					"children": [25, 26, 27, 28, 29]
				},
				{
					"name": "gold_coin",
					"origin": [6.5, 0.5, 6.625],
					"color": 0,
					"children": []
				},
				{
					"name": "group",
					"origin": [6.5, 0.5, 6.625],
					"color": 0,
					"children": [
						{
							"name": "gold_coin",
							"origin": [6.5, 0.5, 6.625],
							"color": 0,
							"children": [30, 31, 32, 33, 34]
						},
						{
							"name": "gold_coin",
							"origin": [6.5, 0.5, 6.625],
							"color": 0,
							"children": [
								35,
								36,
								37,
								38,
								39,
								{
									"name": "gold_coin",
									"origin": [6.5, 0.5, 6.625],
									"color": 0,
									"children": [40, 41, 42, 43, 44]
								}
							]
						},
						{
							"name": "gold_coin",
							"origin": [6.5, 0.5, 6.625],
							"color": 0,
							"children": [45, 46, 47, 48, 49]
						},
						{
							"name": "gold_coin",
							"origin": [6.5, 0.5, 6.625],
							"color": 0,
							"children": [50, 51, 52, 53, 54]
						}
					]
				},
				{
					"name": "group",
					"origin": [6.5, 0.5, 6.625],
					"color": 0,
					"children": [
						{
							"name": "gold_coin",
							"origin": [6.5, 0.5, 6.625],
							"color": 0,
							"children": [55, 56, 57, 58, 59]
						},
						{
							"name": "gold_coin",
							"origin": [6.5, 0.5, 6.625],
							"color": 0,
							"children": [
								60,
								61,
								62,
								63,
								64,
								{
									"name": "gold_coin",
									"origin": [6.5, 0.5, 6.625],
									"color": 0,
									"children": [65, 66, 67, 68, 69]
								}
							]
						}
					]
				}
			]
		}
	]
}