{
	"credit": "Made with Blockbench",
	"textures": {
		"2": "minecraft:item/eco/gold_coin"
	},
	"elements": [
		{
			"from": [6, 0, 6],
			"to": [10, 1, 10],
			"rotation": {"angle": 0, "axis": "y", "origin": [6, 0, 6]},
			"faces": {
				"north": {"uv": [4, 0, 8, 1], "texture": "#2"},
				"east": {"uv": [4, 1, 8, 2], "texture": "#2"},
				"south": {"uv": [4, 2, 8, 3], "texture": "#2"},
				"west": {"uv": [4, 3, 8, 4], "texture": "#2"},
				"up": {"uv": [4, 4, 0, 0], "texture": "#2"},
				"down": {"uv": [4, 4, 0, 8], "texture": "#2"}
			}
		},
		{
			"from": [7, 0, 5.5],
			"to": [9, 1, 6.5],
			"rotation": {"angle": 0, "axis": "y", "origin": [7, 0, 4.5]},
			"faces": {
				"north": {"uv": [2, 8, 4, 9], "texture": "#2"},
				"east": {"uv": [0, 9, 1, 10], "texture": "#2"},
				"south": {"uv": [8, 2, 10, 3], "texture": "#2"},
				"west": {"uv": [1, 9, 2, 10], "texture": "#2"},
				"up": {"uv": [10, 4, 8, 3], "texture": "#2"},
				"down": {"uv": [10, 5, 8, 6], "texture": "#2"}
			}
		},
		{
			"from": [7, 0, 9.5],
			"to": [9, 1, 10.5],
			"rotation": {"angle": 0, "axis": "y", "origin": [7, 0, 8.5]},
			"faces": {
				"north": {"uv": [6, 7, 8, 8], "texture": "#2"},
				"east": {"uv": [8, 7, 9, 8], "texture": "#2"},
				"south": {"uv": [0, 8, 2, 9], "texture": "#2"},
				"west": {"uv": [8, 8, 9, 9], "texture": "#2"},
				"up": {"uv": [10, 1, 8, 0], "texture": "#2"},
				"down": {"uv": [10, 1, 8, 2], "texture": "#2"}
			}
		},
		{
			"from": [9.5, 0, 7],
			"to": [10.5, 1, 9],
			"rotation": {"angle": 0, "axis": "y", "origin": [8.5, 0, 9]},
			"faces": {
				"north": {"uv": [8, 6, 9, 7], "texture": "#2"},
				"east": {"uv": [5, 6, 7, 7], "texture": "#2"},
				"south": {"uv": [7, 8, 8, 9], "texture": "#2"},
				"west": {"uv": [7, 4, 9, 5], "texture": "#2"},
				"up": {"uv": [6, 9, 5, 7], "texture": "#2"},
				"down": {"uv": [8, 5, 7, 7], "texture": "#2"}
			}
		},
		{
			"from": [5.5, 0, 7],
			"to": [6.5, 1, 9],
			"rotation": {"angle": 0, "axis": "y", "origin": [4.5, 0, 9]},
			"faces": {
				"north": {"uv": [4, 8, 5, 9], "texture": "#2"},
				"east": {"uv": [4, 4, 6, 5], "texture": "#2"},
				"south": {"uv": [6, 8, 7, 9], "texture": "#2"},
				"west": {"uv": [4, 5, 6, 6], "texture": "#2"},
				"up": {"uv": [5, 8, 4, 6], "texture": "#2"},
				"down": {"uv": [7, 4, 6, 6], "texture": "#2"}
			}
		}
	],
	"display": {
		"thirdperson_righthand": {
			"rotation": [118.75, 0, 0],
			"translation": [0, -1.5, 6.75],
			"scale": [0.8, 0.8, 0.8]
		},
		"thirdperson_lefthand": {
			"rotation": [118.75, 0, 0],
			"translation": [0, -1.5, 6.75],
			"scale": [0.8, 0.8, 0.8]
		},
		"firstperson_righthand": {
			"rotation": [75.5, 0, 0],
			"translation": [0, 5.5, 9.5]
		},
		"firstperson_lefthand": {
			"rotation": [75.5, 0, 0],
			"translation": [0, 5.5, 9.5]
		},
		"ground": {
			"translation": [0, 4.5, 0]
		},
		"gui": {
			"rotation": [73.54, 10.13, -30.79],
			"translation": [6, 4, 0],
			"scale": [1.6, 1.6, 1.6]
		},
		"head": {
			"translation": [0, 14.5, 0]
		},
		"fixed": {
			"rotation": [90, 0.29, -180],
			"translation": [0, 0, -11],
			"scale": [1.5, 1.5, 1.5]
		}
	}
}