{"display":{"gui":{"rotation":[30.0,225.0,0.0]}},"elements":[{"from":[9.674166,7.565669,4.5897593],"to":[17.718367,8.012569,6.377359],"faces":{"east":{"uv":[5.9375,0.6875,5.8125,0.71875],"texture":"#0","tintindex":0},"south":{"uv":[6.6875,1.28125,6.125,1.3125],"texture":"#0","tintindex":0},"north":{"uv":[6.40625,2.375,5.84375,2.40625],"texture":"#0","tintindex":0},"west":{"uv":[5.875,1.5625,5.75,1.59375],"texture":"#0","tintindex":0},"up":{"uv":[4.78125,3.78125,5.34375,3.65625],"texture":"#0","tintindex":0},"down":{"uv":[4.78125,3.65625,5.34375,3.78125],"texture":"#0","tintindex":0}}},{"from":[5.8656745,7.554497,6.275724],"to":[11.228474,8.001397,8.063324],"rotation":{"origin":[8.323624,8.001397,7.392974],"axis":"y","angle":45.0},"faces":{"east":{"uv":[6.5,0.625,6.375,0.65625],"texture":"#0","tintindex":0},"south":{"uv":[6.5625,2.84375,6.1875,2.875],"texture":"#0","tintindex":0},"north":{"uv":[6.5625,1.0,6.1875,1.03125],"texture":"#0","tintindex":0},"west":{"uv":[6.46875,5.75,6.34375,5.78125],"texture":"#0","tintindex":0},"up":{"uv":[5.5625,3.46875,5.9375,3.34375],"texture":"#0","tintindex":0},"down":{"uv":[5.5625,3.34375,5.9375,3.46875],"texture":"#0","tintindex":0}}},{"from":[8.013141,7.990225,5.338574],"to":[17.39804,7.990225,30.364975],"faces":{"up":{"uv":[2.3125,3.53125,2.96875,1.78125],"texture":"#0","tintindex":0},"down":{"uv":[2.3125,1.78125,2.96875,3.53125],"texture":"#0","tintindex":0}}}],"textures":{"0":"modelengine:48c44609-d1fb-4d79-a880-18670eb87a33"}}