{"display":{"gui":{"rotation":[30.0,225.0,0.0]}},"elements":[{"from":[5.3185997,3.2588425,7.2172623],"to":[10.6814,8.621642,19.730463],"rotation":{"origin":[8.0,6.387142,13.026962],"axis":"x","angle":22.5},"faces":{"east":{"uv":[4.84375,0.75,5.28125,0.9375],"texture":"#0","tintindex":0},"south":{"uv":[4.5,3.84375,4.6875,4.03125],"texture":"#0","tintindex":0},"north":{"uv":[4.5,3.84375,4.6875,4.03125],"texture":"#0","tintindex":0},"west":{"uv":[4.84375,4.4375,5.28125,4.625],"texture":"#0","tintindex":0},"up":{"uv":[1.9375,5.3125,1.75,4.875],"texture":"#0","tintindex":0},"down":{"uv":[5.125,1.3125,4.9375,1.75],"texture":"#0","tintindex":0}}},{"from":[8.0,8.28146,9.821276],"to":[8.0,15.43186,21.440676],"rotation":{"origin":[8.0,10.51596,14.737177],"axis":"x","angle":22.5},"faces":{"east":{"uv":[4.71875,2.8125,5.125,3.0625],"texture":"#0","tintindex":0},"west":{"uv":[4.71875,4.15625,5.125,4.40625],"texture":"#0","tintindex":0}}}],"textures":{"0":"modelengine:c71a8a5a-ce36-49fe-9603-19fb8ddaf00a"}}