{"display":{"gui":{"rotation":[30.0,225.0,0.0]}},"elements":[{"from":[11.1283,7.477976,-7.4610386],"to":[11.1283,15.522175,3.2645612],"rotation":{"origin":[11.1283,10.606276,-2.09824],"axis":"x","angle":-45.0},"faces":{"east":{"uv":[3.375,4.6875,3.0,4.96875],"texture":"#0","tintindex":0},"west":{"uv":[3.0,4.6875,3.375,4.96875],"texture":"#0","tintindex":0}}},{"from":[3.0840998,-2.575348,-1.7458229],"to":[12.9159,9.937851,10.767378],"rotation":{"origin":[8.0,4.128151,4.0638785],"axis":"x","angle":-45.0},"faces":{"east":{"uv":[3.90625,0.9375,4.34375,1.375],"texture":"#0","tintindex":0},"south":{"uv":[4.0,4.0625,4.34375,4.5],"texture":"#0","tintindex":0},"north":{"uv":[4.0,4.0625,4.34375,4.5],"texture":"#0","tintindex":0},"west":{"uv":[4.0,3.15625,4.4375,3.59375],"texture":"#0","tintindex":0},"up":{"uv":[8.6875,6.65625,8.34375,6.21875],"texture":"#0","tintindex":0},"down":{"uv":[3.71875,4.65625,3.375,4.21875],"texture":"#0","tintindex":0}}},{"from":[4.8717003,7.477976,-7.4610386],"to":[4.8717003,15.522175,3.2645612],"rotation":{"origin":[4.8717003,10.606276,-2.09824],"axis":"x","angle":-45.0},"faces":{"east":{"uv":[3.375,4.6875,3.0,4.96875],"texture":"#0","tintindex":0},"west":{"uv":[3.0,4.6875,3.375,4.96875],"texture":"#0","tintindex":0}}}],"textures":{"0":"modelengine:4fd7d510-c763-4697-9c08-243851288130"}}