{"display":{"gui":{"rotation":[30.0,225.0,0.0]}},"elements":[{"from":[7.0,4.0,7.0],"to":[9.0,8.0,9.0],"faces":{"east":{"uv":[5.0,13.5,6.0,15.5],"texture":"#0","tintindex":0},"south":{"uv":[13.5,6.0,14.5,8.0],"texture":"#0","tintindex":0},"north":{"uv":[13.5,0.0,14.5,2.0],"texture":"#0","tintindex":0},"west":{"uv":[6.5,13.5,7.5,15.5],"texture":"#0","tintindex":0},"up":{"uv":[10.5,15.5,9.5,14.5],"texture":"#0","tintindex":0},"down":{"uv":[12.0,14.5,11.0,15.5],"texture":"#0","tintindex":0}}}],"textures":{"0":"modelengine:7c026f00-11dd-4fca-9777-fe7457d05b34"}}