{"display":{"gui":{"rotation":[30.0,225.0,0.0]}},"elements":[{"from":[4.9769883,-2.247489,5.6577644],"to":[11.202756,10.204047,11.883533],"rotation":{"origin":[7.311651,10.204047,5.268654],"axis":"x","angle":22.5},"faces":{"east":{"uv":[9.1875,9.125,8.9375,9.625],"texture":"#0","tintindex":0},"south":{"uv":[7.75,9.125,8.0,9.625],"texture":"#0","tintindex":0},"north":{"uv":[7.75,9.125,8.0,9.625],"texture":"#0","tintindex":0},"west":{"uv":[9.1875,9.125,8.9375,9.625],"texture":"#0","tintindex":0},"up":{"uv":[8.625,9.6875,8.375,9.4375],"texture":"#0","tintindex":0},"down":{"uv":[8.625,9.6875,8.375,9.4375],"texture":"#0","tintindex":0}}}],"textures":{"0":"modelengine:fe6e9ff5-333f-4876-8b72-8d61c8069494"}}