{"display":{"gui":{"rotation":[30.0,225.0,0.0]}},"elements":[{"from":[8.0,-9.929274,-3.791604],"to":[8.0,-2.7788734,1.5711956],"faces":{"east":{"uv":[6.28125,2.6875,6.1875,2.8125],"texture":"#0","tintindex":0},"west":{"uv":[6.1875,2.6875,6.28125,2.8125],"texture":"#0","tintindex":0}}},{"from":[11.575201,-9.929274,-3.791604],"to":[11.575201,-2.7788734,1.5711956],"faces":{"east":{"uv":[6.28125,2.6875,6.1875,2.8125],"texture":"#0","tintindex":0},"west":{"uv":[6.1875,2.6875,6.28125,2.8125],"texture":"#0","tintindex":0}}},{"from":[3.5310001,2.3938956,0.64195824],"to":[12.469,9.544295,9.579958],"rotation":{"origin":[8.0,5.969095,5.110958],"axis":"x","angle":-45.0},"faces":{"east":{"uv":[6.21875,0.0,6.0625,0.125],"texture":"#0","tintindex":0},"south":{"uv":[6.15625,6.03125,6.0,6.15625],"texture":"#0","tintindex":0},"north":{"uv":[6.1875,3.4375,6.03125,3.5625],"texture":"#0","tintindex":0},"west":{"uv":[6.1875,4.625,6.03125,4.75],"texture":"#0","tintindex":0},"up":{"uv":[4.875,5.25,5.03125,5.09375],"texture":"#0","tintindex":0},"down":{"uv":[5.9375,1.28125,6.09375,1.4375],"texture":"#0","tintindex":0}}},{"from":[4.4248,-9.929274,-3.791604],"to":[4.4248,-2.7788734,1.5711956],"faces":{"east":{"uv":[6.28125,2.6875,6.1875,2.8125],"texture":"#0","tintindex":0},"west":{"uv":[6.1875,2.6875,6.28125,2.8125],"texture":"#0","tintindex":0}}},{"from":[9.7876005,12.454408,-4.86765],"to":[13.362801,21.392408,-1.29245],"rotation":{"origin":[11.575201,2.6226077,-42.40725],"axis":"x","angle":22.5},"faces":{"east":{"uv":[6.34375,5.0,6.28125,5.15625],"texture":"#0","tintindex":0},"south":{"uv":[5.0,6.28125,4.9375,6.4375],"texture":"#0","tintindex":0},"north":{"uv":[4.90625,6.28125,4.84375,6.4375],"texture":"#0","tintindex":0},"west":{"uv":[6.28125,5.0,6.34375,5.15625],"texture":"#0","tintindex":0},"up":{"uv":[4.9375,2.15625,5.0,2.09375],"texture":"#0","tintindex":0},"down":{"uv":[3.8125,5.78125,3.875,5.84375],"texture":"#0","tintindex":0}}},{"from":[6.2124004,12.454408,-4.86765],"to":[9.7876005,21.392408,-1.29245],"rotation":{"origin":[11.575201,2.6226077,-42.40725],"axis":"x","angle":22.5},"faces":{"east":{"uv":[6.34375,5.0,6.28125,5.15625],"texture":"#0","tintindex":0},"south":{"uv":[5.0,6.28125,4.9375,6.4375],"texture":"#0","tintindex":0},"north":{"uv":[4.90625,6.28125,4.84375,6.4375],"texture":"#0","tintindex":0},"west":{"uv":[6.28125,5.0,6.34375,5.15625],"texture":"#0","tintindex":0},"up":{"uv":[4.9375,2.15625,5.0,2.09375],"texture":"#0","tintindex":0},"down":{"uv":[3.8125,5.78125,3.875,5.84375],"texture":"#0","tintindex":0}}},{"from":[2.6372004,12.454408,-4.86765],"to":[6.2124004,21.392408,-1.29245],"rotation":{"origin":[11.575201,2.6226077,-42.40725],"axis":"x","angle":22.5},"faces":{"east":{"uv":[6.34375,5.0,6.28125,5.15625],"texture":"#0","tintindex":0},"south":{"uv":[5.0,6.28125,4.9375,6.4375],"texture":"#0","tintindex":0},"north":{"uv":[4.90625,6.28125,4.84375,6.4375],"texture":"#0","tintindex":0},"west":{"uv":[6.28125,5.0,6.34375,5.15625],"texture":"#0","tintindex":0},"up":{"uv":[4.9375,2.15625,5.0,2.09375],"texture":"#0","tintindex":0},"down":{"uv":[3.8125,5.78125,3.875,5.84375],"texture":"#0","tintindex":0}}}],"textures":{"0":"modelengine:c71a8a5a-ce36-49fe-9603-19fb8ddaf00a"}}