{"display":{"gui":{"rotation":[30.0,225.0,0.0]}},"elements":[{"from":[14.225768,6.809187,-3.2067451],"to":[14.225768,20.817167,3.019024],"faces":{"east":{"uv":[7.0625,8.9375,6.8125,9.5],"texture":"#0","tintindex":0},"west":{"uv":[6.8125,8.9375,7.0625,9.5],"texture":"#0","tintindex":0}}},{"from":[8.0,4.5478992,13.981983],"to":[8.0,23.225203,26.43352],"faces":{"east":{"uv":[7.0,6.75,7.5,7.5],"texture":"#0","tintindex":0},"west":{"uv":[1.5,7.125,2.0,7.875],"texture":"#0","tintindex":0}}},{"from":[1.7742319,6.809187,-3.2067451],"to":[1.7742319,20.817167,3.019024],"faces":{"east":{"uv":[7.0625,8.9375,6.8125,9.5],"texture":"#0","tintindex":0},"west":{"uv":[6.8125,8.9375,7.0625,9.5],"texture":"#0","tintindex":0}}},{"from":[1.7742319,6.809187,3.019024],"to":[14.225768,20.817167,13.914118],"faces":{"east":{"uv":[3.875,6.5,4.3125,7.0625],"texture":"#0","tintindex":0},"south":{"uv":[7.75,4.125,8.25,4.6875],"texture":"#0","tintindex":0},"north":{"uv":[7.75,3.5,8.25,4.0625],"texture":"#0","tintindex":0},"west":{"uv":[7.8125,2.75,8.25,3.3125],"texture":"#0","tintindex":0},"up":{"uv":[8.6875,6.3125,8.1875,5.875],"texture":"#0","tintindex":0},"down":{"uv":[8.6875,6.375,8.1875,6.8125],"texture":"#0","tintindex":0}}}],"textures":{"0":"modelengine:b2c70013-8201-483b-be0b-0bfb82796ee7"}}