{"display":{"gui":{"rotation":[30.0,225.0,0.0]}},"elements":[{"from":[6.6,4.2000003,6.6],"to":[9.4,9.0,9.4],"faces":{"east":{"uv":[9.25,4.5,10.0,5.75],"texture":"#0","tintindex":0},"south":{"uv":[9.25,8.25,10.0,9.5],"texture":"#0","tintindex":0},"north":{"uv":[9.25,3.0,10.0,4.25],"texture":"#0","tintindex":0},"west":{"uv":[9.5,0.0,10.25,1.25],"texture":"#0","tintindex":0},"up":{"uv":[10.25,11.25,9.5,10.5],"texture":"#0","tintindex":0},"down":{"uv":[11.25,10.5,10.5,11.25],"texture":"#0","tintindex":0}}}],"textures":{"0":"modelengine:5ac9ebac-8ce8-4f2a-9d2a-9ac72cf3d3f1"}}