{"display":{"gui":{"rotation":[30.0,225.0,0.0]}},"elements":[{"from":[7.0,4.0,7.0],"to":[9.0,8.0,9.0],"faces":{"east":{"uv":[15.0,13.5,14.0,15.5],"texture":"#0","tintindex":0},"south":{"uv":[15.0,8.5,14.0,10.5],"texture":"#0","tintindex":0},"north":{"uv":[9.0,13.5,8.0,15.5],"texture":"#0","tintindex":0},"west":{"uv":[13.5,13.5,12.5,15.5],"texture":"#0","tintindex":0},"up":{"uv":[15.0,1.0,16.0,0.0],"texture":"#0","tintindex":0},"down":{"uv":[15.0,1.5,16.0,2.5],"texture":"#0","tintindex":0}}}],"textures":{"0":"modelengine:e078f12b-b066-41e5-a369-b4074c44396a"}}