{"display":{"gui":{"rotation":[30.0,225.0,0.0]}},"elements":[{"from":[4.6861725,-2.9562645,1.9594655],"to":[12.468383,9.495272,11.298118],"rotation":{"origin":[9.355499,10.662603,7.4070125],"axis":"x","angle":-45.0},"faces":{"east":{"uv":[2.4375,8.625,2.8125,9.125],"texture":"#0","tintindex":0},"south":{"uv":[1.0,8.75,1.3125,9.25],"texture":"#0","tintindex":0},"north":{"uv":[1.0,8.75,1.3125,9.25],"texture":"#0","tintindex":0},"west":{"uv":[2.4375,8.625,2.8125,9.125],"texture":"#0","tintindex":0},"up":{"uv":[3.6875,9.5625,3.375,9.1875],"texture":"#0","tintindex":0},"down":{"uv":[3.6875,9.5625,3.375,9.1875],"texture":"#0","tintindex":0}}}],"textures":{"0":"modelengine:b2c70013-8201-483b-be0b-0bfb82796ee7"}}