{"display":{"gui":{"rotation":[30.0,225.0,0.0]}},"elements":[{"from":[-8.9858055,-5.22208,4.5144167],"to":[-0.047804832,12.653919,4.5144167],"rotation":{"origin":[-2.7292051,3.7159195,4.5144167],"axis":"z","angle":-22.5},"faces":{"south":{"uv":[0.78125,5.5625,0.625,5.875],"texture":"#0","tintindex":0},"north":{"uv":[0.625,5.5625,0.78125,5.875],"texture":"#0","tintindex":0}}},{"from":[-0.72816944,-10.430103,0.93921566],"to":[9.99743,9.233498,15.240016],"rotation":{"origin":[5.52843,0.2954979,7.195816],"axis":"z","angle":-22.5},"faces":{"east":{"uv":[4.84375,0.375,5.09375,0.71875],"texture":"#0","tintindex":0},"south":{"uv":[4.875,5.28125,5.0625,5.625],"texture":"#0","tintindex":0},"north":{"uv":[4.875,5.28125,5.0625,5.625],"texture":"#0","tintindex":0},"west":{"uv":[4.84375,0.375,5.09375,0.71875],"texture":"#0","tintindex":0},"up":{"uv":[5.625,4.875,5.4375,4.625],"texture":"#0","tintindex":0},"down":{"uv":[5.625,4.875,5.4375,4.625],"texture":"#0","tintindex":0}}}],"textures":{"0":"modelengine:48c44609-d1fb-4d79-a880-18670eb87a33"}}