{"display":{"gui":{"rotation":[30.0,225.0,0.0]}},"elements":[{"from":[3.5316172,-2.9562645,1.9594655],"to":[11.3138275,9.495272,11.298118],"rotation":{"origin":[6.644501,10.662603,7.4070125],"axis":"x","angle":-45.0},"faces":{"east":{"uv":[4.4375,8.625,4.8125,9.125],"texture":"#0","tintindex":0},"south":{"uv":[1.9375,8.875,2.25,9.375],"texture":"#0","tintindex":0},"north":{"uv":[1.9375,8.875,2.25,9.375],"texture":"#0","tintindex":0},"west":{"uv":[4.4375,8.625,4.8125,9.125],"texture":"#0","tintindex":0},"up":{"uv":[5.0625,9.5625,4.75,9.1875],"texture":"#0","tintindex":0},"down":{"uv":[5.0625,9.5625,4.75,9.1875],"texture":"#0","tintindex":0}}}],"textures":{"0":"modelengine:b2c70013-8201-483b-be0b-0bfb82796ee7"}}