{"display":{"gui":{"rotation":[30.0,225.0,0.0]}},"elements":[{"from":[6.1,5.063519,7.624914],"to":[9.9,8.863518,14.424913],"faces":{"east":{"uv":[6.75,1.75,8.5,2.75],"texture":"#0","tintindex":0},"south":{"uv":[8.0,5.5,9.0,6.5],"texture":"#0","tintindex":0},"north":{"uv":[8.0,4.25,9.0,5.25],"texture":"#0","tintindex":0},"west":{"uv":[6.75,3.0,8.5,4.0],"texture":"#0","tintindex":0},"up":{"uv":[7.75,6.0,6.75,4.25],"texture":"#0","tintindex":0},"down":{"uv":[7.75,6.25,6.75,8.0],"texture":"#0","tintindex":0}}},{"from":[6.5,5.468747,12.826592],"to":[9.5,8.468747,16.826591],"faces":{"east":{"uv":[9.75,1.5,10.75,2.25],"texture":"#0","tintindex":0},"south":{"uv":[10.25,2.5,11.0,3.25],"texture":"#0","tintindex":0},"north":{"uv":[10.0,6.75,10.75,7.5],"texture":"#0","tintindex":0},"west":{"uv":[1.75,9.75,2.75,10.5],"texture":"#0","tintindex":0},"up":{"uv":[3.75,10.75,3.0,9.75],"texture":"#0","tintindex":0},"down":{"uv":[6.75,9.75,6.0,10.75],"texture":"#0","tintindex":0}}}],"textures":{"0":"modelengine:71e11656-24bd-48a6-b8ef-96076381b15e"}}