{"display":{"gui":{"rotation":[30.0,225.0,0.0]}},"elements":[{"from":[7.0,8.0,7.5],"to":[9.0,10.0,8.5],"faces":{"east":{"uv":[4.5,10.5,4.0,11.5],"texture":"#0","tintindex":0},"south":{"uv":[2.5,14.5,1.5,15.5],"texture":"#0","tintindex":0},"north":{"uv":[8.0,3.5,7.0,4.5],"texture":"#0","tintindex":0},"west":{"uv":[9.5,6.5,9.0,7.5],"texture":"#0","tintindex":0},"up":{"uv":[13.5,3.0,14.5,2.5],"texture":"#0","tintindex":0},"down":{"uv":[14.0,11.0,15.0,11.5],"texture":"#0","tintindex":0}}}],"textures":{"0":"modelengine:e078f12b-b066-41e5-a369-b4074c44396a"}}