{"display":{"gui":{"rotation":[30.0,225.0,0.0]}},"elements":[{"from":[4.887116,8.389111,-2.2141495],"to":[11.1128845,11.501995,-2.2141495],"faces":{"south":{"uv":[3.875,9.75,4.125,9.875],"texture":"#0","tintindex":0},"north":{"uv":[9.75,2.375,10.0,2.5],"texture":"#0","tintindex":0}}},{"from":[10.723774,8.389111,-2.2141495],"to":[10.723774,11.501995,7.124504],"faces":{"east":{"uv":[9.9375,5.3125,9.5625,5.4375],"texture":"#0","tintindex":0},"west":{"uv":[9.5625,5.3125,9.9375,5.4375],"texture":"#0","tintindex":0}}},{"from":[4.887116,5.276226,-2.60326],"to":[11.1128845,8.389111,8.291836],"faces":{"east":{"uv":[9.5,4.0,9.9375,4.125],"texture":"#0","tintindex":0},"south":{"uv":[2.1875,9.75,2.4375,9.875],"texture":"#0","tintindex":0},"north":{"uv":[1.375,9.75,1.625,9.875],"texture":"#0","tintindex":0},"west":{"uv":[9.5,4.1875,9.9375,4.3125],"texture":"#0","tintindex":0},"up":{"uv":[9.5,9.5625,9.25,9.125],"texture":"#0","tintindex":0},"down":{"uv":[9.5625,0.0,9.3125,0.4375],"texture":"#0","tintindex":0}}},{"from":[5.2762265,8.389111,-2.2141495],"to":[5.2762265,11.501995,7.124504],"faces":{"east":{"uv":[9.9375,5.3125,9.5625,5.4375],"texture":"#0","tintindex":0},"west":{"uv":[9.5625,5.3125,9.9375,5.4375],"texture":"#0","tintindex":0}}}],"textures":{"0":"modelengine:608f8bf9-7db1-4542-b8e0-b2cc41cd354a"}}