{"display":{"gui":{"rotation":[30.0,225.0,0.0]}},"elements":[{"from":[8.0,4.912819,-0.13091278],"to":[8.0,8.052298,3.0085669],"faces":{"east":{"uv":[8.6875,8.875,8.5,9.0625],"texture":"#0","tintindex":0},"west":{"uv":[8.4375,8.875,8.25,9.0625],"texture":"#0","tintindex":0}}},{"from":[14.517643,4.938981,-4.1991177],"to":[14.517643,8.078461,-1.059639],"rotation":{"origin":[-0.013795853,18.116804,-5.961692],"axis":"y","angle":-22.5},"faces":{"east":{"uv":[9.125,2.8125,8.9375,3.0],"texture":"#0","tintindex":0},"west":{"uv":[9.125,2.0,8.9375,2.1875],"texture":"#0","tintindex":0}}},{"from":[6.43026,4.912819,3.0085669],"to":[9.569739,8.052298,9.287525],"faces":{"east":{"uv":[7.0625,8.375,6.6875,8.5625],"texture":"#0","tintindex":0},"south":{"uv":[1.25,8.9375,1.0625,9.125],"texture":"#0","tintindex":0},"north":{"uv":[9.125,0.75,8.9375,0.9375],"texture":"#0","tintindex":0},"west":{"uv":[8.75,3.625,8.375,3.8125],"texture":"#0","tintindex":0},"up":{"uv":[3.875,8.75,4.0625,8.375],"texture":"#0","tintindex":0},"down":{"uv":[7.125,8.375,7.3125,8.75],"texture":"#0","tintindex":0}}},{"from":[12.947904,4.938981,-1.059639],"to":[16.087383,8.078461,5.2193193],"rotation":{"origin":[-0.013795853,18.116804,-5.961692],"axis":"y","angle":-22.5},"faces":{"east":{"uv":[2.625,8.4375,2.25,8.625],"texture":"#0","tintindex":0},"south":{"uv":[5.125,8.9375,4.9375,9.125],"texture":"#0","tintindex":0},"north":{"uv":[9.125,3.0625,8.9375,3.25],"texture":"#0","tintindex":0},"west":{"uv":[2.1875,8.4375,1.8125,8.625],"texture":"#0","tintindex":0},"up":{"uv":[7.375,8.75,7.5625,8.375],"texture":"#0","tintindex":0},"down":{"uv":[0.0,8.4375,0.1875,8.8125],"texture":"#0","tintindex":0}}},{"from":[-1.3074112,4.938981,5.0738554],"to":[1.832068,8.078461,11.352814],"rotation":{"origin":[-0.013795853,18.116804,-5.961692],"axis":"y","angle":22.5},"faces":{"east":{"uv":[8.75,3.375,8.375,3.5625],"texture":"#0","tintindex":0},"south":{"uv":[9.0625,7.0625,8.875,7.25],"texture":"#0","tintindex":0},"north":{"uv":[9.0625,4.4375,8.875,4.625],"texture":"#0","tintindex":0},"west":{"uv":[8.6875,0.5,8.3125,0.6875],"texture":"#0","tintindex":0},"up":{"uv":[1.25,8.6875,1.4375,8.3125],"texture":"#0","tintindex":0},"down":{"uv":[6.4375,8.3125,6.625,8.6875],"texture":"#0","tintindex":0}}},{"from":[0.26232862,4.938981,1.9343758],"to":[0.26232862,8.078461,5.0738554],"rotation":{"origin":[-0.013795853,18.116804,-5.961692],"axis":"y","angle":22.5},"faces":{"east":{"uv":[8.1875,8.875,8.0,9.0625],"texture":"#0","tintindex":0},"west":{"uv":[9.0625,7.3125,8.875,7.5],"texture":"#0","tintindex":0}}}],"textures":{"0":"modelengine:2c88150e-70f5-45f9-8bb1-0178529323d1"}}