{"display":{"gui":{"rotation":[30.0,225.0,0.0]}},"elements":[{"from":[3.6527176,-3.459879,6.071121],"to":[12.590716,10.840921,18.584322],"rotation":{"origin":[8.1217165,4.58432,11.433922],"axis":"x","angle":-45.0},"faces":{"east":{"uv":[3.09375,5.375,3.3125,5.625],"texture":"#0","tintindex":0},"south":{"uv":[5.6875,5.25,5.84375,5.5],"texture":"#0","tintindex":0},"north":{"uv":[5.6875,5.25,5.84375,5.5],"texture":"#0","tintindex":0},"west":{"uv":[3.09375,5.375,3.3125,5.625],"texture":"#0","tintindex":0},"up":{"uv":[5.78125,6.03125,5.625,5.8125],"texture":"#0","tintindex":0},"down":{"uv":[5.78125,6.03125,5.625,5.8125],"texture":"#0","tintindex":0}}}],"textures":{"0":"modelengine:48c44609-d1fb-4d79-a880-18670eb87a33"}}