{"display":{"gui":{"rotation":[30.0,225.0,0.0]}},"elements":[{"from":[4.5,5.0,4.7000003],"to":[4.5,8.0,6.7000003],"rotation":{"origin":[4.5,6.5,4.7000003],"axis":"y","angle":-45.0},"faces":{"east":{"uv":[1.0,14.5,0.0,16.0],"texture":"#0","tintindex":0},"west":{"uv":[0.0,14.5,1.0,16.0],"texture":"#0","tintindex":0}}},{"from":[6.0,5.0,1.7500005],"to":[10.0,7.0,3.7500005],"faces":{"east":{"uv":[4.0,14.5,3.0,15.5],"texture":"#0","tintindex":0},"north":{"uv":[12.5,12.0,14.5,13.0],"texture":"#0","tintindex":0},"west":{"uv":[3.0,14.5,4.0,15.5],"texture":"#0","tintindex":0},"up":{"uv":[2.0,14.0,0.0,13.0],"texture":"#0","tintindex":0},"down":{"uv":[4.5,13.0,2.5,14.0],"texture":"#0","tintindex":0}}},{"from":[4.5,5.0,3.7000003],"to":[11.5,11.0,7.7000003],"faces":{"east":{"uv":[13.0,0.0,11.0,3.0],"texture":"#0","tintindex":0},"south":{"uv":[7.0,0.0,10.5,3.0],"texture":"#0","tintindex":0},"north":{"uv":[5.0,5.0,8.5,8.0],"texture":"#0","tintindex":0},"west":{"uv":[11.0,0.0,13.0,3.0],"texture":"#0","tintindex":0},"up":{"uv":[13.5,11.5,10.0,9.5],"texture":"#0","tintindex":0},"down":{"uv":[3.5,10.5,0.0,12.5],"texture":"#0","tintindex":0}}},{"from":[11.5,5.0,4.7000003],"to":[11.5,8.0,6.7000003],"rotation":{"origin":[11.5,6.5,4.7000003],"axis":"y","angle":45.0},"faces":{"east":{"uv":[1.0,14.5,0.0,16.0],"texture":"#0","tintindex":0},"west":{"uv":[0.0,14.5,1.0,16.0],"texture":"#0","tintindex":0}}}],"textures":{"0":"modelengine:e078f12b-b066-41e5-a369-b4074c44396a"}}