{"display":{"gui":{"rotation":[30.0,225.0,0.0]}},"elements":[{"from":[3.5492325,-9.937853,-2.6078587],"to":[12.487233,11.513348,13.480541],"rotation":{"origin":[8.018233,-0.1060524,3.6487408],"axis":"x","angle":22.5},"faces":{"east":{"uv":[4.90625,1.78125,4.625,2.15625],"texture":"#0","tintindex":0},"south":{"uv":[3.875,5.1875,3.71875,5.5625],"texture":"#0","tintindex":0},"north":{"uv":[3.875,5.1875,3.71875,5.5625],"texture":"#0","tintindex":0},"west":{"uv":[4.90625,1.78125,4.625,2.15625],"texture":"#0","tintindex":0},"up":{"uv":[0.4375,5.875,0.59375,5.59375],"texture":"#0","tintindex":0},"down":{"uv":[0.4375,5.875,0.59375,5.59375],"texture":"#0","tintindex":0}}},{"from":[12.487233,-8.911726,1.1714516],"to":[21.425232,10.751873,1.1714516],"rotation":{"origin":[16.956234,0.92007446,1.1714516],"axis":"x","angle":22.5},"faces":{"south":{"uv":[4.59375,5.40625,4.75,5.75],"texture":"#0","tintindex":0},"north":{"uv":[4.75,5.40625,4.59375,5.75],"texture":"#0","tintindex":0}}}],"textures":{"0":"modelengine:c71a8a5a-ce36-49fe-9603-19fb8ddaf00a"}}