{"display":{"gui":{"rotation":[30.0,225.0,0.0]}},"elements":[{"from":[4.298031,15.044921,3.3483505],"to":[11.701969,18.184399,10.673801],"rotation":{"origin":[8.0,6.8650837,34.354774],"axis":"x","angle":-22.5},"faces":{"east":{"uv":[6.375,4.5625,6.8125,4.75],"texture":"#0","tintindex":0},"south":{"uv":[8.0625,5.8125,8.5,6.0],"texture":"#0","tintindex":0},"north":{"uv":[3.5625,1.9375,4.0,2.125],"texture":"#0","tintindex":0},"west":{"uv":[8.1875,5.25,8.625,5.4375],"texture":"#0","tintindex":0},"up":{"uv":[3.6875,7.5625,3.25,7.125],"texture":"#0","tintindex":0},"down":{"uv":[4.1875,7.125,3.75,7.5625],"texture":"#0","tintindex":0}}},{"from":[5.86777,5.308964,-3.2232628],"to":[5.86777,7.40195,4.102188],"faces":{"east":{"uv":[9.125,6.125,8.6875,6.25],"texture":"#0","tintindex":0},"west":{"uv":[8.6875,6.125,9.125,6.25],"texture":"#0","tintindex":0}}},{"from":[10.13223,5.308964,-3.2232628],"to":[10.13223,7.40195,4.102188],"faces":{"east":{"uv":[9.125,6.125,8.6875,6.25],"texture":"#0","tintindex":0},"west":{"uv":[8.6875,6.125,9.125,6.25],"texture":"#0","tintindex":0}}},{"from":[4.298031,18.184399,3.3483505],"to":[4.298031,21.32388,10.673801],"rotation":{"origin":[8.0,6.8650837,34.354774],"axis":"x","angle":-22.5},"faces":{"east":{"uv":[8.625,6.3125,8.1875,6.5],"texture":"#0","tintindex":0},"west":{"uv":[8.1875,6.3125,8.625,6.5],"texture":"#0","tintindex":0}}},{"from":[5.86777,3.2159777,-3.2232628],"to":[10.13223,5.308964,4.102188],"faces":{"east":{"uv":[6.75,4.0,7.1875,4.125],"texture":"#0","tintindex":0},"south":{"uv":[5.625,1.625,5.875,1.75],"texture":"#0","tintindex":0},"north":{"uv":[4.875,3.25,5.125,3.375],"texture":"#0","tintindex":0},"west":{"uv":[8.5,8.25,8.9375,8.375],"texture":"#0","tintindex":0},"up":{"uv":[4.5,8.5,4.25,8.0625],"texture":"#0","tintindex":0},"down":{"uv":[4.8125,8.125,4.5625,8.5625],"texture":"#0","tintindex":0}}},{"from":[11.701969,18.184399,3.3483505],"to":[11.701969,21.32388,10.673801],"rotation":{"origin":[8.0,6.8650837,34.354774],"axis":"x","angle":-22.5},"faces":{"east":{"uv":[8.625,6.3125,8.1875,6.5],"texture":"#0","tintindex":0},"west":{"uv":[8.1875,6.3125,8.625,6.5],"texture":"#0","tintindex":0}}}],"textures":{"0":"modelengine:2c88150e-70f5-45f9-8bb1-0178529323d1"}}