{"display":{"gui":{"rotation":[30.0,225.0,0.0]}},"elements":[{"from":[7.0,8.0,7.5],"to":[9.0,10.0,8.5],"faces":{"east":{"uv":[9.0,6.5,9.5,7.5],"texture":"#0","tintindex":0},"south":{"uv":[1.5,14.5,2.5,15.5],"texture":"#0","tintindex":0},"north":{"uv":[7.0,3.5,8.0,4.5],"texture":"#0","tintindex":0},"west":{"uv":[4.0,10.5,4.5,11.5],"texture":"#0","tintindex":0},"up":{"uv":[14.5,3.0,13.5,2.5],"texture":"#0","tintindex":0},"down":{"uv":[15.0,11.0,14.0,11.5],"texture":"#0","tintindex":0}}}],"textures":{"0":"modelengine:e51d1bc5-a6e2-42ee-a79b-926e382f2a6c"}}