{"display":{"gui":{"rotation":[30.0,225.0,0.0]}},"elements":[{"from":[3.3306742,2.9918442,-8.468266],"to":[12.669326,15.443378,2.4268265],"rotation":{"origin":[8.778221,19.491676,-1.8386078],"axis":"x","angle":-45.0},"faces":{"east":{"uv":[2.625,8.0625,3.0625,8.5625],"texture":"#0","tintindex":0},"south":{"uv":[8.5,0.625,8.875,1.125],"texture":"#0","tintindex":0},"north":{"uv":[3.625,8.0625,4.0,8.5625],"texture":"#0","tintindex":0},"west":{"uv":[3.125,8.0625,3.5625,8.5625],"texture":"#0","tintindex":0},"up":{"uv":[6.4375,9.0625,6.0625,8.625],"texture":"#0","tintindex":0},"down":{"uv":[0.375,8.75,0.0,9.1875],"texture":"#0","tintindex":0}}}],"textures":{"0":"modelengine:fe6e9ff5-333f-4876-8b72-8d61c8069494"}}