{"display":{"gui":{"rotation":[30.0,225.0,0.0]}},"elements":[{"from":[-1.3386517,-1.0673046,-6.367901],"to":[17.338652,14.497114,10.75296],"rotation":{"origin":[8.0,3.6020203,5.305414],"axis":"x","angle":-22.5},"faces":{"east":{"uv":[2.375,6.5,3.0625,7.125],"texture":"#0","tintindex":0},"south":{"uv":[6.1875,5.625,6.9375,6.25],"texture":"#0","tintindex":0},"north":{"uv":[6.1875,5.625,6.9375,6.25],"texture":"#0","tintindex":0},"west":{"uv":[3.125,6.5,3.8125,7.125],"texture":"#0","tintindex":0},"up":{"uv":[6.9375,3.3125,6.1875,2.625],"texture":"#0","tintindex":0},"down":{"uv":[6.9375,3.375,6.1875,4.0625],"texture":"#0","tintindex":0}}},{"from":[8.0,14.497114,-6.367901],"to":[8.0,31.617975,10.75296],"rotation":{"origin":[17.338652,3.6020203,5.305414],"axis":"x","angle":-22.5},"faces":{"east":{"uv":[6.1875,4.125,6.875,4.8125],"texture":"#0","tintindex":0},"west":{"uv":[6.1875,4.875,6.875,5.5625],"texture":"#0","tintindex":0}}}],"textures":{"0":"modelengine:fe6e9ff5-333f-4876-8b72-8d61c8069494"}}