{"display":{"gui":{"rotation":[30.0,225.0,0.0]}},"elements":[{"from":[4.205819,-4.2875223,1.0318861],"to":[13.14382,10.013277,11.757485],"rotation":{"origin":[8.674819,2.862877,5.500886],"axis":"x","angle":22.5},"faces":{"east":{"uv":[5.78125,0.46875,5.59375,0.71875],"texture":"#0","tintindex":0},"south":{"uv":[4.25,5.65625,4.09375,5.90625],"texture":"#0","tintindex":0},"north":{"uv":[4.25,5.65625,4.09375,5.90625],"texture":"#0","tintindex":0},"west":{"uv":[5.78125,0.46875,5.59375,0.71875],"texture":"#0","tintindex":0},"up":{"uv":[3.8125,6.0625,3.96875,5.875],"texture":"#0","tintindex":0},"down":{"uv":[3.8125,6.0625,3.96875,5.875],"texture":"#0","tintindex":0}}}],"textures":{"0":"modelengine:48c44609-d1fb-4d79-a880-18670eb87a33"}}