{"display":{"gui":{"rotation":[30.0,225.0,0.0]}},"elements":[{"from":[6.6,4.2000003,6.6],"to":[9.4,9.0,9.4],"faces":{"east":{"uv":[5.0,8.5,5.75,9.75],"texture":"#0","tintindex":0},"south":{"uv":[8.75,1.5,9.5,2.75],"texture":"#0","tintindex":0},"north":{"uv":[4.0,8.5,4.75,9.75],"texture":"#0","tintindex":0},"west":{"uv":[9.0,6.75,9.75,8.0],"texture":"#0","tintindex":0},"up":{"uv":[0.75,11.25,0.0,10.5],"texture":"#0","tintindex":0},"down":{"uv":[11.25,0.0,10.5,0.75],"texture":"#0","tintindex":0}}}],"textures":{"0":"modelengine:5ac9ebac-8ce8-4f2a-9d2a-9ac72cf3d3f1"}}