{"display":{"gui":{"rotation":[30.0,225.0,0.0]}},"elements":[{"from":[-6.673935,7.632506,6.825095],"to":[4.739972,8.177261,8.381537],"rotation":{"origin":[6.9381585,8.021617,14.989836],"axis":"y","angle":45.0},"faces":{"east":{"uv":[0.75,9.125,0.9375,9.1875],"texture":"#0","tintindex":0},"south":{"uv":[9.3125,0.5,10.6875,0.5625],"texture":"#0","tintindex":0},"north":{"uv":[8.5625,7.6875,9.9375,7.75],"texture":"#0","tintindex":0},"west":{"uv":[9.5,4.375,9.6875,4.4375],"texture":"#0","tintindex":0},"up":{"uv":[9.125,5.8125,7.75,5.625],"texture":"#0","tintindex":0},"down":{"uv":[9.125,5.625,7.75,5.8125],"texture":"#0","tintindex":0}}},{"from":[-9.6423855,8.16429,7.0469594],"to":[7.9972916,8.16429,30.912405],"faces":{"up":{"uv":[2.125,2.875,0.0,0.0],"texture":"#0","tintindex":0},"down":{"uv":[2.125,0.0,0.0,2.875],"texture":"#0","tintindex":0}}},{"from":[1.7827883,7.671417,8.287808],"to":[11.121441,8.190231,9.844251],"rotation":{"origin":[6.9381585,8.021617,14.989836],"axis":"y","angle":22.5},"faces":{"east":{"uv":[6.5625,8.0625,6.75,8.125],"texture":"#0","tintindex":0},"south":{"uv":[9.5,0.875,10.625,0.9375],"texture":"#0","tintindex":0},"north":{"uv":[9.5,0.75,10.625,0.8125],"texture":"#0","tintindex":0},"west":{"uv":[8.3125,4.625,8.5,4.6875],"texture":"#0","tintindex":0},"up":{"uv":[9.3125,7.3125,8.1875,7.125],"texture":"#0","tintindex":0},"down":{"uv":[9.3125,7.125,8.1875,7.3125],"texture":"#0","tintindex":0}}}],"textures":{"0":"modelengine:fe6e9ff5-333f-4876-8b72-8d61c8069494"}}