{"display":{"gui":{"rotation":[30.0,225.0,0.0]}},"elements":[{"from":[0.9960108,5.1053696,-7.0732365],"to":[15.003989,19.11335,10.0476265],"rotation":{"origin":[8.778221,12.10936,1.4871941],"axis":"x","angle":22.5},"faces":{"east":{"uv":[7.0,3.5,7.6875,4.0625],"texture":"#0","tintindex":0},"south":{"uv":[7.375,1.625,7.9375,2.1875],"texture":"#0","tintindex":0},"north":{"uv":[7.375,1.625,7.9375,2.1875],"texture":"#0","tintindex":0},"west":{"uv":[7.0,5.375,7.6875,5.9375],"texture":"#0","tintindex":0},"up":{"uv":[7.5625,6.6875,7.0,6.0],"texture":"#0","tintindex":0},"down":{"uv":[6.75,7.0,6.1875,7.6875],"texture":"#0","tintindex":0}}},{"from":[0.9960108,-1.1203976,-7.0732365],"to":[0.9960108,5.1053696,10.0476265],"rotation":{"origin":[8.778221,12.10936,1.4871941],"axis":"x","angle":22.5},"faces":{"east":{"uv":[8.875,8.625,8.1875,8.875],"texture":"#0","tintindex":0},"west":{"uv":[8.1875,8.625,8.875,8.875],"texture":"#0","tintindex":0}}},{"from":[15.003989,-1.1203976,-7.0732365],"to":[15.003989,5.1053696,10.0476265],"rotation":{"origin":[7.221779,12.10936,1.4871941],"axis":"x","angle":22.5},"faces":{"east":{"uv":[8.875,8.625,8.1875,8.875],"texture":"#0","tintindex":0},"west":{"uv":[8.1875,8.625,8.875,8.875],"texture":"#0","tintindex":0}}}],"textures":{"0":"modelengine:fe6e9ff5-333f-4876-8b72-8d61c8069494"}}