{"display":{"gui":{"rotation":[30.0,225.0,0.0]}},"elements":[{"from":[13.339254,2.8779626,-7.3466644],"to":[19.618212,9.15692,5.2112503],"rotation":{"origin":[25.301504,29.346085,35.04207],"axis":"y","angle":22.5},"faces":{"east":{"uv":[5.125,4.8125,5.5,5.0],"texture":"#0","tintindex":0},"south":{"uv":[5.9375,2.125,6.125,2.3125],"texture":"#0","tintindex":0},"north":{"uv":[5.25,2.375,5.4375,2.5625],"texture":"#0","tintindex":0},"west":{"uv":[8.25,1.5,8.625,1.6875],"texture":"#0","tintindex":0},"up":{"uv":[1.9375,2.875,1.75,2.5],"texture":"#0","tintindex":0},"down":{"uv":[2.0625,4.4375,1.875,4.8125],"texture":"#0","tintindex":0}}},{"from":[16.478733,2.8779626,-13.625622],"to":[16.478733,9.15692,-7.3466644],"rotation":{"origin":[25.301504,29.346085,35.04207],"axis":"y","angle":22.5},"faces":{"east":{"uv":[7.125,8.8125,7.3125,9.0],"texture":"#0","tintindex":0},"west":{"uv":[7.375,8.8125,7.5625,9.0],"texture":"#0","tintindex":0}}},{"from":[2.155264,2.8779626,-0.38362503],"to":[2.155264,9.15692,5.8953342],"rotation":{"origin":[25.301504,29.346085,35.04207],"axis":"y","angle":-22.5},"faces":{"east":{"uv":[2.6875,8.875,2.875,9.0625],"texture":"#0","tintindex":0},"west":{"uv":[2.9375,8.875,3.125,9.0625],"texture":"#0","tintindex":0}}},{"from":[4.8605213,2.8256378,-2.9828644],"to":[11.139479,9.104595,9.57505],"faces":{"east":{"uv":[5.0625,8.25,5.4375,8.4375],"texture":"#0","tintindex":0},"south":{"uv":[0.0,8.875,0.1875,9.0625],"texture":"#0","tintindex":0},"north":{"uv":[8.75,8.8125,8.9375,9.0],"texture":"#0","tintindex":0},"west":{"uv":[5.5,8.25,5.875,8.4375],"texture":"#0","tintindex":0},"up":{"uv":[1.75,8.625,1.5625,8.25],"texture":"#0","tintindex":0},"down":{"uv":[6.125,8.25,5.9375,8.625],"texture":"#0","tintindex":0}}},{"from":[-0.9842167,2.8779626,5.8953342],"to":[5.2947426,9.15692,18.45325],"rotation":{"origin":[25.301504,29.346085,35.04207],"axis":"y","angle":-22.5},"faces":{"east":{"uv":[8.3125,0.0,8.6875,0.1875],"texture":"#0","tintindex":0},"south":{"uv":[8.875,4.1875,9.0625,4.375],"texture":"#0","tintindex":0},"north":{"uv":[3.625,8.875,3.8125,9.0625],"texture":"#0","tintindex":0},"west":{"uv":[8.3125,0.25,8.6875,0.4375],"texture":"#0","tintindex":0},"up":{"uv":[0.9375,8.6875,0.75,8.3125],"texture":"#0","tintindex":0},"down":{"uv":[1.1875,8.3125,1.0,8.6875],"texture":"#0","tintindex":0}}},{"from":[8.0,2.8256378,-9.261822],"to":[8.0,9.104595,-2.9828644],"faces":{"east":{"uv":[8.875,2.3125,9.0625,2.5],"texture":"#0","tintindex":0},"west":{"uv":[8.875,2.5625,9.0625,2.75],"texture":"#0","tintindex":0}}}],"textures":{"0":"modelengine:2c88150e-70f5-45f9-8bb1-0178529323d1"}}