{"display":{"gui":{"rotation":[30.0,225.0,0.0]}},"elements":[{"from":[9.7876,12.007508,-4.4207487],"to":[13.3628,20.945509,-0.8455486],"rotation":{"origin":[4.424799,2.1757083,-41.96035],"axis":"x","angle":22.5},"faces":{"east":{"uv":[6.34375,5.0,6.28125,5.15625],"texture":"#0","tintindex":0},"south":{"uv":[4.9375,6.28125,5.0,6.4375],"texture":"#0","tintindex":0},"north":{"uv":[4.84375,6.28125,4.90625,6.4375],"texture":"#0","tintindex":0},"west":{"uv":[6.28125,5.0,6.34375,5.15625],"texture":"#0","tintindex":0},"up":{"uv":[5.0,2.15625,4.9375,2.09375],"texture":"#0","tintindex":0},"down":{"uv":[3.875,5.78125,3.8125,5.84375],"texture":"#0","tintindex":0}}},{"from":[8.0,-10.376173,-3.3447027],"to":[8.0,-3.2257729,2.018097],"faces":{"east":{"uv":[6.28125,2.6875,6.1875,2.8125],"texture":"#0","tintindex":0},"west":{"uv":[6.1875,2.6875,6.28125,2.8125],"texture":"#0","tintindex":0}}},{"from":[2.6371994,12.007508,-4.4207487],"to":[6.2123995,20.945509,-0.8455486],"rotation":{"origin":[4.424799,2.1757083,-41.96035],"axis":"x","angle":22.5},"faces":{"east":{"uv":[6.34375,5.0,6.28125,5.15625],"texture":"#0","tintindex":0},"south":{"uv":[4.9375,6.28125,5.0,6.4375],"texture":"#0","tintindex":0},"north":{"uv":[4.84375,6.28125,4.90625,6.4375],"texture":"#0","tintindex":0},"west":{"uv":[6.28125,5.0,6.34375,5.15625],"texture":"#0","tintindex":0},"up":{"uv":[5.0,2.15625,4.9375,2.09375],"texture":"#0","tintindex":0},"down":{"uv":[3.875,5.78125,3.8125,5.84375],"texture":"#0","tintindex":0}}},{"from":[11.5752,-10.376173,-3.3447027],"to":[11.5752,-3.2257729,2.018097],"faces":{"east":{"uv":[6.28125,2.6875,6.1875,2.8125],"texture":"#0","tintindex":0},"west":{"uv":[6.1875,2.6875,6.28125,2.8125],"texture":"#0","tintindex":0}}},{"from":[4.424799,-10.376173,-3.3447027],"to":[4.424799,-3.2257729,2.018097],"faces":{"east":{"uv":[6.28125,2.6875,6.1875,2.8125],"texture":"#0","tintindex":0},"west":{"uv":[6.1875,2.6875,6.28125,2.8125],"texture":"#0","tintindex":0}}},{"from":[3.5310001,1.9469962,1.0888596],"to":[12.469,9.097396,10.026859],"rotation":{"origin":[8.0,5.522196,5.5578594],"axis":"x","angle":-45.0},"faces":{"east":{"uv":[6.03125,4.625,6.1875,4.75],"texture":"#0","tintindex":0},"south":{"uv":[6.0,6.03125,6.15625,6.15625],"texture":"#0","tintindex":0},"north":{"uv":[6.03125,3.4375,6.1875,3.5625],"texture":"#0","tintindex":0},"west":{"uv":[6.0625,0.0,6.21875,0.125],"texture":"#0","tintindex":0},"up":{"uv":[5.03125,5.25,4.875,5.09375],"texture":"#0","tintindex":0},"down":{"uv":[6.09375,1.28125,5.9375,1.4375],"texture":"#0","tintindex":0}}},{"from":[6.2123995,12.007508,-4.4207487],"to":[9.7876,20.945509,-0.8455486],"rotation":{"origin":[4.424799,2.1757083,-41.96035],"axis":"x","angle":22.5},"faces":{"east":{"uv":[6.34375,5.0,6.28125,5.15625],"texture":"#0","tintindex":0},"south":{"uv":[4.9375,6.28125,5.0,6.4375],"texture":"#0","tintindex":0},"north":{"uv":[4.84375,6.28125,4.90625,6.4375],"texture":"#0","tintindex":0},"west":{"uv":[6.28125,5.0,6.34375,5.15625],"texture":"#0","tintindex":0},"up":{"uv":[5.0,2.15625,4.9375,2.09375],"texture":"#0","tintindex":0},"down":{"uv":[3.875,5.78125,3.8125,5.84375],"texture":"#0","tintindex":0}}}],"textures":{"0":"modelengine:48c44609-d1fb-4d79-a880-18670eb87a33"}}