{"display":{"gui":{"rotation":[30.0,225.0,0.0]}},"elements":[{"from":[6.6,4.1,6.6],"to":[9.4,8.9,9.4],"faces":{"east":{"uv":[0.0,8.25,0.75,9.5],"texture":"#0","tintindex":0},"south":{"uv":[1.0,8.25,1.75,9.5],"texture":"#0","tintindex":0},"north":{"uv":[8.0,6.75,8.75,8.0],"texture":"#0","tintindex":0},"west":{"uv":[2.0,8.25,2.75,9.5],"texture":"#0","tintindex":0},"up":{"uv":[11.0,4.25,10.25,3.5],"texture":"#0","tintindex":0},"down":{"uv":[11.0,4.5,10.25,5.25],"texture":"#0","tintindex":0}}}],"textures":{"0":"modelengine:9f1142b9-c56d-410f-b3fc-a71f9e1f637d"}}