{"display":{"gui":{"rotation":[30.0,225.0,0.0]}},"elements":[{"from":[3.5127668,-9.937853,-0.8202572],"to":[12.4507675,11.513348,15.268143],"rotation":{"origin":[7.9817667,-0.1060524,5.4363422],"axis":"x","angle":22.5},"faces":{"east":{"uv":[4.625,1.78125,4.90625,2.15625],"texture":"#0","tintindex":0},"south":{"uv":[3.71875,5.1875,3.875,5.5625],"texture":"#0","tintindex":0},"north":{"uv":[3.71875,5.1875,3.875,5.5625],"texture":"#0","tintindex":0},"west":{"uv":[4.625,1.78125,4.90625,2.15625],"texture":"#0","tintindex":0},"up":{"uv":[0.59375,5.875,0.4375,5.59375],"texture":"#0","tintindex":0},"down":{"uv":[0.59375,5.875,0.4375,5.59375],"texture":"#0","tintindex":0}}},{"from":[-5.425233,-8.911726,2.959053],"to":[3.5127668,10.751873,2.959053],"rotation":{"origin":[-0.956233,0.92007446,2.959053],"axis":"x","angle":22.5},"faces":{"south":{"uv":[4.75,5.40625,4.59375,5.75],"texture":"#0","tintindex":0},"north":{"uv":[4.59375,5.40625,4.75,5.75],"texture":"#0","tintindex":0}}}],"textures":{"0":"modelengine:c71a8a5a-ce36-49fe-9603-19fb8ddaf00a"}}