{"display":{"gui":{"rotation":[30.0,225.0,0.0]}},"elements":[{"from":[6.0,6.0,8.0],"to":[10.0,10.0,17.0],"faces":{"east":{"uv":[4.5,8.0,0.0,10.0],"texture":"#0","tintindex":0},"south":{"uv":[12.5,3.5,14.5,5.5],"texture":"#0","tintindex":0},"north":{"uv":[10.0,12.0,12.0,14.0],"texture":"#0","tintindex":0},"west":{"uv":[0.0,8.0,4.5,10.0],"texture":"#0","tintindex":0},"up":{"uv":[7.0,13.0,5.0,8.5],"texture":"#0","tintindex":0},"down":{"uv":[9.5,8.5,7.5,13.0],"texture":"#0","tintindex":0}}}],"textures":{"0":"modelengine:e51d1bc5-a6e2-42ee-a79b-926e382f2a6c"}}