{"display":{"gui":{"rotation":[30.0,225.0,0.0]}},"elements":[{"from":[3.687416,-5.580846,3.1824074],"to":[12.625415,8.719954,13.908009],"faces":{"east":{"uv":[5.59375,2.625,5.78125,2.875],"texture":"#0","tintindex":0},"south":{"uv":[5.0625,5.65625,5.21875,5.90625],"texture":"#0","tintindex":0},"north":{"uv":[5.0625,5.65625,5.21875,5.90625],"texture":"#0","tintindex":0},"west":{"uv":[5.59375,2.625,5.78125,2.875],"texture":"#0","tintindex":0},"up":{"uv":[6.03125,5.65625,5.875,5.46875],"texture":"#0","tintindex":0},"down":{"uv":[6.03125,5.65625,5.875,5.46875],"texture":"#0","tintindex":0}}}],"textures":{"0":"modelengine:4fd7d510-c763-4697-9c08-243851288130"}}