{"display":{"gui":{"rotation":[30.0,225.0,0.0]}},"elements":[{"from":[8.0,14.964782,-0.10440159],"to":[8.0,21.96877,9.234251],"rotation":{"origin":[10.334663,9.517235,1.8411508],"axis":"x","angle":22.5},"faces":{"east":{"uv":[7.0,2.25,7.75,2.8125],"texture":"#0","tintindex":0},"west":{"uv":[7.0,2.875,7.75,3.4375],"texture":"#0","tintindex":0}}},{"from":[4.1088953,7.9607925,-0.10440159],"to":[11.891105,14.964782,9.234251],"rotation":{"origin":[8.0,9.517235,1.8411508],"axis":"x","angle":22.5},"faces":{"east":{"uv":[6.9375,4.125,7.6875,4.6875],"texture":"#0","tintindex":0},"south":{"uv":[2.9375,7.1875,3.5625,7.75],"texture":"#0","tintindex":0},"north":{"uv":[2.9375,7.1875,3.5625,7.75],"texture":"#0","tintindex":0},"west":{"uv":[6.9375,4.75,7.6875,5.3125],"texture":"#0","tintindex":0},"up":{"uv":[7.125,0.75,6.5,0.0],"texture":"#0","tintindex":0},"down":{"uv":[7.125,0.8125,6.5,1.5625],"texture":"#0","tintindex":0}}}],"textures":{"0":"modelengine:b2c70013-8201-483b-be0b-0bfb82796ee7"}}