{"display":{"gui":{"rotation":[30.0,225.0,0.0]}},"elements":[{"from":[4.797244,-2.247489,5.6577644],"to":[11.023012,10.204047,11.883533],"rotation":{"origin":[8.688349,10.204047,5.268654],"axis":"x","angle":22.5},"faces":{"east":{"uv":[0.4375,9.125,0.6875,9.625],"texture":"#0","tintindex":0},"south":{"uv":[9.0,0.0,9.25,0.5],"texture":"#0","tintindex":0},"north":{"uv":[9.0,0.0,9.25,0.5],"texture":"#0","tintindex":0},"west":{"uv":[0.4375,9.125,0.6875,9.625],"texture":"#0","tintindex":0},"up":{"uv":[7.6875,9.5625,7.4375,9.3125],"texture":"#0","tintindex":0},"down":{"uv":[7.6875,9.5625,7.4375,9.3125],"texture":"#0","tintindex":0}}}],"textures":{"0":"modelengine:608f8bf9-7db1-4542-b8e0-b2cc41cd354a"}}