{"display":{"gui":{"rotation":[30.0,225.0,0.0]}},"elements":[{"from":[3.3745852,-5.1339464,2.2886086],"to":[12.312584,9.166853,13.01421],"faces":{"east":{"uv":[5.78125,2.625,5.59375,2.875],"texture":"#0","tintindex":0},"south":{"uv":[5.21875,5.65625,5.0625,5.90625],"texture":"#0","tintindex":0},"north":{"uv":[5.21875,5.65625,5.0625,5.90625],"texture":"#0","tintindex":0},"west":{"uv":[5.78125,2.625,5.59375,2.875],"texture":"#0","tintindex":0},"up":{"uv":[5.875,5.65625,6.03125,5.46875],"texture":"#0","tintindex":0},"down":{"uv":[5.875,5.65625,6.03125,5.46875],"texture":"#0","tintindex":0}}}],"textures":{"0":"modelengine:4fd7d510-c763-4697-9c08-243851288130"}}