{"display":{"gui":{"rotation":[30.0,225.0,0.0]}},"elements":[{"from":[2.8561802,-4.2875223,1.0318861],"to":[11.794181,10.013277,11.757485],"rotation":{"origin":[7.325181,2.862877,5.500886],"axis":"x","angle":22.5},"faces":{"east":{"uv":[5.59375,0.46875,5.78125,0.71875],"texture":"#0","tintindex":0},"south":{"uv":[4.09375,5.65625,4.25,5.90625],"texture":"#0","tintindex":0},"north":{"uv":[4.09375,5.65625,4.25,5.90625],"texture":"#0","tintindex":0},"west":{"uv":[5.59375,0.46875,5.78125,0.71875],"texture":"#0","tintindex":0},"up":{"uv":[3.96875,6.0625,3.8125,5.875],"texture":"#0","tintindex":0},"down":{"uv":[3.96875,6.0625,3.8125,5.875],"texture":"#0","tintindex":0}}}],"textures":{"0":"modelengine:48c44609-d1fb-4d79-a880-18670eb87a33"}}