{"display":{"gui":{"rotation":[30.0,225.0,0.0]}},"elements":[{"from":[5.3488855,-4.633952,4.913394],"to":[11.627844,6.87747,13.285337],"rotation":{"origin":[0.8841052,3.4716177,4.026515],"axis":"x","angle":-22.5},"faces":{"east":{"uv":[4.5,4.3125,4.0,5.0],"texture":"#0","tintindex":0},"south":{"uv":[4.0625,6.375,3.6875,7.0625],"texture":"#0","tintindex":0},"north":{"uv":[3.625,6.375,3.25,7.0625],"texture":"#0","tintindex":0},"west":{"uv":[4.8125,2.6875,4.3125,3.375],"texture":"#0","tintindex":0},"up":{"uv":[7.25,4.375,7.625,3.875],"texture":"#0","tintindex":0},"down":{"uv":[7.25,5.625,7.625,6.125],"texture":"#0","tintindex":0}}},{"from":[4.825639,-5.157198,4.390147],"to":[12.151091,7.400717,13.808584],"rotation":{"origin":[0.8841052,3.4716177,4.026515],"axis":"x","angle":-22.5},"faces":{"east":{"uv":[4.0,2.1875,3.4375,2.9375],"texture":"#0","tintindex":0},"south":{"uv":[1.0,4.8125,0.5625,5.5625],"texture":"#0","tintindex":0},"north":{"uv":[5.1875,3.4375,4.75,4.1875],"texture":"#0","tintindex":0},"west":{"uv":[1.3125,3.25,0.75,4.0],"texture":"#0","tintindex":0},"up":{"uv":[2.0,7.0625,2.4375,6.5],"texture":"#0","tintindex":0},"down":{"uv":[6.625,1.4375,7.0625,2.0],"texture":"#0","tintindex":0}}},{"from":[11.601681,-0.44797993,8.052873],"to":[11.601681,11.063442,21.657282],"rotation":{"origin":[0.8841052,3.4716177,4.026515],"axis":"x","angle":-22.5},"faces":{"east":{"uv":[1.6875,2.5,0.875,3.1875],"texture":"#0","tintindex":0},"west":{"uv":[0.8125,2.1875,0.0,2.875],"texture":"#0","tintindex":0}}}],"textures":{"0":"modelengine:5b41abe2-53f5-4d1c-b364-8dbbcf6c97f1"}}