{"display":{"gui":{"rotation":[30.0,225.0,0.0]}},"elements":[{"from":[7.576386,7.5653896,5.7675114],"to":[12.939186,8.01229,7.5551114],"rotation":{"origin":[10.257786,8.01229,6.8847613],"axis":"y","angle":22.5},"faces":{"east":{"uv":[5.15625,0.96875,5.03125,1.0],"texture":"#0","tintindex":0},"south":{"uv":[6.53125,3.25,6.15625,3.28125],"texture":"#0","tintindex":0},"north":{"uv":[3.96875,3.5,3.59375,3.53125],"texture":"#0","tintindex":0},"west":{"uv":[4.90625,1.3125,4.78125,1.34375],"texture":"#0","tintindex":0},"up":{"uv":[5.5,1.75,5.875,1.625],"texture":"#0","tintindex":0},"down":{"uv":[5.5,1.625,5.875,1.75],"texture":"#0","tintindex":0}}},{"from":[7.688549,8.001118,2.2115145],"to":[13.945148,8.001118,27.237915],"faces":{"up":{"uv":[0.0,5.3125,0.4375,3.5625],"texture":"#0","tintindex":0},"down":{"uv":[0.0,3.5625,0.4375,5.3125],"texture":"#0","tintindex":0}}}],"textures":{"0":"modelengine:4fd7d510-c763-4697-9c08-243851288130"}}