{"display":{"gui":{"rotation":[30.0,225.0,0.0]}},"elements":[{"from":[2.1457458,-6.0063486,-1.4947519],"to":[11.484398,9.558071,10.956784],"rotation":{"origin":[6.8150716,-0.55880165,4.731016],"axis":"x","angle":22.5},"faces":{"east":{"uv":[7.625,6.0,8.125,6.625],"texture":"#0","tintindex":0},"south":{"uv":[8.0625,0.625,8.4375,1.25],"texture":"#0","tintindex":0},"north":{"uv":[8.0625,0.625,8.4375,1.25],"texture":"#0","tintindex":0},"west":{"uv":[7.625,6.0,8.125,6.625],"texture":"#0","tintindex":0},"up":{"uv":[3.25,9.125,2.875,8.625],"texture":"#0","tintindex":0},"down":{"uv":[3.25,9.125,2.875,8.625],"texture":"#0","tintindex":0}}}],"textures":{"0":"modelengine:fe6e9ff5-333f-4876-8b72-8d61c8069494"}}