{"display":{"gui":{"rotation":[30.0,225.0,0.0]}},"elements":[{"from":[2.7675352,-15.600693,7.009716],"to":[13.232466,1.1431952,19.56763],"rotation":{"origin":[-9.301504,17.297722,30.671074],"axis":"x","angle":22.5},"faces":{"east":{"uv":[7.625,3.3125,7.25,3.8125],"texture":"#0","tintindex":0},"south":{"uv":[3.5625,7.625,3.25,8.125],"texture":"#0","tintindex":0},"north":{"uv":[0.75,7.625,0.4375,8.125],"texture":"#0","tintindex":0},"west":{"uv":[5.75,7.125,5.375,7.625],"texture":"#0","tintindex":0},"up":{"uv":[7.9375,0.375,8.25,0.0],"texture":"#0","tintindex":0},"down":{"uv":[7.3125,7.9375,7.625,8.3125],"texture":"#0","tintindex":0}}}],"textures":{"0":"modelengine:2c88150e-70f5-45f9-8bb1-0178529323d1"}}