{
	"credit": "Made with Blockbench",
	"texture_size": [32, 32],
	"textures": {
		"0": "gold_bar",
		"particle": "gold_bar"
	},
	"elements": [
		{
			"from": [5.999, 0.024, 3.999],
			"to": [10.001, 2.026, 12.001],
			"rotation": {"angle": 0, "axis": "y", "origin": [7, 0.025, 5]},
			"faces": {
				"north": {"uv": [5, 5, 7, 6], "texture": "#0"},
				"east": {"uv": [0, 4, 4, 5], "texture": "#0"},
				"south": {"uv": [5, 6, 7, 7], "texture": "#0"},
				"west": {"uv": [4, 0, 8, 1], "texture": "#0"},
				"up": {"uv": [2, 4, 0, 0], "texture": "#0"},
				"down": {"uv": [4, 0, 2, 4], "texture": "#0"}
			}
		}
	],
	"display": {
		"thirdperson_righthand": {
			"rotation": [59.75, 0, 0],
			"translation": [0, 5.25, 4.5],
			"scale": [0.8, 0.8, 0.8]
		},
		"thirdperson_lefthand": {
			"rotation": [59.75, 0, 0],
			"translation": [0, 5.25, 4.5],
			"scale": [0.8, 0.8, 0.8]
		},
		"firstperson_righthand": {
			"rotation": [62.75, 0, 0],
			"translation": [1.5, 6, 7.75],
			"scale": [1.2, 1, 1]
		},
		"firstperson_lefthand": {
			"rotation": [62.75, 0, 0],
			"translation": [1.5, 6, 7.75],
			"scale": [1.2, 1, 1]
		},
		"ground": {
			"translation": [0, 6, 0],
			"scale": [1.3, 1.3, 1.3]
		},
		"gui": {
			"rotation": [56.01, 19.95, -26.87],
			"translation": [4.5, 6.75, -11],
			"scale": [1.5, 1.5, 1.5]
		},
		"fixed": {
			"rotation": [90, 0, -180],
			"translation": [0, 0, -11],
			"scale": [1.5, 1.5, 1.5]
		}
	},
	"groups": [
		{
			"name": "gold_bar",
			"origin": [11.68925, 0.38492, 5],
			"color": 0,
			"children": [0]
		}
	]
}