{"display":{"head":{},"firstperson_righthand":{},"thirdperson_lefthand":{},"firstperson_lefthand":{},"fixed":{},"ground":{},"thirdperson_righthand":{},"gui":{"rotation":[-150.0,-45.0,180.0]}},"elements":[{"from":[15.854,7.460337,-8.90744],"to":[15.854,16.700338,3.1045575],"rotation":{"origin":[11.234,10.694339,-2.4394426],"axis":"x","angle":-45.0},"faces":{"east":{"uv":[7.125,2.03125,6.71875,2.34375],"texture":"#0","tintindex":0},"west":{"uv":[6.71875,2.03125,7.125,2.34375],"texture":"#0","tintindex":0}}},{"from":[-0.31599998,-5.242671,-4.3851166],"to":[16.316,10.46533,11.322884],"rotation":{"origin":[8.462,3.9973297,3.9308834],"axis":"x","angle":-45.0},"faces":{"east":{"uv":[5.1875,5.03125,5.71875,5.5625],"texture":"#0","tintindex":0},"south":{"uv":[4.78125,3.4375,5.34375,3.96875],"texture":"#0","tintindex":0},"north":{"uv":[2.8125,4.75,3.375,5.28125],"texture":"#0","tintindex":0},"west":{"uv":[3.9375,5.21875,4.46875,5.75],"texture":"#0","tintindex":0},"up":{"uv":[5.53125,2.1875,4.96875,1.65625],"texture":"#0","tintindex":0},"down":{"uv":[5.53125,2.21875,4.96875,2.75],"texture":"#0","tintindex":0}}},{"from":[0.14599991,-4.780672,-3.9231167],"to":[15.854,10.003329,10.860884],"rotation":{"origin":[8.0,3.9973297,3.9308834],"axis":"x","angle":-45.0},"faces":{"east":{"uv":[5.40625,3.96875,5.90625,4.46875],"texture":"#0","tintindex":0},"south":{"uv":[2.125,5.28125,2.65625,5.78125],"texture":"#0","tintindex":0},"north":{"uv":[2.125,5.28125,2.65625,5.78125],"texture":"#0","tintindex":0},"west":{"uv":[5.40625,4.5,5.90625,5.0],"texture":"#0","tintindex":0},"up":{"uv":[3.78125,5.8125,3.25,5.3125],"texture":"#0","tintindex":0},"down":{"uv":[3.78125,5.8125,3.25,5.3125],"texture":"#0","tintindex":0}}},{"from":[0.14599991,7.460337,-8.90744],"to":[0.14599991,16.700338,3.1045575],"rotation":{"origin":[4.766,10.694339,-2.4394426],"axis":"x","angle":-45.0},"faces":{"east":{"uv":[7.125,2.03125,6.71875,2.34375],"texture":"#0","tintindex":0},"west":{"uv":[6.71875,2.03125,7.125,2.34375],"texture":"#0","tintindex":0}}}],"textures":{"particle":"#0","0":"modelengine:75225cee-bf1c-4caf-9c20-0d5e8dc57e8d"}}