{"display":{"head":{},"firstperson_righthand":{},"thirdperson_lefthand":{},"firstperson_lefthand":{},"fixed":{},"ground":{},"thirdperson_righthand":{},"gui":{"rotation":[-150.0,-45.0,180.0]}},"elements":[{"from":[8.0,7.789833,0.24446726],"to":[8.0,19.95448,8.064596],"rotation":{"origin":[8.0,17.824013,6.151355],"axis":"x","angle":-22.5},"faces":{"east":{"uv":[2.5,4.0,4.75,7.5],"texture":"#2","tintindex":0},"west":{"uv":[4.75,4.0,2.5,7.5],"texture":"#2","tintindex":0}}},{"from":[8.021723,15.51359,0.8588743],"to":[8.021723,28.547138,8.679003],"rotation":{"origin":[8.0,17.824013,6.151355],"axis":"x","angle":22.5},"faces":{"east":{"uv":[2.5,0.0,4.75,3.75],"texture":"#2","tintindex":0},"west":{"uv":[4.75,0.0,2.5,3.75],"texture":"#2","tintindex":0}}},{"from":[7.9782777,15.51359,0.8588743],"to":[7.9782777,28.547138,8.679003],"rotation":{"origin":[8.0,17.824013,6.151355],"axis":"x","angle":22.5},"faces":{"east":{"uv":[2.5,0.0,4.75,3.75],"texture":"#2","tintindex":0},"west":{"uv":[4.75,0.0,2.5,3.75],"texture":"#2","tintindex":0}}}],"textures":{"particle":"#2","2":"modelengine:0b9d8571-b7d7-4cdf-96e2-451f3f60f548"}}