{"display":{"head":{},"firstperson_righthand":{},"thirdperson_lefthand":{},"firstperson_lefthand":{},"fixed":{},"ground":{},"thirdperson_righthand":{},"gui":{"rotation":[-150.0,-45.0,180.0]}},"elements":[{"from":[9.745912,10.636545,8.872025],"to":[13.441913,13.408545,15.340025],"rotation":{"origin":[11.131912,9.943543,7.9480233],"axis":"y","angle":45.0},"faces":{"east":{"uv":[8.28125,3.90625,8.5,4.0],"texture":"#0","tintindex":0},"south":{"uv":[8.40625,3.0625,8.53125,3.15625],"texture":"#0","tintindex":0},"north":{"uv":[8.40625,2.9375,8.53125,3.03125],"texture":"#0","tintindex":0},"west":{"uv":[4.0625,8.28125,4.28125,8.375],"texture":"#0","tintindex":0},"up":{"uv":[6.6875,8.4375,6.5625,8.21875],"texture":"#0","tintindex":0},"down":{"uv":[8.375,0.1875,8.25,0.40625],"texture":"#0","tintindex":0}}},{"from":[1.4299116,-2.7467756,-3.2824402],"to":[1.4299116,1.8732247,5.033559],"rotation":{"origin":[4.663912,4.861544,-3.5492249],"axis":"x","angle":-22.5},"faces":{"east":{"uv":[3.15625,8.0625,2.875,8.21875],"texture":"#0","tintindex":0},"west":{"uv":[2.875,8.0625,3.15625,8.21875],"texture":"#0","tintindex":0}}},{"from":[2.3539114,6.0312243,-2.8204403],"to":[11.593912,10.651225,4.571561],"rotation":{"origin":[5.587912,5.3235435,-4.0112257],"axis":"x","angle":-22.5},"faces":{"east":{"uv":[8.09375,0.6875,8.34375,0.84375],"texture":"#0","tintindex":0},"south":{"uv":[7.9375,5.09375,8.25,5.25],"texture":"#0","tintindex":0},"north":{"uv":[7.9375,4.90625,8.25,5.0625],"texture":"#0","tintindex":0},"west":{"uv":[8.09375,1.375,8.34375,1.53125],"texture":"#0","tintindex":0},"up":{"uv":[7.8125,2.59375,7.5,2.34375],"texture":"#0","tintindex":0},"down":{"uv":[3.71875,7.5,3.40625,7.75],"texture":"#0","tintindex":0}}},{"from":[0.043911457,-4.340391,1.0702868],"to":[0.043911457,4.8996086,13.082289],"rotation":{"origin":[0.043911457,-0.875391,6.1522875],"axis":"x","angle":-22.5},"faces":{"east":{"uv":[7.21875,1.0625,6.8125,1.375],"texture":"#0","tintindex":0},"west":{"uv":[6.8125,1.0625,7.21875,1.375],"texture":"#0","tintindex":0}}},{"from":[-0.41808796,3.282609,1.5322876],"to":[14.365912,14.370608,9.848287],"faces":{"east":{"uv":[7.15625,2.875,7.4375,3.25],"texture":"#0","tintindex":0},"south":{"uv":[6.0625,3.03125,6.5625,2.65625],"texture":"#0","tintindex":0},"north":{"uv":[6.0625,2.65625,6.5625,3.03125],"texture":"#0","tintindex":0},"west":{"uv":[4.46875,7.1875,4.75,7.5625],"texture":"#0","tintindex":0},"up":{"uv":[2.3125,6.9375,1.8125,6.65625],"texture":"#0","tintindex":0},"down":{"uv":[2.3125,6.9375,1.8125,6.65625],"texture":"#0","tintindex":0}}},{"from":[13.903912,-4.340391,1.0702868],"to":[13.903912,4.8996086,13.082289],"rotation":{"origin":[13.903912,-0.875391,6.1522875],"axis":"x","angle":-22.5},"faces":{"east":{"uv":[7.21875,1.0625,6.8125,1.375],"texture":"#0","tintindex":0},"west":{"uv":[6.8125,1.0625,7.21875,1.375],"texture":"#0","tintindex":0}}},{"from":[1.4299116,1.8732247,-3.328639],"to":[12.517912,6.493225,4.9873605],"rotation":{"origin":[4.663912,4.861544,-3.5492249],"axis":"x","angle":-22.5},"faces":{"east":{"uv":[5.0625,8.03125,5.34375,8.1875],"texture":"#0","tintindex":0},"south":{"uv":[7.71875,0.5,8.09375,0.65625],"texture":"#0","tintindex":0},"north":{"uv":[7.71875,0.5,8.09375,0.65625],"texture":"#0","tintindex":0},"west":{"uv":[8.0625,0.0,8.34375,0.15625],"texture":"#0","tintindex":0},"up":{"uv":[4.4375,7.375,4.0625,7.09375],"texture":"#0","tintindex":0},"down":{"uv":[4.4375,7.375,4.0625,7.09375],"texture":"#0","tintindex":0}}},{"from":[2.8159122,11.113226,-3.2824402],"to":[2.8159122,17.581226,5.033559],"rotation":{"origin":[5.1259117,4.861544,-3.5492249],"axis":"x","angle":-22.5},"faces":{"east":{"uv":[0.5625,7.75,0.28125,7.96875],"texture":"#0","tintindex":0},"west":{"uv":[0.28125,7.75,0.5625,7.96875],"texture":"#0","tintindex":0}}},{"from":[11.593912,3.475544,-14.689978],"to":[11.593912,6.2475433,-2.6779785],"faces":{"east":{"uv":[5.375,2.78125,4.96875,2.875],"texture":"#0","tintindex":0},"west":{"uv":[4.96875,2.78125,5.375,2.875],"texture":"#0","tintindex":0}}},{"from":[12.032812,6.2475433,-14.689978],"to":[12.032812,9.943543,-2.6779785],"faces":{"east":{"uv":[8.28125,5.78125,7.875,5.90625],"texture":"#0","tintindex":0},"west":{"uv":[7.875,5.78125,8.28125,5.90625],"texture":"#0","tintindex":0}}},{"from":[-1.9490213,19.876545,13.907591],"to":[-0.10102177,28.192543,15.75559],"rotation":{"origin":[-2.4110222,22.186544,10.67359],"axis":"x","angle":22.5},"faces":{"east":{"uv":[3.65625,8.28125,3.71875,8.5625],"texture":"#0","tintindex":0},"south":{"uv":[3.3125,8.3125,3.375,8.59375],"texture":"#0","tintindex":0},"north":{"uv":[5.78125,7.1875,5.84375,7.46875],"texture":"#0","tintindex":0},"west":{"uv":[4.71875,8.3125,4.78125,8.59375],"texture":"#0","tintindex":0},"up":{"uv":[2.0,6.625,1.9375,6.5625],"texture":"#0","tintindex":0},"down":{"uv":[4.53125,7.09375,4.46875,7.15625],"texture":"#0","tintindex":0}}},{"from":[2.3539114,10.867544,-14.689978],"to":[4.201912,12.715544,-11.91798],"faces":{"east":{"uv":[3.9375,5.125,4.03125,5.1875],"texture":"#0","tintindex":0},"south":{"uv":[8.46875,8.15625,8.53125,8.21875],"texture":"#0","tintindex":0},"north":{"uv":[8.46875,8.0625,8.53125,8.125],"texture":"#0","tintindex":0},"west":{"uv":[5.53125,1.09375,5.625,1.15625],"texture":"#0","tintindex":0},"up":{"uv":[1.03125,8.21875,0.96875,8.125],"texture":"#0","tintindex":0},"down":{"uv":[8.5,3.5625,8.4375,3.65625],"texture":"#0","tintindex":0}}},{"from":[-2.873022,11.954145,14.033087],"to":[-1.0250216,20.270145,15.881088],"rotation":{"origin":[-3.7970228,15.188147,13.802086],"axis":"x","angle":45.0},"faces":{"east":{"uv":[6.90625,8.3125,6.96875,8.59375],"texture":"#0","tintindex":0},"south":{"uv":[8.3125,8.25,8.375,8.53125],"texture":"#0","tintindex":0},"north":{"uv":[6.40625,8.3125,6.46875,8.59375],"texture":"#0","tintindex":0},"west":{"uv":[8.34375,3.40625,8.40625,3.6875],"texture":"#0","tintindex":0},"up":{"uv":[8.5625,0.40625,8.5,0.34375],"texture":"#0","tintindex":0},"down":{"uv":[8.5625,0.6875,8.5,0.75],"texture":"#0","tintindex":0}}},{"from":[13.903912,-0.875391,3.8422852],"to":[13.903912,10.21261,19.55029],"rotation":{"origin":[18.523912,8.82661,5.690287],"axis":"y","angle":22.5},"faces":{"east":{"uv":[3.75,5.84375,3.21875,6.21875],"texture":"#0","tintindex":0},"west":{"uv":[3.21875,5.84375,3.75,6.21875],"texture":"#0","tintindex":0}}},{"from":[1.8919115,2.5737596,-2.9724026],"to":[12.055912,6.26976,4.419596],"rotation":{"origin":[5.1259117,4.861544,-3.5492249],"axis":"x","angle":-22.5},"faces":{"east":{"uv":[3.40625,8.125,3.65625,8.25],"texture":"#0","tintindex":0},"south":{"uv":[8.0625,6.59375,8.40625,6.71875],"texture":"#0","tintindex":0},"north":{"uv":[8.0625,6.4375,8.40625,6.5625],"texture":"#0","tintindex":0},"west":{"uv":[4.0625,8.125,4.3125,8.25],"texture":"#0","tintindex":0},"up":{"uv":[5.90625,3.40625,5.5625,3.15625],"texture":"#0","tintindex":0},"down":{"uv":[7.59375,1.40625,7.25,1.65625],"texture":"#0","tintindex":0}}},{"from":[11.131912,11.113226,-3.2824402],"to":[11.131912,17.581226,5.033559],"rotation":{"origin":[8.821912,4.861544,-3.5492249],"axis":"x","angle":-22.5},"faces":{"east":{"uv":[0.5625,7.75,0.28125,7.96875],"texture":"#0","tintindex":0},"west":{"uv":[0.28125,7.75,0.5625,7.96875],"texture":"#0","tintindex":0}}},{"from":[0.5059118,10.636545,8.872025],"to":[4.201912,13.408545,15.340025],"rotation":{"origin":[2.8159122,9.943543,7.9480233],"axis":"y","angle":-45.0},"faces":{"east":{"uv":[6.9375,5.03125,7.15625,5.125],"texture":"#0","tintindex":0},"south":{"uv":[6.96875,2.875,7.09375,2.96875],"texture":"#0","tintindex":0},"north":{"uv":[6.4375,2.53125,6.5625,2.625],"texture":"#0","tintindex":0},"west":{"uv":[3.40625,8.28125,3.625,8.375],"texture":"#0","tintindex":0},"up":{"uv":[5.15625,8.4375,5.03125,8.21875],"texture":"#0","tintindex":0},"down":{"uv":[5.3125,8.21875,5.1875,8.4375],"texture":"#0","tintindex":0}}},{"from":[0.1879673,13.627274,3.328023],"to":[3.8839674,20.095274,7.0240226],"rotation":{"origin":[2.0359674,15.475276,3.328023],"axis":"x","angle":22.5},"faces":{"east":{"uv":[0.0,8.21875,0.125,8.4375],"texture":"#0","tintindex":0},"south":{"uv":[2.5,8.21875,2.625,8.4375],"texture":"#0","tintindex":0},"north":{"uv":[4.875,8.1875,5.0,8.40625],"texture":"#0","tintindex":0},"west":{"uv":[2.65625,8.21875,2.78125,8.4375],"texture":"#0","tintindex":0},"up":{"uv":[4.46875,6.21875,4.34375,6.09375],"texture":"#0","tintindex":0},"down":{"uv":[4.6875,6.65625,4.5625,6.78125],"texture":"#0","tintindex":0}}},{"from":[2.3539114,3.475544,-14.689978],"to":[2.3539114,6.2475433,-2.6779785],"faces":{"east":{"uv":[5.375,2.78125,4.96875,2.875],"texture":"#0","tintindex":0},"west":{"uv":[4.96875,2.78125,5.375,2.875],"texture":"#0","tintindex":0}}},{"from":[10.063856,13.627274,3.328023],"to":[13.759857,20.095274,7.0240226],"rotation":{"origin":[11.911857,15.475276,3.328023],"axis":"x","angle":22.5},"faces":{"east":{"uv":[5.75,8.21875,5.875,8.4375],"texture":"#0","tintindex":0},"south":{"uv":[5.90625,8.21875,6.03125,8.4375],"texture":"#0","tintindex":0},"north":{"uv":[5.59375,8.21875,5.71875,8.4375],"texture":"#0","tintindex":0},"west":{"uv":[6.0625,8.21875,6.1875,8.4375],"texture":"#0","tintindex":0},"up":{"uv":[0.90625,7.0625,0.78125,6.9375],"texture":"#0","tintindex":0},"down":{"uv":[8.46875,7.40625,8.34375,7.53125],"texture":"#0","tintindex":0}}},{"from":[0.043911457,3.7446084,1.994288],"to":[13.903912,13.90861,9.386287],"faces":{"east":{"uv":[0.90625,5.78125,1.15625,6.125],"texture":"#0","tintindex":0},"south":{"uv":[6.28125,0.0,6.75,0.34375],"texture":"#0","tintindex":0},"north":{"uv":[6.28125,0.0,6.75,0.34375],"texture":"#0","tintindex":0},"west":{"uv":[1.34375,6.1875,1.59375,6.53125],"texture":"#0","tintindex":0},"up":{"uv":[7.40625,5.0,6.9375,4.75],"texture":"#0","tintindex":0},"down":{"uv":[7.40625,5.0,6.9375,4.75],"texture":"#0","tintindex":0}}},{"from":[0.043911457,-0.875391,3.8422852],"to":[0.043911457,10.21261,19.55029],"rotation":{"origin":[-4.576088,8.82661,5.690287],"axis":"y","angle":-22.5},"faces":{"east":{"uv":[3.75,5.84375,3.21875,6.21875],"texture":"#0","tintindex":0},"west":{"uv":[3.21875,5.84375,3.75,6.21875],"texture":"#0","tintindex":0}}},{"from":[0.5059118,9.633804,-6.5830336],"to":[2.3539114,12.405806,2.6569672],"rotation":{"origin":[3.2779121,11.019805,-3.8110352],"axis":"x","angle":-22.5},"faces":{"east":{"uv":[6.09375,2.53125,6.40625,2.625],"texture":"#0","tintindex":0},"south":{"uv":[4.6875,7.59375,4.75,7.6875],"texture":"#0","tintindex":0},"north":{"uv":[1.1875,7.09375,1.25,7.1875],"texture":"#0","tintindex":0},"west":{"uv":[7.625,1.5625,7.9375,1.65625],"texture":"#0","tintindex":0},"up":{"uv":[3.46875,4.3125,3.40625,4.0],"texture":"#0","tintindex":0},"down":{"uv":[3.875,5.25,3.8125,5.5625],"texture":"#0","tintindex":0}}},{"from":[2.8159122,6.7095437,-14.227978],"to":[11.131912,10.405544,-3.1399794],"faces":{"east":{"uv":[4.65625,8.03125,5.03125,8.15625],"texture":"#0","tintindex":0},"south":{"uv":[8.09375,3.25,8.375,3.375],"texture":"#0","tintindex":0},"north":{"uv":[8.09375,3.25,8.375,3.375],"texture":"#0","tintindex":0},"west":{"uv":[8.03125,5.5625,8.40625,5.6875],"texture":"#0","tintindex":0},"up":{"uv":[7.46875,5.40625,7.1875,5.03125],"texture":"#0","tintindex":0},"down":{"uv":[7.46875,5.40625,7.1875,5.03125],"texture":"#0","tintindex":0}}},{"from":[1.8919115,5.5692253,-3.2824402],"to":[12.055912,11.113226,5.033559],"rotation":{"origin":[5.1259117,4.861544,-3.5492249],"axis":"x","angle":-22.5},"faces":{"east":{"uv":[2.875,7.84375,3.15625,8.03125],"texture":"#0","tintindex":0},"south":{"uv":[5.6875,1.4375,6.03125,1.625],"texture":"#0","tintindex":0},"north":{"uv":[5.6875,1.4375,6.03125,1.625],"texture":"#0","tintindex":0},"west":{"uv":[3.75,7.875,4.03125,8.0625],"texture":"#0","tintindex":0},"up":{"uv":[7.53125,6.34375,7.1875,6.0625],"texture":"#0","tintindex":0},"down":{"uv":[7.53125,6.34375,7.1875,6.0625],"texture":"#0","tintindex":0}}},{"from":[14.048845,19.876545,13.907591],"to":[15.896846,28.192543,15.75559],"rotation":{"origin":[16.358847,22.186544,10.67359],"axis":"x","angle":22.5},"faces":{"east":{"uv":[7.09375,8.34375,7.15625,8.625],"texture":"#0","tintindex":0},"south":{"uv":[7.1875,8.34375,7.25,8.625],"texture":"#0","tintindex":0},"north":{"uv":[7.0,8.34375,7.0625,8.625],"texture":"#0","tintindex":0},"west":{"uv":[7.28125,8.34375,7.34375,8.625],"texture":"#0","tintindex":0},"up":{"uv":[8.5625,0.84375,8.5,0.78125],"texture":"#0","tintindex":0},"down":{"uv":[8.5625,1.0625,8.5,1.125],"texture":"#0","tintindex":0}}},{"from":[14.972846,11.954145,14.033087],"to":[16.820847,20.270145,15.881088],"rotation":{"origin":[17.744846,15.188147,13.802086],"axis":"x","angle":45.0},"faces":{"east":{"uv":[7.75,8.34375,7.8125,8.625],"texture":"#0","tintindex":0},"south":{"uv":[7.84375,8.34375,7.90625,8.625],"texture":"#0","tintindex":0},"north":{"uv":[7.65625,8.34375,7.71875,8.625],"texture":"#0","tintindex":0},"west":{"uv":[7.9375,8.34375,8.0,8.625],"texture":"#0","tintindex":0},"up":{"uv":[8.5625,1.21875,8.5,1.15625],"texture":"#0","tintindex":0},"down":{"uv":[8.5625,1.25,8.5,1.3125],"texture":"#0","tintindex":0}}},{"from":[11.593912,9.633804,-6.5830336],"to":[13.441913,12.405806,2.6569672],"rotation":{"origin":[10.669912,11.019805,-3.8110352],"axis":"x","angle":-22.5},"faces":{"east":{"uv":[4.53125,8.1875,4.84375,8.28125],"texture":"#0","tintindex":0},"south":{"uv":[6.0625,8.46875,6.125,8.5625],"texture":"#0","tintindex":0},"north":{"uv":[8.46875,4.90625,8.53125,5.0],"texture":"#0","tintindex":0},"west":{"uv":[8.1875,5.34375,8.5,5.4375],"texture":"#0","tintindex":0},"up":{"uv":[6.4375,6.96875,6.375,6.65625],"texture":"#0","tintindex":0},"down":{"uv":[7.625,8.25,7.5625,8.5625],"texture":"#0","tintindex":0}}},{"from":[9.745912,17.104544,7.0240226],"to":[13.441913,19.876545,15.340025],"rotation":{"origin":[11.131912,16.411545,6.1000237],"axis":"y","angle":22.5},"faces":{"east":{"uv":[0.96875,8.25,1.25,8.34375],"texture":"#0","tintindex":0},"south":{"uv":[7.8125,2.9375,7.9375,3.03125],"texture":"#0","tintindex":0},"north":{"uv":[7.625,0.90625,7.75,1.0],"texture":"#0","tintindex":0},"west":{"uv":[2.8125,8.25,3.09375,8.34375],"texture":"#0","tintindex":0},"up":{"uv":[3.875,8.375,3.75,8.09375],"texture":"#0","tintindex":0},"down":{"uv":[4.03125,8.09375,3.90625,8.375],"texture":"#0","tintindex":0}}},{"from":[2.3539114,6.2475433,-14.689978],"to":[11.593912,10.867544,-2.6779785],"faces":{"east":{"uv":[7.65625,2.0625,8.0625,2.21875],"texture":"#0","tintindex":0},"south":{"uv":[4.0625,7.9375,4.375,8.09375],"texture":"#0","tintindex":0},"north":{"uv":[7.9375,3.90625,8.25,4.0625],"texture":"#0","tintindex":0},"west":{"uv":[7.65625,3.25,8.0625,3.40625],"texture":"#0","tintindex":0},"up":{"uv":[4.53125,7.0625,4.21875,6.65625],"texture":"#0","tintindex":0},"down":{"uv":[6.1875,6.65625,5.875,7.0625],"texture":"#0","tintindex":0}}},{"from":[12.517912,-2.7467756,-3.2824402],"to":[12.517912,1.8732247,5.033559],"rotation":{"origin":[9.283912,4.861544,-3.5492249],"axis":"x","angle":-22.5},"faces":{"east":{"uv":[3.15625,8.0625,2.875,8.21875],"texture":"#0","tintindex":0},"west":{"uv":[2.875,8.0625,3.15625,8.21875],"texture":"#0","tintindex":0}}},{"from":[0.5059118,17.104544,7.0240226],"to":[4.201912,19.876545,15.340025],"rotation":{"origin":[2.8159122,16.411545,6.1000237],"axis":"y","angle":-22.5},"faces":{"east":{"uv":[8.21875,6.84375,8.5,6.9375],"texture":"#0","tintindex":0},"south":{"uv":[5.40625,2.78125,5.53125,2.875],"texture":"#0","tintindex":0},"north":{"uv":[4.8125,1.65625,4.9375,1.75],"texture":"#0","tintindex":0},"west":{"uv":[8.21875,7.625,8.5,7.71875],"texture":"#0","tintindex":0},"up":{"uv":[4.46875,6.0625,4.34375,5.78125],"texture":"#0","tintindex":0},"down":{"uv":[2.46875,8.09375,2.34375,8.375],"texture":"#0","tintindex":0}}},{"from":[9.745912,10.867544,-14.689978],"to":[11.593912,12.715544,-11.91798],"faces":{"east":{"uv":[6.28125,0.375,6.375,0.4375],"texture":"#0","tintindex":0},"south":{"uv":[8.5,0.09375,8.5625,0.15625],"texture":"#0","tintindex":0},"north":{"uv":[8.5,0.0,8.5625,0.0625],"texture":"#0","tintindex":0},"west":{"uv":[1.8125,6.5625,1.90625,6.625],"texture":"#0","tintindex":0},"up":{"uv":[8.5,6.21875,8.4375,6.125],"texture":"#0","tintindex":0},"down":{"uv":[8.5,6.59375,8.4375,6.6875],"texture":"#0","tintindex":0}}}],"textures":{"particle":"#0","0":"modelengine:75225cee-bf1c-4caf-9c20-0d5e8dc57e8d"}}