{"display":{"head":{},"firstperson_righthand":{},"thirdperson_lefthand":{},"firstperson_lefthand":{},"fixed":{},"ground":{},"thirdperson_righthand":{},"gui":{"rotation":[-150.0,-45.0,180.0]}},"elements":[{"from":[0.37699986,3.2644997,-12.097],"to":[15.623,8.808498,7.306999],"faces":{"east":{"uv":[7.8125,1.21875,8.25,1.34375],"texture":"#0","tintindex":0},"south":{"uv":[8.0625,6.09375,8.40625,6.21875],"texture":"#0","tintindex":0},"north":{"uv":[8.0625,5.9375,8.40625,6.0625],"texture":"#0","tintindex":0},"west":{"uv":[7.8125,2.78125,8.25,2.90625],"texture":"#0","tintindex":0},"up":{"uv":[6.8125,6.53125,6.46875,6.09375],"texture":"#0","tintindex":0},"down":{"uv":[6.84375,3.0625,6.5,3.5],"texture":"#0","tintindex":0}}},{"from":[1.0699997,3.9883862,-11.433571],"to":[14.93,8.146387,6.5844345],"faces":{"east":{"uv":[5.9375,4.90625,6.34375,5.0],"texture":"#0","tintindex":0},"south":{"uv":[8.21875,1.6875,8.53125,1.78125],"texture":"#0","tintindex":0},"north":{"uv":[8.21875,1.5625,8.53125,1.65625],"texture":"#0","tintindex":0},"west":{"uv":[5.96875,0.96875,6.375,1.0625],"texture":"#0","tintindex":0},"up":{"uv":[5.84375,7.15625,5.53125,6.75],"texture":"#0","tintindex":0},"down":{"uv":[5.84375,7.15625,5.53125,6.75],"texture":"#0","tintindex":0}}},{"from":[0.37699986,-3.6655006,-12.097],"to":[0.37699986,3.2644997,7.306999],"faces":{"east":{"uv":[8.0625,1.375,7.625,1.53125],"texture":"#0","tintindex":0},"west":{"uv":[7.625,1.375,8.0625,1.53125],"texture":"#0","tintindex":0}}},{"from":[15.58835,8.808498,-12.097],"to":[15.58835,14.352499,5.9209976],"faces":{"east":{"uv":[8.28125,5.78125,7.875,5.90625],"texture":"#0","tintindex":0},"west":{"uv":[7.875,5.78125,8.28125,5.90625],"texture":"#0","tintindex":0}}},{"from":[15.623,-3.6655006,-12.097],"to":[15.623,3.2644997,7.306999],"faces":{"east":{"uv":[8.0625,1.375,7.625,1.53125],"texture":"#0","tintindex":0},"west":{"uv":[7.625,1.375,8.0625,1.53125],"texture":"#0","tintindex":0}}},{"from":[0.4116497,8.808498,-12.097],"to":[0.4116497,14.352499,5.9209976],"faces":{"east":{"uv":[8.28125,5.78125,7.875,5.90625],"texture":"#0","tintindex":0},"west":{"uv":[7.875,5.78125,8.28125,5.90625],"texture":"#0","tintindex":0}}}],"textures":{"particle":"#0","0":"modelengine:75225cee-bf1c-4caf-9c20-0d5e8dc57e8d"}}