{"display":{"head":{},"firstperson_righthand":{},"thirdperson_lefthand":{},"firstperson_lefthand":{},"fixed":{},"ground":{},"thirdperson_righthand":{},"gui":{"rotation":[-150.0,-45.0,180.0]}},"elements":[{"from":[6.691,-1.8999672,0.34005165],"to":[9.462999,5.030033,3.112053],"rotation":{"origin":[8.077,2.951033,1.7260532],"axis":"x","angle":22.5},"faces":{"east":{"uv":[0.3125,6.375,0.375,6.53125],"texture":"#0","tintindex":0},"south":{"uv":[6.71875,0.71875,6.78125,0.875],"texture":"#0","tintindex":0},"north":{"uv":[3.40625,4.34375,3.46875,4.5],"texture":"#0","tintindex":0},"west":{"uv":[3.40625,7.3125,3.46875,7.46875],"texture":"#0","tintindex":0},"up":{"uv":[4.125,5.1875,4.0625,5.125],"texture":"#0","tintindex":0},"down":{"uv":[0.375,6.5625,0.3125,6.625],"texture":"#0","tintindex":0}}},{"from":[10.849,-7.8204575,-1.2511444],"to":[10.849,-0.8904581,2.9068546],"faces":{"east":{"uv":[1.15625,7.40625,1.0625,7.5625],"texture":"#0","tintindex":0},"west":{"uv":[1.0625,7.40625,1.15625,7.5625],"texture":"#0","tintindex":0}}},{"from":[9.462999,-1.8999672,0.34005165],"to":[12.235,5.030033,3.112053],"rotation":{"origin":[10.849,2.951033,1.7260532],"axis":"x","angle":22.5},"faces":{"east":{"uv":[0.3125,6.375,0.375,6.53125],"texture":"#0","tintindex":0},"south":{"uv":[6.71875,0.71875,6.78125,0.875],"texture":"#0","tintindex":0},"north":{"uv":[3.40625,4.34375,3.46875,4.5],"texture":"#0","tintindex":0},"west":{"uv":[3.40625,7.3125,3.46875,7.46875],"texture":"#0","tintindex":0},"up":{"uv":[4.125,5.1875,4.0625,5.125],"texture":"#0","tintindex":0},"down":{"uv":[0.375,6.5625,0.3125,6.625],"texture":"#0","tintindex":0}}},{"from":[3.9190006,-1.8999672,0.34005165],"to":[6.691,5.030033,3.112053],"rotation":{"origin":[5.3050003,2.951033,1.7260532],"axis":"x","angle":22.5},"faces":{"east":{"uv":[0.3125,6.375,0.375,6.53125],"texture":"#0","tintindex":0},"south":{"uv":[6.71875,0.71875,6.78125,0.875],"texture":"#0","tintindex":0},"north":{"uv":[3.40625,4.34375,3.46875,4.5],"texture":"#0","tintindex":0},"west":{"uv":[3.40625,7.3125,3.46875,7.46875],"texture":"#0","tintindex":0},"up":{"uv":[4.125,5.1875,4.0625,5.125],"texture":"#0","tintindex":0},"down":{"uv":[0.375,6.5625,0.3125,6.625],"texture":"#0","tintindex":0}}},{"from":[3.9190006,3.120203,2.1863785],"to":[12.235,8.664203,9.116379],"rotation":{"origin":[7.384001,5.892203,5.6513786],"axis":"x","angle":-45.0},"faces":{"east":{"uv":[1.75,8.28125,1.90625,8.40625],"texture":"#0","tintindex":0},"south":{"uv":[8.28125,1.21875,8.46875,1.34375],"texture":"#0","tintindex":0},"north":{"uv":[6.71875,2.375,6.90625,2.5],"texture":"#0","tintindex":0},"west":{"uv":[8.28125,4.90625,8.4375,5.03125],"texture":"#0","tintindex":0},"up":{"uv":[8.3125,4.875,8.125,4.71875],"texture":"#0","tintindex":0},"down":{"uv":[8.3125,8.0625,8.125,8.21875],"texture":"#0","tintindex":0}}},{"from":[8.077,-7.8204575,-1.2511444],"to":[8.077,-0.8904581,2.9068546],"faces":{"east":{"uv":[1.15625,7.40625,1.0625,7.5625],"texture":"#0","tintindex":0},"west":{"uv":[1.0625,7.40625,1.15625,7.5625],"texture":"#0","tintindex":0}}},{"from":[5.3050003,-7.8204575,-1.2511444],"to":[5.3050003,-0.8904581,2.9068546],"faces":{"east":{"uv":[1.15625,7.40625,1.0625,7.5625],"texture":"#0","tintindex":0},"west":{"uv":[1.0625,7.40625,1.15625,7.5625],"texture":"#0","tintindex":0}}}],"textures":{"particle":"#0","0":"modelengine:1d801912-6599-4689-bc1b-7fc851310a0d"}}