{"display":{"head":{},"firstperson_righthand":{},"thirdperson_lefthand":{},"firstperson_lefthand":{},"fixed":{},"ground":{},"thirdperson_righthand":{},"gui":{"rotation":[-150.0,-45.0,180.0]}},"elements":[{"from":[-2.5971603,7.6151376,4.2584496],"to":[5.7188406,8.011137,5.84245],"faces":{"east":{"uv":[2.5625,6.96875,2.6875,7.0],"texture":"#0","tintindex":0},"south":{"uv":[8.25,0.4375,8.90625,0.46875],"texture":"#0","tintindex":0},"north":{"uv":[8.1875,5.46875,8.84375,5.5],"texture":"#0","tintindex":0},"west":{"uv":[2.71875,6.96875,2.84375,7.0],"texture":"#0","tintindex":0},"up":{"uv":[7.84375,6.5,7.1875,6.375],"texture":"#0","tintindex":0},"down":{"uv":[7.84375,6.375,7.1875,6.5],"texture":"#0","tintindex":0}}},{"from":[3.945561,7.6151376,6.5443907],"to":[9.885561,8.011137,8.12839],"rotation":{"origin":[7.707561,8.011137,7.5343904],"axis":"y","angle":-45.0},"faces":{"east":{"uv":[7.25,2.78125,7.375,2.8125],"texture":"#0","tintindex":0},"south":{"uv":[8.34375,7.5625,8.8125,7.59375],"texture":"#0","tintindex":0},"north":{"uv":[8.34375,4.84375,8.8125,4.875],"texture":"#0","tintindex":0},"west":{"uv":[7.40625,6.0,7.53125,6.03125],"texture":"#0","tintindex":0},"up":{"uv":[8.28125,1.03125,7.8125,0.90625],"texture":"#0","tintindex":0},"down":{"uv":[8.28125,0.90625,7.8125,1.03125],"texture":"#0","tintindex":0}}},{"from":[-2.709319,7.9913373,5.713978],"to":[7.982682,7.9913373,30.66198],"faces":{"up":{"uv":[3.46875,3.96875,2.625,2.0],"texture":"#0","tintindex":0},"down":{"uv":[3.46875,2.0,2.625,3.96875],"texture":"#0","tintindex":0}}}],"textures":{"particle":"#0","0":"modelengine:1d801912-6599-4689-bc1b-7fc851310a0d"}}