{"display":{"head":{},"firstperson_righthand":{},"thirdperson_lefthand":{},"firstperson_lefthand":{},"fixed":{},"ground":{},"thirdperson_righthand":{},"gui":{"rotation":[-150.0,-45.0,180.0]}},"elements":[{"from":[4.6293716,-3.6573172,6.5044613],"to":[14.331372,10.2026825,17.59246],"rotation":{"origin":[8.094373,5.3516827,10.66246],"axis":"x","angle":-45.0},"faces":{"east":{"uv":[0.0,7.46875,0.25,7.78125],"texture":"#0","tintindex":0},"south":{"uv":[1.0625,7.625,1.28125,7.9375],"texture":"#0","tintindex":0},"north":{"uv":[5.46875,7.59375,5.6875,7.90625],"texture":"#0","tintindex":0},"west":{"uv":[7.46875,0.0,7.71875,0.3125],"texture":"#0","tintindex":0},"up":{"uv":[8.03125,4.4375,7.8125,4.1875],"texture":"#0","tintindex":0},"down":{"uv":[8.03125,6.0,7.8125,6.25],"texture":"#0","tintindex":0}}},{"from":[3.9363728,-4.350318,5.8114605],"to":[15.024372,10.895683,18.28546],"rotation":{"origin":[8.094373,5.3516827,10.66246],"axis":"x","angle":-45.0},"faces":{"east":{"uv":[7.25,1.03125,7.53125,1.375],"texture":"#0","tintindex":0},"south":{"uv":[0.78125,7.40625,1.03125,7.75],"texture":"#0","tintindex":0},"north":{"uv":[6.9375,7.375,7.1875,7.71875],"texture":"#0","tintindex":0},"west":{"uv":[1.1875,7.25,1.46875,7.59375],"texture":"#0","tintindex":0},"up":{"uv":[6.625,7.78125,6.375,7.5],"texture":"#0","tintindex":0},"down":{"uv":[7.78125,6.53125,7.53125,6.8125],"texture":"#0","tintindex":0}}}],"textures":{"particle":"#0","0":"modelengine:1d801912-6599-4689-bc1b-7fc851310a0d"}}