{"display":{"head":{},"firstperson_righthand":{},"thirdperson_lefthand":{},"firstperson_lefthand":{},"fixed":{},"ground":{},"thirdperson_righthand":{},"gui":{"rotation":[-150.0,-45.0,180.0]}},"elements":[{"from":[-0.6395378,7.6535006,8.558599],"to":[0.74646187,8.0,19.646599],"rotation":{"origin":[0.22671127,8.008663,13.0631],"axis":"y","angle":-45.0},"faces":{"east":{"uv":[8.03125,5.71875,9.03125,5.75],"texture":"#0","tintindex":0},"south":{"uv":[7.1875,5.4375,7.3125,5.46875],"texture":"#0","tintindex":0},"north":{"uv":[4.0625,7.03125,4.1875,7.0625],"texture":"#0","tintindex":0},"west":{"uv":[8.0625,2.71875,9.0625,2.75],"texture":"#0","tintindex":0},"up":{"uv":[6.34375,7.65625,6.21875,6.65625],"texture":"#0","tintindex":0},"down":{"uv":[6.34375,6.65625,6.21875,7.65625],"texture":"#0","tintindex":0}}},{"from":[2.8721867,7.662163,8.129856],"to":[8.416187,8.008663,9.515856],"rotation":{"origin":[5.644186,8.008663,8.996106],"axis":"y","angle":22.5},"faces":{"east":{"uv":[6.59375,3.0,6.71875,3.03125],"texture":"#0","tintindex":0},"south":{"uv":[8.3125,7.15625,8.8125,7.1875],"texture":"#0","tintindex":0},"north":{"uv":[8.3125,7.09375,8.8125,7.125],"texture":"#0","tintindex":0},"west":{"uv":[6.65625,3.90625,6.78125,3.9375],"texture":"#0","tintindex":0},"up":{"uv":[2.71875,7.8125,2.21875,7.6875],"texture":"#0","tintindex":0},"down":{"uv":[2.71875,7.6875,2.21875,7.8125],"texture":"#0","tintindex":0}}},{"from":[-7.1514206,7.991338,7.7555084],"to":[8.094582,7.991338,29.585009],"faces":{"up":{"uv":[1.375,1.96875,0.0,0.0],"texture":"#0","tintindex":0},"down":{"uv":[1.375,0.0,0.0,1.96875],"texture":"#0","tintindex":0}}}],"textures":{"particle":"#0","0":"modelengine:1d801912-6599-4689-bc1b-7fc851310a0d"}}