{"textures":{"0":"modelengine:entity/celestial_thunderlord"},"elements":[{"from":[0.34234905,-2.406313,0.44868088],"to":[3.1143503,4.5236864,3.2206802],"faces":{"east":{"uv":[0.3125,6.375,0.375,6.53125],"tintindex":0,"rotation":0,"texture":"#0"},"south":{"uv":[6.71875,0.71875,6.78125,0.875],"tintindex":0,"rotation":0,"texture":"#0"},"north":{"uv":[3.40625,4.34375,3.46875,4.5],"tintindex":0,"rotation":0,"texture":"#0"},"west":{"uv":[3.40625,7.3125,3.46875,7.46875],"tintindex":0,"rotation":0,"texture":"#0"},"up":{"uv":[4.125,5.1875,4.0625,5.125],"tintindex":0,"rotation":0,"texture":"#0"},"down":{"uv":[0.375,6.5625,0.3125,6.625],"tintindex":0,"rotation":0,"texture":"#0"}},"rotation":{"origin":[1.7283487,2.4446864,1.8346806],"angle":22.5,"axis":"x"}},{"from":[1.7283487,-8.326805,-1.1425171],"to":[1.7283487,-1.3968048,3.0154839],"faces":{"east":{"uv":[1.15625,7.40625,1.0625,7.5625],"tintindex":0,"rotation":0,"texture":"#0"},"west":{"uv":[1.0625,7.40625,1.15625,7.5625],"tintindex":0,"rotation":0,"texture":"#0"}}},{"from":[0.34234905,2.6138563,2.2950077],"to":[8.65835,8.157856,9.225008],"faces":{"east":{"uv":[1.75,8.28125,1.90625,8.40625],"tintindex":0,"rotation":0,"texture":"#0"},"south":{"uv":[8.28125,1.21875,8.46875,1.34375],"tintindex":0,"rotation":0,"texture":"#0"},"north":{"uv":[6.71875,2.375,6.90625,2.5],"tintindex":0,"rotation":0,"texture":"#0"},"west":{"uv":[8.28125,4.90625,8.4375,5.03125],"tintindex":0,"rotation":0,"texture":"#0"},"up":{"uv":[8.3125,4.875,8.125,4.71875],"tintindex":0,"rotation":0,"texture":"#0"},"down":{"uv":[8.3125,8.0625,8.125,8.21875],"tintindex":0,"rotation":0,"texture":"#0"}},"rotation":{"origin":[3.8073492,5.385856,5.760008],"angle":-45.0,"axis":"x"}},{"from":[3.1143503,-2.406313,0.44868088],"to":[5.8863497,4.5236864,3.2206802],"faces":{"east":{"uv":[0.3125,6.375,0.375,6.53125],"tintindex":0,"rotation":0,"texture":"#0"},"south":{"uv":[6.71875,0.71875,6.78125,0.875],"tintindex":0,"rotation":0,"texture":"#0"},"north":{"uv":[3.40625,4.34375,3.46875,4.5],"tintindex":0,"rotation":0,"texture":"#0"},"west":{"uv":[3.40625,7.3125,3.46875,7.46875],"tintindex":0,"rotation":0,"texture":"#0"},"up":{"uv":[4.125,5.1875,4.0625,5.125],"tintindex":0,"rotation":0,"texture":"#0"},"down":{"uv":[0.375,6.5625,0.3125,6.625],"tintindex":0,"rotation":0,"texture":"#0"}},"rotation":{"origin":[4.50035,2.4446864,1.8346806],"angle":22.5,"axis":"x"}},{"from":[7.2723494,-8.326805,-1.1425171],"to":[7.2723494,-1.3968048,3.0154839],"faces":{"east":{"uv":[1.15625,7.40625,1.0625,7.5625],"tintindex":0,"rotation":0,"texture":"#0"},"west":{"uv":[1.0625,7.40625,1.15625,7.5625],"tintindex":0,"rotation":0,"texture":"#0"}}},{"from":[5.8863497,-2.406313,0.44868088],"to":[8.65835,4.5236864,3.2206802],"faces":{"east":{"uv":[0.3125,6.375,0.375,6.53125],"tintindex":0,"rotation":0,"texture":"#0"},"south":{"uv":[6.71875,0.71875,6.78125,0.875],"tintindex":0,"rotation":0,"texture":"#0"},"north":{"uv":[3.40625,4.34375,3.46875,4.5],"tintindex":0,"rotation":0,"texture":"#0"},"west":{"uv":[3.40625,7.3125,3.46875,7.46875],"tintindex":0,"rotation":0,"texture":"#0"},"up":{"uv":[4.125,5.1875,4.0625,5.125],"tintindex":0,"rotation":0,"texture":"#0"},"down":{"uv":[0.375,6.5625,0.3125,6.625],"tintindex":0,"rotation":0,"texture":"#0"}},"rotation":{"origin":[7.2723494,2.4446864,1.8346806],"angle":22.5,"axis":"x"}},{"from":[4.50035,-8.326805,-1.1425171],"to":[4.50035,-1.3968048,3.0154839],"faces":{"east":{"uv":[1.15625,7.40625,1.0625,7.5625],"tintindex":0,"rotation":0,"texture":"#0"},"west":{"uv":[1.0625,7.40625,1.15625,7.5625],"tintindex":0,"rotation":0,"texture":"#0"}}}],"display":{"gui":{"rotation":[30,225,0]}}}