{"display":{"head":{},"firstperson_righthand":{},"thirdperson_lefthand":{},"firstperson_lefthand":{},"fixed":{},"ground":{},"thirdperson_righthand":{},"gui":{"rotation":[-150.0,-45.0,180.0]}},"elements":[{"from":[1.3125477,-13.059582,0.52944183],"to":[17.94455,9.116419,17.161442],"faces":{"east":{"uv":[1.0625,7.96875,1.25,8.21875],"texture":"#0","tintindex":0},"south":{"uv":[5.90625,7.9375,6.09375,8.1875],"texture":"#0","tintindex":0},"north":{"uv":[5.90625,7.9375,6.09375,8.1875],"texture":"#0","tintindex":0},"west":{"uv":[1.0625,7.96875,1.25,8.21875],"texture":"#0","tintindex":0},"up":{"uv":[8.28125,2.46875,8.09375,2.28125],"texture":"#0","tintindex":0},"down":{"uv":[8.28125,2.46875,8.09375,2.28125],"texture":"#0","tintindex":0}}},{"from":[-0.07345009,-14.445581,-0.85655594],"to":[19.33055,10.5024185,18.547443],"faces":{"east":{"uv":[0.59375,7.78125,0.8125,8.0625],"texture":"#0","tintindex":0},"south":{"uv":[3.28125,7.78125,3.5,8.0625],"texture":"#0","tintindex":0},"north":{"uv":[6.90625,7.75,7.125,8.03125],"texture":"#0","tintindex":0},"west":{"uv":[7.6875,7.78125,7.90625,8.0625],"texture":"#0","tintindex":0},"up":{"uv":[4.625,8.15625,4.40625,7.9375],"texture":"#0","tintindex":0},"down":{"uv":[4.625,8.15625,4.40625,7.9375],"texture":"#0","tintindex":0}}}],"textures":{"particle":"#0","0":"modelengine:75225cee-bf1c-4caf-9c20-0d5e8dc57e8d"}}