{"display":{"head":{},"firstperson_righthand":{},"thirdperson_lefthand":{},"firstperson_lefthand":{},"fixed":{},"ground":{},"thirdperson_righthand":{},"gui":{"rotation":[-150.0,-45.0,180.0]}},"elements":[{"from":[20.221699,10.57151,-13.129763],"to":[20.221699,23.045513,6.2742386],"rotation":{"origin":[10.519697,2.9485111,-1.3487606],"axis":"x","angle":-22.5},"faces":{"east":{"uv":[1.71875,6.9375,1.28125,7.21875],"texture":"#0","tintindex":0},"west":{"uv":[1.28125,6.9375,1.71875,7.21875],"texture":"#0","tintindex":0}}},{"from":[0.817698,-4.674488,-13.129763],"to":[20.221699,10.57151,6.2742386],"rotation":{"origin":[10.519697,2.9485111,-1.3487606],"axis":"x","angle":-22.5},"faces":{"east":{"uv":[6.46875,5.71875,6.90625,6.0625],"texture":"#0","tintindex":0},"south":{"uv":[6.40625,4.40625,6.84375,4.75],"texture":"#0","tintindex":0},"north":{"uv":[6.40625,4.40625,6.84375,4.75],"texture":"#0","tintindex":0},"west":{"uv":[6.46875,5.71875,6.90625,6.0625],"texture":"#0","tintindex":0},"up":{"uv":[6.375,4.40625,5.9375,3.96875],"texture":"#0","tintindex":0},"down":{"uv":[6.375,4.40625,5.9375,3.96875],"texture":"#0","tintindex":0}}},{"from":[0.817698,10.57151,-13.129763],"to":[0.817698,23.045513,6.2742386],"rotation":{"origin":[10.519697,2.9485111,-1.3487606],"axis":"x","angle":-22.5},"faces":{"east":{"uv":[1.71875,6.9375,1.28125,7.21875],"texture":"#0","tintindex":0},"west":{"uv":[1.28125,6.9375,1.71875,7.21875],"texture":"#0","tintindex":0}}},{"from":[0.12469816,-5.367489,-13.82276],"to":[20.914698,11.264511,6.9672394],"rotation":{"origin":[11.212698,2.9485111,-1.3487606],"axis":"x","angle":-22.5},"faces":{"east":{"uv":[2.0625,6.25,2.53125,6.625],"texture":"#0","tintindex":0},"south":{"uv":[0.40625,6.25,0.875,6.625],"texture":"#0","tintindex":0},"north":{"uv":[0.40625,6.25,0.875,6.625],"texture":"#0","tintindex":0},"west":{"uv":[3.0625,6.25,3.53125,6.625],"texture":"#0","tintindex":0},"up":{"uv":[2.09375,6.03125,1.625,5.5625],"texture":"#0","tintindex":0},"down":{"uv":[6.03125,2.65625,5.5625,3.125],"texture":"#0","tintindex":0}}}],"textures":{"particle":"#0","0":"modelengine:75225cee-bf1c-4caf-9c20-0d5e8dc57e8d"}}