{"display":{"head":{},"firstperson_righthand":{},"thirdperson_lefthand":{},"firstperson_lefthand":{},"fixed":{},"ground":{},"thirdperson_righthand":{},"gui":{"rotation":[-150.0,-45.0,180.0]}},"elements":[{"from":[10.203445,7.6151376,4.313592],"to":[18.519447,8.011137,5.8975925],"faces":{"east":{"uv":[2.84375,6.96875,2.71875,7.0],"texture":"#0","tintindex":0},"south":{"uv":[8.90625,0.4375,8.25,0.46875],"texture":"#0","tintindex":0},"north":{"uv":[8.84375,5.46875,8.1875,5.5],"texture":"#0","tintindex":0},"west":{"uv":[2.6875,6.96875,2.5625,7.0],"texture":"#0","tintindex":0},"up":{"uv":[7.1875,6.5,7.84375,6.375],"texture":"#0","tintindex":0},"down":{"uv":[7.1875,6.375,7.84375,6.5],"texture":"#0","tintindex":0}}},{"from":[7.9396033,7.9913373,5.76912],"to":[18.631605,7.9913373,30.717121],"faces":{"up":{"uv":[2.625,3.96875,3.46875,2.0],"texture":"#0","tintindex":0},"down":{"uv":[2.625,2.0,3.46875,3.96875],"texture":"#0","tintindex":0}}},{"from":[6.036725,7.6151376,6.599533],"to":[11.976725,8.011137,8.183534],"rotation":{"origin":[8.214725,8.011137,7.5895333],"axis":"y","angle":45.0},"faces":{"east":{"uv":[7.53125,6.0,7.40625,6.03125],"texture":"#0","tintindex":0},"south":{"uv":[8.8125,7.5625,8.34375,7.59375],"texture":"#0","tintindex":0},"north":{"uv":[8.8125,4.84375,8.34375,4.875],"texture":"#0","tintindex":0},"west":{"uv":[7.375,2.78125,7.25,2.8125],"texture":"#0","tintindex":0},"up":{"uv":[7.8125,1.03125,8.28125,0.90625],"texture":"#0","tintindex":0},"down":{"uv":[7.8125,0.90625,8.28125,1.03125],"texture":"#0","tintindex":0}}}],"textures":{"particle":"#0","0":"modelengine:75225cee-bf1c-4caf-9c20-0d5e8dc57e8d"}}