{"display":{"head":{},"firstperson_righthand":{},"thirdperson_lefthand":{},"firstperson_lefthand":{},"fixed":{},"ground":{},"thirdperson_righthand":{},"gui":{"rotation":[-150.0,-45.0,180.0]}},"elements":[{"from":[4.413725,-3.5692902,3.571722],"to":[12.729726,7.51871,11.887722],"faces":{"east":{"uv":[1.25,7.96875,1.0625,8.21875],"texture":"#0","tintindex":0},"south":{"uv":[6.09375,7.9375,5.90625,8.1875],"texture":"#0","tintindex":0},"north":{"uv":[6.09375,7.9375,5.90625,8.1875],"texture":"#0","tintindex":0},"west":{"uv":[1.25,7.96875,1.0625,8.21875],"texture":"#0","tintindex":0},"up":{"uv":[8.09375,2.46875,8.28125,2.28125],"texture":"#0","tintindex":0},"down":{"uv":[8.09375,2.46875,8.28125,2.28125],"texture":"#0","tintindex":0}}},{"from":[3.720725,-4.26229,2.8787231],"to":[13.422725,8.21171,12.580723],"faces":{"east":{"uv":[7.90625,7.78125,7.6875,8.0625],"texture":"#0","tintindex":0},"south":{"uv":[3.5,7.78125,3.28125,8.0625],"texture":"#0","tintindex":0},"north":{"uv":[7.125,7.75,6.90625,8.03125],"texture":"#0","tintindex":0},"west":{"uv":[0.8125,7.78125,0.59375,8.0625],"texture":"#0","tintindex":0},"up":{"uv":[4.40625,8.15625,4.625,7.9375],"texture":"#0","tintindex":0},"down":{"uv":[4.40625,8.15625,4.625,7.9375],"texture":"#0","tintindex":0}}}],"textures":{"particle":"#0","0":"modelengine:75225cee-bf1c-4caf-9c20-0d5e8dc57e8d"}}