{"display":{"head":{},"firstperson_righthand":{},"thirdperson_lefthand":{},"firstperson_lefthand":{},"fixed":{},"ground":{},"thirdperson_righthand":{},"gui":{"rotation":[-150.0,-45.0,180.0]}},"elements":[{"from":[3.1631365,-11.451958,-4.3827095],"to":[12.865136,9.338043,13.63529],"rotation":{"origin":[9.400137,-3.8289566,6.012291],"axis":"x","angle":22.5},"faces":{"east":{"uv":[2.03125,6.0625,1.625,6.53125],"texture":"#0","tintindex":0},"south":{"uv":[7.4375,0.0,7.21875,0.46875],"texture":"#0","tintindex":0},"north":{"uv":[7.4375,0.0,7.21875,0.46875],"texture":"#0","tintindex":0},"west":{"uv":[2.03125,6.0625,1.625,6.53125],"texture":"#0","tintindex":0},"up":{"uv":[7.25,4.21875,7.46875,3.8125],"texture":"#0","tintindex":0},"down":{"uv":[7.25,4.21875,7.46875,3.8125],"texture":"#0","tintindex":0}}},{"from":[2.4701366,-12.144957,-5.0757084],"to":[13.558137,10.031044,14.328291],"rotation":{"origin":[9.400137,-3.8289566,6.012291],"axis":"x","angle":22.5},"faces":{"east":{"uv":[6.09375,5.59375,5.65625,6.09375],"texture":"#0","tintindex":0},"south":{"uv":[7.125,3.0,6.875,3.5],"texture":"#0","tintindex":0},"north":{"uv":[7.09375,6.53125,6.84375,7.03125],"texture":"#0","tintindex":0},"west":{"uv":[5.625,5.59375,5.1875,6.09375],"texture":"#0","tintindex":0},"up":{"uv":[6.375,7.46875,6.625,7.03125],"texture":"#0","tintindex":0},"down":{"uv":[6.65625,7.0625,6.90625,7.5],"texture":"#0","tintindex":0}}}],"textures":{"particle":"#0","0":"modelengine:75225cee-bf1c-4caf-9c20-0d5e8dc57e8d"}}