{"display":{"head":{},"firstperson_righthand":{},"thirdperson_lefthand":{},"firstperson_lefthand":{},"fixed":{},"ground":{},"thirdperson_righthand":{},"gui":{"rotation":[-150.0,-45.0,180.0]}},"elements":[{"from":[7.2376995,-7.9803047,-0.10301781],"to":[7.2376995,-1.0503044,4.054983],"faces":{"east":{"uv":[1.15625,7.40625,1.0625,7.5625],"texture":"#0","tintindex":0},"west":{"uv":[1.0625,7.40625,1.15625,7.5625],"texture":"#0","tintindex":0}}},{"from":[4.4657,-7.9803047,-0.10301781],"to":[4.4657,-1.0503044,4.054983],"faces":{"east":{"uv":[1.15625,7.40625,1.0625,7.5625],"texture":"#0","tintindex":0},"west":{"uv":[1.0625,7.40625,1.15625,7.5625],"texture":"#0","tintindex":0}}},{"from":[10.009701,-7.9803047,-0.10301781],"to":[10.009701,-1.0503044,4.054983],"faces":{"east":{"uv":[1.15625,7.40625,1.0625,7.5625],"texture":"#0","tintindex":0},"west":{"uv":[1.0625,7.40625,1.15625,7.5625],"texture":"#0","tintindex":0}}},{"from":[3.0796995,2.9603562,3.334507],"to":[11.3957,8.504356,10.264507],"rotation":{"origin":[7.9307003,5.732356,6.799507],"axis":"x","angle":-45.0},"faces":{"east":{"uv":[8.4375,4.90625,8.28125,5.03125],"texture":"#0","tintindex":0},"south":{"uv":[8.46875,1.21875,8.28125,1.34375],"texture":"#0","tintindex":0},"north":{"uv":[6.90625,2.375,6.71875,2.5],"texture":"#0","tintindex":0},"west":{"uv":[1.90625,8.28125,1.75,8.40625],"texture":"#0","tintindex":0},"up":{"uv":[8.125,4.875,8.3125,4.71875],"texture":"#0","tintindex":0},"down":{"uv":[8.125,8.0625,8.3125,8.21875],"texture":"#0","tintindex":0}}},{"from":[5.8517,-2.0598135,1.4881802],"to":[8.623699,4.8701863,4.2601795],"rotation":{"origin":[7.2376995,2.7911863,2.8741798],"axis":"x","angle":22.5},"faces":{"east":{"uv":[3.46875,7.3125,3.40625,7.46875],"texture":"#0","tintindex":0},"south":{"uv":[6.78125,0.71875,6.71875,0.875],"texture":"#0","tintindex":0},"north":{"uv":[3.46875,4.34375,3.40625,4.5],"texture":"#0","tintindex":0},"west":{"uv":[0.375,6.375,0.3125,6.53125],"texture":"#0","tintindex":0},"up":{"uv":[4.0625,5.1875,4.125,5.125],"texture":"#0","tintindex":0},"down":{"uv":[0.3125,6.5625,0.375,6.625],"texture":"#0","tintindex":0}}},{"from":[8.623699,-2.0598135,1.4881802],"to":[11.3957,4.8701863,4.2601795],"rotation":{"origin":[10.009701,2.7911863,2.8741798],"axis":"x","angle":22.5},"faces":{"east":{"uv":[3.46875,7.3125,3.40625,7.46875],"texture":"#0","tintindex":0},"south":{"uv":[6.78125,0.71875,6.71875,0.875],"texture":"#0","tintindex":0},"north":{"uv":[3.46875,4.34375,3.40625,4.5],"texture":"#0","tintindex":0},"west":{"uv":[0.375,6.375,0.3125,6.53125],"texture":"#0","tintindex":0},"up":{"uv":[4.0625,5.1875,4.125,5.125],"texture":"#0","tintindex":0},"down":{"uv":[0.3125,6.5625,0.375,6.625],"texture":"#0","tintindex":0}}},{"from":[3.0796995,-2.0598135,1.4881802],"to":[5.8517,4.8701863,4.2601795],"rotation":{"origin":[4.4657,2.7911863,2.8741798],"axis":"x","angle":22.5},"faces":{"east":{"uv":[3.46875,7.3125,3.40625,7.46875],"texture":"#0","tintindex":0},"south":{"uv":[6.78125,0.71875,6.71875,0.875],"texture":"#0","tintindex":0},"north":{"uv":[3.46875,4.34375,3.40625,4.5],"texture":"#0","tintindex":0},"west":{"uv":[0.375,6.375,0.3125,6.53125],"texture":"#0","tintindex":0},"up":{"uv":[4.0625,5.1875,4.125,5.125],"texture":"#0","tintindex":0},"down":{"uv":[0.3125,6.5625,0.375,6.625],"texture":"#0","tintindex":0}}}],"textures":{"particle":"#0","0":"modelengine:75225cee-bf1c-4caf-9c20-0d5e8dc57e8d"}}