{"display":{"head":{},"firstperson_righthand":{},"thirdperson_lefthand":{},"firstperson_lefthand":{},"fixed":{},"ground":{},"thirdperson_righthand":{},"gui":{"rotation":[-150.0,-45.0,180.0]}},"elements":[{"from":[3.0546274,-5.043317,6.5044613],"to":[12.756628,8.816683,17.59246],"rotation":{"origin":[9.291627,3.965683,10.66246],"axis":"x","angle":-45.0},"faces":{"east":{"uv":[7.71875,0.0,7.46875,0.3125],"texture":"#0","tintindex":0},"south":{"uv":[1.28125,7.625,1.0625,7.9375],"texture":"#0","tintindex":0},"north":{"uv":[5.6875,7.59375,5.46875,7.90625],"texture":"#0","tintindex":0},"west":{"uv":[0.25,7.46875,0.0,7.78125],"texture":"#0","tintindex":0},"up":{"uv":[7.8125,4.4375,8.03125,4.1875],"texture":"#0","tintindex":0},"down":{"uv":[7.8125,6.0,8.03125,6.25],"texture":"#0","tintindex":0}}},{"from":[2.3616276,-5.7363176,5.8114605],"to":[13.449627,9.509684,18.28546],"rotation":{"origin":[9.291627,3.965683,10.66246],"axis":"x","angle":-45.0},"faces":{"east":{"uv":[1.46875,7.25,1.1875,7.59375],"texture":"#0","tintindex":0},"south":{"uv":[1.03125,7.40625,0.78125,7.75],"texture":"#0","tintindex":0},"north":{"uv":[7.1875,7.375,6.9375,7.71875],"texture":"#0","tintindex":0},"west":{"uv":[7.53125,1.03125,7.25,1.375],"texture":"#0","tintindex":0},"up":{"uv":[6.375,7.78125,6.625,7.5],"texture":"#0","tintindex":0},"down":{"uv":[7.53125,6.53125,7.78125,6.8125],"texture":"#0","tintindex":0}}}],"textures":{"particle":"#0","0":"modelengine:1d801912-6599-4689-bc1b-7fc851310a0d"}}