{"display":{"head":{},"firstperson_righthand":{},"thirdperson_lefthand":{},"firstperson_lefthand":{},"fixed":{},"ground":{},"thirdperson_righthand":{},"gui":{"rotation":[-150.0,-45.0,180.0]}},"elements":[{"from":[7.6780252,8.001155,2.0159311],"to":[15.994026,8.001155,31.121931],"faces":{"up":{"uv":[0.0,5.75,0.5625,3.78125],"texture":"#0","tintindex":0},"down":{"uv":[0.0,3.78125,0.5625,5.75],"texture":"#0","tintindex":0}}},{"from":[7.5620728,7.550705,5.6920795],"to":[15.416073,8.012704,7.5400796],"rotation":{"origin":[10.334073,8.012704,6.8470793],"axis":"y","angle":22.5},"faces":{"east":{"uv":[6.625,3.90625,6.5,3.9375],"texture":"#0","tintindex":0},"south":{"uv":[8.84375,7.03125,8.3125,7.0625],"texture":"#0","tintindex":0},"north":{"uv":[8.84375,6.96875,8.3125,7.0],"texture":"#0","tintindex":0},"west":{"uv":[4.625,5.625,4.5,5.65625],"texture":"#0","tintindex":0},"up":{"uv":[7.5,2.75,8.03125,2.625],"texture":"#0","tintindex":0},"down":{"uv":[7.5,2.625,8.03125,2.75],"texture":"#0","tintindex":0}}}],"textures":{"particle":"#0","0":"modelengine:75225cee-bf1c-4caf-9c20-0d5e8dc57e8d"}}