{"display":{"head":{},"firstperson_righthand":{},"thirdperson_lefthand":{},"firstperson_lefthand":{},"fixed":{},"ground":{},"thirdperson_righthand":{},"gui":{"rotation":[-150.0,-45.0,180.0]}},"elements":[{"from":[8.8932,-7.8204575,-1.5976448],"to":[8.8932,-0.8904581,2.5603542],"faces":{"east":{"uv":[1.15625,7.40625,1.0625,7.5625],"texture":"#0","tintindex":0},"west":{"uv":[1.0625,7.40625,1.15625,7.5625],"texture":"#0","tintindex":0}}},{"from":[10.2792,-1.8999672,-0.0064487457],"to":[13.051199,5.030033,2.7655525],"rotation":{"origin":[11.665199,2.951033,1.3795528],"axis":"x","angle":22.5},"faces":{"east":{"uv":[3.46875,7.3125,3.40625,7.46875],"texture":"#0","tintindex":0},"south":{"uv":[6.78125,0.71875,6.71875,0.875],"texture":"#0","tintindex":0},"north":{"uv":[3.46875,4.34375,3.40625,4.5],"texture":"#0","tintindex":0},"west":{"uv":[0.375,6.375,0.3125,6.53125],"texture":"#0","tintindex":0},"up":{"uv":[4.0625,5.1875,4.125,5.125],"texture":"#0","tintindex":0},"down":{"uv":[0.3125,6.5625,0.375,6.625],"texture":"#0","tintindex":0}}},{"from":[11.665199,-7.8204575,-1.5976448],"to":[11.665199,-0.8904581,2.5603542],"faces":{"east":{"uv":[1.15625,7.40625,1.0625,7.5625],"texture":"#0","tintindex":0},"west":{"uv":[1.0625,7.40625,1.15625,7.5625],"texture":"#0","tintindex":0}}},{"from":[7.5072002,-1.8999672,-0.0064487457],"to":[10.2792,5.030033,2.7655525],"rotation":{"origin":[8.8932,2.951033,1.3795528],"axis":"x","angle":22.5},"faces":{"east":{"uv":[3.46875,7.3125,3.40625,7.46875],"texture":"#0","tintindex":0},"south":{"uv":[6.78125,0.71875,6.71875,0.875],"texture":"#0","tintindex":0},"north":{"uv":[3.46875,4.34375,3.40625,4.5],"texture":"#0","tintindex":0},"west":{"uv":[0.375,6.375,0.3125,6.53125],"texture":"#0","tintindex":0},"up":{"uv":[4.0625,5.1875,4.125,5.125],"texture":"#0","tintindex":0},"down":{"uv":[0.3125,6.5625,0.375,6.625],"texture":"#0","tintindex":0}}},{"from":[4.7352,3.120203,1.8398781],"to":[13.051199,8.664203,8.769878],"rotation":{"origin":[9.586199,5.892203,5.304878],"axis":"x","angle":-45.0},"faces":{"east":{"uv":[8.4375,4.90625,8.28125,5.03125],"texture":"#0","tintindex":0},"south":{"uv":[8.46875,1.21875,8.28125,1.34375],"texture":"#0","tintindex":0},"north":{"uv":[6.90625,2.375,6.71875,2.5],"texture":"#0","tintindex":0},"west":{"uv":[1.90625,8.28125,1.75,8.40625],"texture":"#0","tintindex":0},"up":{"uv":[8.125,4.875,8.3125,4.71875],"texture":"#0","tintindex":0},"down":{"uv":[8.125,8.0625,8.3125,8.21875],"texture":"#0","tintindex":0}}},{"from":[6.1211996,-7.8204575,-1.5976448],"to":[6.1211996,-0.8904581,2.5603542],"faces":{"east":{"uv":[1.15625,7.40625,1.0625,7.5625],"texture":"#0","tintindex":0},"west":{"uv":[1.0625,7.40625,1.15625,7.5625],"texture":"#0","tintindex":0}}},{"from":[4.7352,-1.8999672,-0.0064487457],"to":[7.5072002,5.030033,2.7655525],"rotation":{"origin":[6.1211996,2.951033,1.3795528],"axis":"x","angle":22.5},"faces":{"east":{"uv":[3.46875,7.3125,3.40625,7.46875],"texture":"#0","tintindex":0},"south":{"uv":[6.78125,0.71875,6.71875,0.875],"texture":"#0","tintindex":0},"north":{"uv":[3.46875,4.34375,3.40625,4.5],"texture":"#0","tintindex":0},"west":{"uv":[0.375,6.375,0.3125,6.53125],"texture":"#0","tintindex":0},"up":{"uv":[4.0625,5.1875,4.125,5.125],"texture":"#0","tintindex":0},"down":{"uv":[0.3125,6.5625,0.375,6.625],"texture":"#0","tintindex":0}}}],"textures":{"particle":"#0","0":"modelengine:75225cee-bf1c-4caf-9c20-0d5e8dc57e8d"}}