{"display":{"head":{},"firstperson_righthand":{},"thirdperson_lefthand":{},"firstperson_lefthand":{},"fixed":{},"ground":{},"thirdperson_righthand":{},"gui":{"rotation":[-150.0,-45.0,180.0]}},"elements":[{"from":[4.505877,1.6390219,6.6140003],"to":[7.277877,8.569021,9.386002],"rotation":{"origin":[6.875,2.25,8.0],"axis":"z","angle":-22.5},"faces":{"east":{"uv":[6.78125,0.71875,6.71875,0.875],"texture":"#0","tintindex":0},"south":{"uv":[0.375,6.375,0.3125,6.53125],"texture":"#0","tintindex":0},"north":{"uv":[3.46875,7.3125,3.40625,7.46875],"texture":"#0","tintindex":0},"west":{"uv":[3.46875,4.34375,3.40625,4.5],"texture":"#0","tintindex":0},"up":{"uv":[4.125,5.125,4.0625,5.1875],"texture":"#0","rotation":90,"tintindex":0},"down":{"uv":[0.375,6.625,0.3125,6.5625],"texture":"#0","rotation":270,"tintindex":0}}},{"from":[4.612101,-4.227997,8.0],"to":[8.770101,2.702003,8.0],"faces":{"south":{"uv":[1.0625,7.40625,1.15625,7.5625],"texture":"#0","tintindex":0},"north":{"uv":[1.15625,7.40625,1.0625,7.5625],"texture":"#0","tintindex":0}}}],"textures":{"particle":"#0","0":"modelengine:75225cee-bf1c-4caf-9c20-0d5e8dc57e8d"}}