{"display":{"head":{},"firstperson_righthand":{},"thirdperson_lefthand":{},"firstperson_lefthand":{},"fixed":{},"ground":{},"thirdperson_righthand":{},"gui":{"rotation":[-150.0,-45.0,180.0]}},"elements":[{"from":[16.778,15.110693,-11.906431],"to":[16.778,24.35069,8.421569],"faces":{"east":{"uv":[6.4375,5.03125,5.75,5.34375],"texture":"#0","tintindex":0},"west":{"uv":[5.75,5.03125,6.4375,5.34375],"texture":"#0","tintindex":0}}},{"from":[-1.2399998,-0.3663082,-12.368431],"to":[17.240002,15.341693,9.807569],"faces":{"east":{"uv":[4.1875,1.78125,4.9375,2.3125],"texture":"#0","tintindex":0},"south":{"uv":[4.375,1.09375,5.0,1.625],"texture":"#0","tintindex":0},"north":{"uv":[4.375,0.53125,5.0,1.0625],"texture":"#0","tintindex":0},"west":{"uv":[4.1875,2.34375,4.9375,2.875],"texture":"#0","tintindex":0},"up":{"uv":[4.125,4.53125,3.5,3.78125],"texture":"#0","tintindex":0},"down":{"uv":[2.75,4.0,2.125,4.75],"texture":"#0","tintindex":0}}},{"from":[-0.7779999,15.110693,-11.906431],"to":[-0.7779999,24.35069,8.421569],"faces":{"east":{"uv":[6.4375,5.03125,5.75,5.34375],"texture":"#0","tintindex":0},"west":{"uv":[5.75,5.03125,6.4375,5.34375],"texture":"#0","tintindex":0}}},{"from":[-0.7779999,0.09569168,-11.906431],"to":[16.778,14.879692,9.345569],"faces":{"east":{"uv":[4.1875,2.90625,4.90625,3.40625],"texture":"#0","tintindex":0},"south":{"uv":[4.78125,4.0,5.375,4.5],"texture":"#0","tintindex":0},"north":{"uv":[4.78125,4.0,5.375,4.5],"texture":"#0","tintindex":0},"west":{"uv":[4.375,0.0,5.09375,0.5],"texture":"#0","tintindex":0},"up":{"uv":[3.375,4.71875,2.78125,4.0],"texture":"#0","tintindex":0},"down":{"uv":[3.375,4.71875,2.78125,4.0],"texture":"#0","tintindex":0}}}],"textures":{"particle":"#0","0":"modelengine:1d801912-6599-4689-bc1b-7fc851310a0d"}}