{"display":{"head":{},"firstperson_righthand":{},"thirdperson_lefthand":{},"firstperson_lefthand":{},"fixed":{},"ground":{},"thirdperson_righthand":{},"gui":{"rotation":[-150.0,-45.0,180.0]}},"elements":[{"from":[1.994,-0.94965744,5.16483],"to":[14.0060005,8.290341,22.72083],"rotation":{"origin":[8.462,4.594342,11.17083],"axis":"x","angle":45.0},"faces":{"east":{"uv":[4.90625,6.125,5.5,6.4375],"texture":"#0","tintindex":0},"south":{"uv":[6.78125,0.0,7.1875,0.3125],"texture":"#0","tintindex":0},"north":{"uv":[6.75,5.15625,7.15625,5.46875],"texture":"#0","tintindex":0},"west":{"uv":[6.125,5.375,6.71875,5.6875],"texture":"#0","tintindex":0},"up":{"uv":[5.9375,1.0625,5.53125,0.46875],"texture":"#0","tintindex":0},"down":{"uv":[1.59375,5.5625,1.1875,6.15625],"texture":"#0","tintindex":0}}},{"from":[13.6595,6.666542,12.319031],"to":[13.6595,14.058543,25.255032],"rotation":{"origin":[9.848001,8.514542,15.091032],"axis":"x","angle":45.0},"faces":{"east":{"uv":[7.40625,3.53125,6.96875,3.78125],"texture":"#0","tintindex":0},"west":{"uv":[6.96875,3.53125,7.40625,3.78125],"texture":"#0","tintindex":0}}},{"from":[2.3404999,6.666542,12.319031],"to":[2.3404999,14.058543,25.255032],"rotation":{"origin":[6.152,8.514542,15.091032],"axis":"x","angle":45.0},"faces":{"east":{"uv":[7.40625,3.53125,6.96875,3.78125],"texture":"#0","tintindex":0},"west":{"uv":[6.96875,3.53125,7.40625,3.78125],"texture":"#0","tintindex":0}}},{"from":[2.4559999,-0.4876585,5.626831],"to":[13.544001,7.828341,22.258833],"rotation":{"origin":[8.0,4.594342,11.17083],"axis":"x","angle":45.0},"faces":{"east":{"uv":[4.1875,3.4375,4.75,3.71875],"texture":"#0","tintindex":0},"south":{"uv":[6.9375,7.0625,7.3125,7.34375],"texture":"#0","tintindex":0},"north":{"uv":[6.9375,7.0625,7.3125,7.34375],"texture":"#0","tintindex":0},"west":{"uv":[5.875,6.34375,6.4375,6.625],"texture":"#0","tintindex":0},"up":{"uv":[4.875,6.25,4.5,5.6875],"texture":"#0","tintindex":0},"down":{"uv":[4.875,6.25,4.5,5.6875],"texture":"#0","tintindex":0}}}],"textures":{"particle":"#0","0":"modelengine:1d801912-6599-4689-bc1b-7fc851310a0d"}}