{"display":{"head":{},"firstperson_righthand":{},"thirdperson_lefthand":{},"firstperson_lefthand":{},"fixed":{},"ground":{},"thirdperson_righthand":{},"gui":{"rotation":[-150.0,-45.0,180.0]}},"elements":[{"from":[-1.0058498,-0.6844387,-12.673241],"to":[17.01215,14.561562,6.7307587],"faces":{"east":{"uv":[6.5,3.53125,6.9375,3.875],"texture":"#0","tintindex":0},"south":{"uv":[2.875,6.65625,3.28125,7.0],"texture":"#0","tintindex":0},"north":{"uv":[2.875,6.65625,3.28125,7.0],"texture":"#0","tintindex":0},"west":{"uv":[1.34375,6.5625,1.78125,6.90625],"texture":"#0","tintindex":0},"up":{"uv":[1.3125,6.625,0.90625,6.1875],"texture":"#0","tintindex":0},"down":{"uv":[4.1875,6.21875,3.78125,6.65625],"texture":"#0","tintindex":0}}},{"from":[-0.31285,0.008560181,-11.980244],"to":[16.319149,13.868561,6.037758],"faces":{"east":{"uv":[6.71875,0.375,7.125,0.6875],"texture":"#0","tintindex":0},"south":{"uv":[1.75,6.96875,2.125,7.28125],"texture":"#0","tintindex":0},"north":{"uv":[1.75,6.96875,2.125,7.28125],"texture":"#0","tintindex":0},"west":{"uv":[6.71875,0.375,7.125,0.6875],"texture":"#0","tintindex":0},"up":{"uv":[6.78125,1.375,6.40625,0.96875],"texture":"#0","tintindex":0},"down":{"uv":[6.78125,1.375,6.40625,0.96875],"texture":"#0","tintindex":0}}}],"textures":{"particle":"#0","0":"modelengine:1d801912-6599-4689-bc1b-7fc851310a0d"}}