{
  "textures": {
    "0": "modelengine:entity/nocsy_otter_v2"
  },
  "elements": [
    {
      "from": [
        6.6,
        4.1,
        6.6
      ],
      "to": [
        9.4,
        8.9,
        9.4
      ],
      "faces": {
        "east": {
          "uv": [
            0,
            8.25,
            0.75,
            9.5
          ],
          "tintindex": 0,
          "rotation": 0,
          "texture": "#0"
        },
        "south": {
          "uv": [
            1,
            8.25,
            1.75,
            9.5
          ],
          "tintindex": 0,
          "rotation": 0,
          "texture": "#0"
        },
        "north": {
          "uv": [
            8,
            6.75,
            8.75,
            8
          ],
          "tintindex": 0,
          "rotation": 0,
          "texture": "#0"
        },
        "west": {
          "uv": [
            2,
            8.25,
            2.75,
            9.5
          ],
          "tintindex": 0,
          "rotation": 0,
          "texture": "#0"
        },
        "up": {
          "uv": [
            11,
            4.25,
            10.25,
            3.5
          ],
          "tintindex": 0,
          "rotation": 0,
          "texture": "#0"
        },
        "down": {
          "uv": [
            11,
            4.5,
            10.25,
            5.25
          ],
          "tintindex": 0,
          "rotation": 0,
          "texture": "#0"
        }
      }
    }
  ],
  "display": {
    "gui": {
      "rotation": [
        30,
        225,
        0
      ]
    }
  }
}