{"display":{"head":{},"firstperson_righthand":{},"thirdperson_lefthand":{},"firstperson_lefthand":{},"fixed":{},"ground":{},"thirdperson_righthand":{},"gui":{"rotation":[-150.0,-45.0,180.0]}},"elements":[{"from":[6.6,4.1,6.6],"to":[9.4,8.9,9.4],"faces":{"east":{"uv":[6.25,8.25,7.0,9.5],"texture":"#0","tintindex":0},"south":{"uv":[7.25,8.25,8.0,9.5],"texture":"#0","tintindex":0},"north":{"uv":[3.0,8.25,3.75,9.5],"texture":"#0","tintindex":0},"west":{"uv":[8.25,8.25,9.0,9.5],"texture":"#0","tintindex":0},"up":{"uv":[11.0,8.5,10.25,7.75],"texture":"#0","tintindex":0},"down":{"uv":[11.0,8.75,10.25,9.5],"texture":"#0","tintindex":0}}}],"textures":{"particle":"#0","0":"modelengine:dd2db258-b664-4e5d-9a4b-e43fd27d2493"}}