{"parent":"item/generated","display":{"thirdperson_righthand":{"rotation":[-80.0,260.0,-40.0],"translation":[-1.0,-2.0,2.5],"scale":[0.9,0.9,0.9]},"thirdperson_lefthand":{"rotation":[-80.0,-280.0,40.0],"translation":[-1.0,-2.0,2.5],"scale":[0.9,0.9,0.9]},"firstperson_righthand":{"rotation":[0.0,-90.0,25.0],"translation":[1.13,3.2,1.13],"scale":[0.68,0.68,0.68]},"firstperson_lefthand":{"rotation":[0.0,90.0,-25.0],"translation":[1.13,3.2,1.13],"scale":[0.68,0.68,0.68]}},"textures":{"layer0":"item/bow"},"overrides":[{"predicate":{"custom_model_data":17010},"model":"2b11342f-18da-428f-961a-da621a9ec5b6"},{"predicate":{"pulling":1.0,"pull":0.0,"custom_model_data":17010},"model":"9d66a23b-7fa6-4589-9d3c-9a5c2c2bfe31"},{"predicate":{"pulling":1.0,"pull":0.65,"custom_model_data":17010},"model":"e09df34e-b9d7-43f1-a668-265aec60dab6"},{"predicate":{"pulling":1.0,"pull":0.9,"custom_model_data":17010},"model":"88a12c41-c8aa-4ff9-b737-f0af4b0a7e27"}]}