{"parent":"item/generated","textures":{"layer0":"item/gold_nugget"},"overrides":[{"predicate":{"custom_model_data":6001},"model":"gold_coin"},{"predicate":{"custom_model_data":6001},"model":"0b000749-e28b-4cff-99d1-9f69ecaf01f6"},{"predicate":{"custom_model_data":6002},"model":"gold_coin_medium"},{"predicate":{"custom_model_data":6002},"model":"8ae6a10f-2b54-4bd0-b0a4-027775a70131"},{"predicate":{"custom_model_data":6003},"model":"gold_coin_large"},{"predicate":{"custom_model_data":6003},"model":"6eea09e9-2742-4a72-ad63-46be7d23b01e"}]}