{"parent":"item/generated","textures":{"layer0":"item/golden_horse_armor"},"overrides":[{"predicate":{"custom_model_data":7191009},"model":"46e78ea0-4f75-4064-a948-9727a6f9d56e"},{"predicate":{"custom_model_data":7191010},"model":"e8afb016-ca73-4ad8-b372-cb568f4e5bbb"},{"predicate":{"custom_model_data":7191011},"model":"a4c3b33f-ab60-47d3-8191-3009691caf55"},{"predicate":{"custom_model_data":7191012},"model":"50506819-6bc2-47c2-b0e8-340487e30164"},{"predicate":{"custom_model_data":7191013},"model":"0bc9a802-cb36-44ef-a23f-b78795b1fe15"},{"predicate":{"custom_model_data":7191014},"model":"0d0a6176-3b9a-4763-9721-2bd5c5d0934e"},{"predicate":{"custom_model_data":7191015},"model":"edcfa23f-2673-469a-b3f5-58ea59a43a2b"},{"predicate":{"custom_model_data":7191016},"model":"024661a5-6c06-4b36-b994-23751594a30a"}]}