{"parent":"item/generated","textures":{"layer0":"item/golden_horse_armor"},"overrides":[{"predicate":{"custom_model_data":7191009},"model":"8db9e902-6181-428e-8adf-c0328f14739c"},{"predicate":{"custom_model_data":7191010},"model":"3fe6b4f6-4a34-4c2d-989a-8d2bb481f5a1"},{"predicate":{"custom_model_data":7191011},"model":"7ec0ef8f-7d04-44df-a1fd-dff1ca9a9590"},{"predicate":{"custom_model_data":7191012},"model":"fd61ae70-ad52-41b7-8afb-089000e25020"},{"predicate":{"custom_model_data":7191013},"model":"1516936b-1370-4980-9fad-506c754cc3d8"},{"predicate":{"custom_model_data":7191014},"model":"e316cd93-fb32-4647-9fe8-90fbc80dd0dd"},{"predicate":{"custom_model_data":7191015},"model":"69101306-04be-4105-8311-6e46bce776da"},{"predicate":{"custom_model_data":7191016},"model":"d6d38575-5220-4e4a-a897-95083ff12d12"}]}