{
    "parent": "item/generated",
    "textures": {
        "layer0": "item/ink_sac"
	},
	"overrides": [
		
		{"predicate": {"custom_model_data":2904}, "model": "item/williamqm/timber_wolf_icon"},
		{"predicate": {"custom_model_data":2905}, "model": "item/williamqm/timber_wolf_tame_skin_icon"},
		{"predicate": {"custom_model_data":2906}, "model": "item/williamqm/timber_wolf_wild_skin_icon"},
		
		{"predicate": {"custom_model_data":2907}, "model": "item/williamqm/boar_icon"},
		{"predicate": {"custom_model_data":2908}, "model": "item/williamqm/boar_tame_skin_icon"},
		{"predicate": {"custom_model_data":2909}, "model": "item/williamqm/boar_wild_skin_icon"},
		
		{"predicate": {"custom_model_data":2910}, "model": "item/williamqm/raw_meat"},
		{"predicate": {"custom_model_data":2911}, "model": "item/williamqm/williamqm_signal_stick"}
	]
}