{"parent":"item/generated","textures":{"layer0":"item/leather_horse_armor"},"overrides":[{"predicate":{"custom_model_data":1},"model":"modelengine:vfx_air_pulse/body"},{"predicate":{"custom_model_data":2},"model":"modelengine:vfx_dragon_totem/body"},{"predicate":{"custom_model_data":3},"model":"modelengine:nm_raccoon/body"},{"predicate":{"custom_model_data":4},"model":"modelengine:nocsy_otter_v2/body"},{"predicate":{"custom_model_data":5},"model":"modelengine:tame_timber_wolf/back_leg_left"},{"predicate":{"custom_model_data":6},"model":"modelengine:timber_wolf/back_leg_left"},{"predicate":{"custom_model_data":7},"model":"modelengine:timber_wolf/back_leg_right"},{"predicate":{"custom_model_data":8},"model":"modelengine:nm_raccoon/leftleg"},{"predicate":{"custom_model_data":9},"model":"modelengine:timber_wolf/back_forearm_left"},{"predicate":{"custom_model_data":10},"model":"modelengine:timber_wolf/back_forearm_right"},{"predicate":{"custom_model_data":11},"model":"modelengine:timber_wolf/torso"},{"predicate":{"custom_model_data":12},"model":"modelengine:timber_wolf/front_leg_right"},{"predicate":{"custom_model_data":13},"model":"modelengine:timber_wolf/front_leg_left"},{"predicate":{"custom_model_data":14},"model":"modelengine:timber_wolf/back_paw3"},{"predicate":{"custom_model_data":15},"model":"modelengine:timber_wolf/back_paw2"},{"predicate":{"custom_model_data":16},"model":"modelengine:timber_wolf/front"},{"predicate":{"custom_model_data":17},"model":"modelengine:timber_wolf/tail"},{"predicate":{"custom_model_data":18},"model":"modelengine:timber_wolf/front_forearm_right"},{"predicate":{"custom_model_data":19},"model":"modelengine:timber_wolf/front_forearm_left"},{"predicate":{"custom_model_data":20},"model":"modelengine:timber_wolf/head"},{"predicate":{"custom_model_data":21},"model":"modelengine:timber_wolf/tail_segment1"},{"predicate":{"custom_model_data":22},"model":"modelengine:timber_wolf/front_paw2"},{"predicate":{"custom_model_data":23},"model":"modelengine:timber_wolf/front_paw"},{"predicate":{"custom_model_data":24},"model":"modelengine:timber_wolf/lower_jaw"},{"predicate":{"custom_model_data":25},"model":"modelengine:timber_wolf/tail_segment2"},{"predicate":{"custom_model_data":26},"model":"modelengine:nm_raccoon/rightleg"},{"predicate":{"custom_model_data":27},"model":"modelengine:nm_raccoon/head"},{"predicate":{"custom_model_data":28},"model":"modelengine:nm_raccoon/tail"},{"predicate":{"custom_model_data":29},"model":"modelengine:nm_raccoon/rightarm"},{"predicate":{"custom_model_data":30},"model":"modelengine:nm_raccoon/leftarm"},{"predicate":{"custom_model_data":31},"model":"modelengine:nm_raccoon/left_ear"},{"predicate":{"custom_model_data":32},"model":"modelengine:nm_raccoon/right_ear"},{"predicate":{"custom_model_data":33},"model":"modelengine:nocsy_otter_v2/tail"},{"predicate":{"custom_model_data":34},"model":"modelengine:nocsy_otter_v2/head"},{"predicate":{"custom_model_data":35},"model":"modelengine:nocsy_otter_v2/back_leg_left"},{"predicate":{"custom_model_data":36},"model":"modelengine:nocsy_otter_v2/front_leg_left"},{"predicate":{"custom_model_data":37},"model":"modelengine:nocsy_otter_v2/back_leg_right"},{"predicate":{"custom_model_data":38},"model":"modelengine:nocsy_otter_v2/front_leg_right"},{"predicate":{"custom_model_data":39},"model":"modelengine:tame_timber_wolf/back_leg_right"},{"predicate":{"custom_model_data":40},"model":"modelengine:tame_timber_wolf/back_forearm_left"},{"predicate":{"custom_model_data":41},"model":"modelengine:tame_timber_wolf/back_forearm_right"},{"predicate":{"custom_model_data":42},"model":"modelengine:tame_timber_wolf/torso"},{"predicate":{"custom_model_data":43},"model":"modelengine:tame_timber_wolf/front_leg_right"},{"predicate":{"custom_model_data":44},"model":"modelengine:tame_timber_wolf/front_leg_left"},{"predicate":{"custom_model_data":45},"model":"modelengine:tame_timber_wolf/back_paw3"},{"predicate":{"custom_model_data":46},"model":"modelengine:tame_timber_wolf/back_paw2"},{"predicate":{"custom_model_data":47},"model":"modelengine:tame_timber_wolf/front"},{"predicate":{"custom_model_data":48},"model":"modelengine:tame_timber_wolf/saddle"},{"predicate":{"custom_model_data":49},"model":"modelengine:tame_timber_wolf/tail"},{"predicate":{"custom_model_data":50},"model":"modelengine:tame_timber_wolf/front_forearm_right"},{"predicate":{"custom_model_data":51},"model":"modelengine:tame_timber_wolf/front_forearm_left"},{"predicate":{"custom_model_data":52},"model":"modelengine:tame_timber_wolf/head"},{"predicate":{"custom_model_data":53},"model":"modelengine:tame_timber_wolf/tail_segment1"},{"predicate":{"custom_model_data":54},"model":"modelengine:tame_timber_wolf/front_paw2"},{"predicate":{"custom_model_data":55},"model":"modelengine:tame_timber_wolf/front_paw"},{"predicate":{"custom_model_data":56},"model":"modelengine:tame_timber_wolf/lower_jaw"},{"predicate":{"custom_model_data":57},"model":"modelengine:tame_timber_wolf/tail_segment2"},{"predicate":{"custom_model_data":58},"model":"modelengine:skywhisper_wyvern/left_thigh"},{"predicate":{"custom_model_data":59},"model":"modelengine:skywhisper_wyvern/upper_body"},{"predicate":{"custom_model_data":60},"model":"modelengine:skywhisper_wyvern/right_thigh"},{"predicate":{"custom_model_data":61},"model":"modelengine:skywhisper_wyvern/left_leg"},{"predicate":{"custom_model_data":62},"model":"modelengine:skywhisper_wyvern/chest"},{"predicate":{"custom_model_data":63},"model":"modelengine:skywhisper_wyvern/tail"},{"predicate":{"custom_model_data":64},"model":"modelengine:skywhisper_wyvern/right_leg"},{"predicate":{"custom_model_data":65},"model":"modelengine:skywhisper_wyvern/left_ankle"},{"predicate":{"custom_model_data":66},"model":"modelengine:skywhisper_wyvern/neck"},{"predicate":{"custom_model_data":67},"model":"modelengine:skywhisper_wyvern/left_wing"},{"predicate":{"custom_model_data":68},"model":"modelengine:skywhisper_wyvern/right_wing"},{"predicate":{"custom_model_data":69},"model":"modelengine:skywhisper_wyvern/tail_mid"},{"predicate":{"custom_model_data":70},"model":"modelengine:skywhisper_wyvern/right_ankle"},{"predicate":{"custom_model_data":71},"model":"modelengine:skywhisper_wyvern/left_foot"},{"predicate":{"custom_model_data":72},"model":"modelengine:skywhisper_wyvern/neck_mid"},{"predicate":{"custom_model_data":73},"model":"modelengine:skywhisper_wyvern/left_wing_mid"},{"predicate":{"custom_model_data":74},"model":"modelengine:skywhisper_wyvern/right_wing_mid"},{"predicate":{"custom_model_data":75},"model":"modelengine:skywhisper_wyvern/tail_end"},{"predicate":{"custom_model_data":76},"model":"modelengine:skywhisper_wyvern/right_foot"},{"predicate":{"custom_model_data":77},"model":"modelengine:skywhisper_wyvern/neck_end"},{"predicate":{"custom_model_data":78},"model":"modelengine:skywhisper_wyvern/left_wing_end"},{"predicate":{"custom_model_data":79},"model":"modelengine:skywhisper_wyvern/right_wing_end"},{"predicate":{"custom_model_data":80},"model":"modelengine:skywhisper_wyvern/head"},{"predicate":{"custom_model_data":81},"model":"modelengine:skywhisper_wyvern/jaw"},{"predicate":{"custom_model_data":82},"model":"modelengine:terravore_drake/right_thigh"},{"predicate":{"custom_model_data":83},"model":"modelengine:terravore_drake/upper_body"},{"predicate":{"custom_model_data":84},"model":"modelengine:terravore_drake/left_thigh"},{"predicate":{"custom_model_data":85},"model":"modelengine:terravore_drake/right_leg"},{"predicate":{"custom_model_data":86},"model":"modelengine:terravore_drake/right_arm"},{"predicate":{"custom_model_data":87},"model":"modelengine:terravore_drake/left_arm"},{"predicate":{"custom_model_data":88},"model":"modelengine:terravore_drake/tail"},{"predicate":{"custom_model_data":89},"model":"modelengine:terravore_drake/neck"},{"predicate":{"custom_model_data":90},"model":"modelengine:terravore_drake/left_leg"},{"predicate":{"custom_model_data":91},"model":"modelengine:terravore_drake/right_ankle"},{"predicate":{"custom_model_data":92},"model":"modelengine:terravore_drake/right_wrist"},{"predicate":{"custom_model_data":93},"model":"modelengine:terravore_drake/left_wrist"},{"predicate":{"custom_model_data":94},"model":"modelengine:terravore_drake/tail_mid"},{"predicate":{"custom_model_data":95},"model":"modelengine:terravore_drake/upper_neck"},{"predicate":{"custom_model_data":96},"model":"modelengine:terravore_drake/left_ankle"},{"predicate":{"custom_model_data":97},"model":"modelengine:terravore_drake/right_foot"},{"predicate":{"custom_model_data":98},"model":"modelengine:terravore_drake/right_hand"},{"predicate":{"custom_model_data":99},"model":"modelengine:terravore_drake/left_hand"},{"predicate":{"custom_model_data":100},"model":"modelengine:terravore_drake/tail_end"},{"predicate":{"custom_model_data":101},"model":"modelengine:terravore_drake/head"},{"predicate":{"custom_model_data":102},"model":"modelengine:terravore_drake/left_foot"},{"predicate":{"custom_model_data":103},"model":"modelengine:terravore_drake/tail_end_end"},{"predicate":{"custom_model_data":104},"model":"modelengine:terravore_drake/jaw"},{"predicate":{"custom_model_data":105},"model":"modelengine:flarewing_dragon/left_thigh"},{"predicate":{"custom_model_data":106},"model":"modelengine:flarewing_dragon/upper_body"},{"predicate":{"custom_model_data":107},"model":"modelengine:flarewing_dragon/right_thigh"},{"predicate":{"custom_model_data":108},"model":"modelengine:flarewing_dragon/left_leg"},{"predicate":{"custom_model_data":109},"model":"modelengine:flarewing_dragon/stomach"},{"predicate":{"custom_model_data":110},"model":"modelengine:flarewing_dragon/tail"},{"predicate":{"custom_model_data":111},"model":"modelengine:flarewing_dragon/right_leg"},{"predicate":{"custom_model_data":112},"model":"modelengine:flarewing_dragon/left_ankle"},{"predicate":{"custom_model_data":113},"model":"modelengine:flarewing_dragon/left_arm"},{"predicate":{"custom_model_data":114},"model":"modelengine:flarewing_dragon/right_wing"},{"predicate":{"custom_model_data":115},"model":"modelengine:flarewing_dragon/right_arm"},{"predicate":{"custom_model_data":116},"model":"modelengine:flarewing_dragon/chest"},{"predicate":{"custom_model_data":117},"model":"modelengine:flarewing_dragon/left_wing"},{"predicate":{"custom_model_data":118},"model":"modelengine:flarewing_dragon/tail_2"},{"predicate":{"custom_model_data":119},"model":"modelengine:flarewing_dragon/right_ankle"},{"predicate":{"custom_model_data":120},"model":"modelengine:flarewing_dragon/left_foot"},{"predicate":{"custom_model_data":121},"model":"modelengine:flarewing_dragon/left_wrist"},{"predicate":{"custom_model_data":122},"model":"modelengine:flarewing_dragon/right_wing_mid"},{"predicate":{"custom_model_data":123},"model":"modelengine:flarewing_dragon/right_wrist"},{"predicate":{"custom_model_data":124},"model":"modelengine:flarewing_dragon/neck"},{"predicate":{"custom_model_data":125},"model":"modelengine:flarewing_dragon/left_wing_mid"},{"predicate":{"custom_model_data":126},"model":"modelengine:flarewing_dragon/tail_3"},{"predicate":{"custom_model_data":127},"model":"modelengine:flarewing_dragon/right_foot"},{"predicate":{"custom_model_data":128},"model":"modelengine:flarewing_dragon/left_hand"},{"predicate":{"custom_model_data":129},"model":"modelengine:flarewing_dragon/right_wing_end"},{"predicate":{"custom_model_data":130},"model":"modelengine:flarewing_dragon/right_hand"},{"predicate":{"custom_model_data":131},"model":"modelengine:flarewing_dragon/upper_neck"},{"predicate":{"custom_model_data":132},"model":"modelengine:flarewing_dragon/left_wing_end"},{"predicate":{"custom_model_data":133},"model":"modelengine:flarewing_dragon/tail_end"},{"predicate":{"custom_model_data":134},"model":"modelengine:flarewing_dragon/head"},{"predicate":{"custom_model_data":135},"model":"modelengine:flarewing_dragon/jaw"},{"predicate":{"custom_model_data":136},"model":"modelengine:celestial_thunderlord/left_thigh"},{"predicate":{"custom_model_data":137},"model":"modelengine:celestial_thunderlord/upper_body"},{"predicate":{"custom_model_data":138},"model":"modelengine:celestial_thunderlord/right_thigh"},{"predicate":{"custom_model_data":139},"model":"modelengine:celestial_thunderlord/left_leg"},{"predicate":{"custom_model_data":140},"model":"modelengine:celestial_thunderlord/stomach"},{"predicate":{"custom_model_data":141},"model":"modelengine:celestial_thunderlord/tail"},{"predicate":{"custom_model_data":142},"model":"modelengine:celestial_thunderlord/right_leg"},{"predicate":{"custom_model_data":143},"model":"modelengine:celestial_thunderlord/left_ankle"},{"predicate":{"custom_model_data":144},"model":"modelengine:celestial_thunderlord/left_arm"},{"predicate":{"custom_model_data":145},"model":"modelengine:celestial_thunderlord/right_wing"},{"predicate":{"custom_model_data":146},"model":"modelengine:celestial_thunderlord/right_arm"},{"predicate":{"custom_model_data":147},"model":"modelengine:celestial_thunderlord/chest"},{"predicate":{"custom_model_data":148},"model":"modelengine:celestial_thunderlord/left_wing"},{"predicate":{"custom_model_data":149},"model":"modelengine:celestial_thunderlord/tail_2"},{"predicate":{"custom_model_data":150},"model":"modelengine:celestial_thunderlord/right_ankle"},{"predicate":{"custom_model_data":151},"model":"modelengine:celestial_thunderlord/left_foot"},{"predicate":{"custom_model_data":152},"model":"modelengine:celestial_thunderlord/left_wrist"},{"predicate":{"custom_model_data":153},"model":"modelengine:celestial_thunderlord/right_wing_mid"},{"predicate":{"custom_model_data":154},"model":"modelengine:celestial_thunderlord/right_wrist"},{"predicate":{"custom_model_data":155},"model":"modelengine:celestial_thunderlord/neck_left"},{"predicate":{"custom_model_data":156},"model":"modelengine:celestial_thunderlord/neck_right"},{"predicate":{"custom_model_data":157},"model":"modelengine:celestial_thunderlord/left_wing_mid"},{"predicate":{"custom_model_data":158},"model":"modelengine:celestial_thunderlord/tail_3"},{"predicate":{"custom_model_data":159},"model":"modelengine:celestial_thunderlord/right_foot"},{"predicate":{"custom_model_data":160},"model":"modelengine:celestial_thunderlord/left_toe"},{"predicate":{"custom_model_data":161},"model":"modelengine:celestial_thunderlord/left_hand"},{"predicate":{"custom_model_data":162},"model":"modelengine:celestial_thunderlord/right_wing_end"},{"predicate":{"custom_model_data":163},"model":"modelengine:celestial_thunderlord/right_hand"},{"predicate":{"custom_model_data":164},"model":"modelengine:celestial_thunderlord/upper_neck_left"},{"predicate":{"custom_model_data":165},"model":"modelengine:celestial_thunderlord/upper_neck_right"},{"predicate":{"custom_model_data":166},"model":"modelengine:celestial_thunderlord/left_wing_end"},{"predicate":{"custom_model_data":167},"model":"modelengine:celestial_thunderlord/tail_end"},{"predicate":{"custom_model_data":168},"model":"modelengine:celestial_thunderlord/right_toe"},{"predicate":{"custom_model_data":169},"model":"modelengine:celestial_thunderlord/left_thumb"},{"predicate":{"custom_model_data":170},"model":"modelengine:celestial_thunderlord/right_thumb"},{"predicate":{"custom_model_data":171},"model":"modelengine:celestial_thunderlord/head_left"},{"predicate":{"custom_model_data":172},"model":"modelengine:celestial_thunderlord/head_right"},{"predicate":{"custom_model_data":173},"model":"modelengine:celestial_thunderlord/claw4"},{"predicate":{"custom_model_data":174},"model":"modelengine:celestial_thunderlord/claw5"},{"predicate":{"custom_model_data":175},"model":"modelengine:celestial_thunderlord/claw6"},{"predicate":{"custom_model_data":176},"model":"modelengine:celestial_thunderlord/claw1"},{"predicate":{"custom_model_data":177},"model":"modelengine:celestial_thunderlord/claw2"},{"predicate":{"custom_model_data":178},"model":"modelengine:celestial_thunderlord/claw3"},{"predicate":{"custom_model_data":179},"model":"modelengine:celestial_thunderlord/jaw_left"},{"predicate":{"custom_model_data":180},"model":"modelengine:celestial_thunderlord/jaw_right"}]}