{"parent":"item/generated","textures":{"layer0":"item/leather_horse_armor"},"overrides":[{"predicate":{"custom_model_data":1},"model":"modelengine:e74bf5db-ee3e-43fa-9e32-7181504d3524"},{"predicate":{"custom_model_data":2},"model":"modelengine:9e8da504-74c2-4557-8b88-8bbf0e5678e1"},{"predicate":{"custom_model_data":3},"model":"modelengine:70064e99-6fb4-493e-9a4b-a1254d5799cf"},{"predicate":{"custom_model_data":4},"model":"modelengine:f68614f0-100e-42cf-83cf-defae38a3c88"},{"predicate":{"custom_model_data":5},"model":"modelengine:7c23c51d-6d83-44fc-841f-8b14194aa26e"},{"predicate":{"custom_model_data":6},"model":"modelengine:8bf16597-5eb3-4ba0-970b-6b186298243c"},{"predicate":{"custom_model_data":7},"model":"modelengine:49e4fe87-0eaa-4fb3-b8eb-c88b81b707f7"},{"predicate":{"custom_model_data":8},"model":"modelengine:4a0cd865-7fd9-44b5-9c58-636117b81a3c"},{"predicate":{"custom_model_data":9},"model":"modelengine:14f8066d-3f2d-42cf-b13a-4b9085b001b9"},{"predicate":{"custom_model_data":10},"model":"modelengine:8fd34a3a-3c34-4798-a046-9e260c0ddff2"},{"predicate":{"custom_model_data":11},"model":"modelengine:f874e84a-2052-4df9-aefc-a50ef4131e13"},{"predicate":{"custom_model_data":12},"model":"modelengine:0ece2bc5-5859-463b-8974-59b8ebbb5d40"},{"predicate":{"custom_model_data":13},"model":"modelengine:66c13929-c81b-4e53-a933-cec00acf2348"},{"predicate":{"custom_model_data":14},"model":"modelengine:dbcad761-ec1c-4fdf-afc9-05de5661ee4f"},{"predicate":{"custom_model_data":15},"model":"modelengine:e6014d4f-64d5-4fae-a36b-8885c6e2c8df"},{"predicate":{"custom_model_data":16},"model":"modelengine:5a53ff4b-14c8-448e-9a08-f5ed4b383cff"},{"predicate":{"custom_model_data":17},"model":"modelengine:e6904d96-5ec7-450a-9fe4-06762fec95f1"},{"predicate":{"custom_model_data":18},"model":"modelengine:f5189b84-216a-4bad-abc4-f2cb5bbb193e"},{"predicate":{"custom_model_data":19},"model":"modelengine:b9595d35-3392-4c68-a06c-982273c26923"},{"predicate":{"custom_model_data":20},"model":"modelengine:db620707-8ad6-4564-9da0-01d09e6248b7"},{"predicate":{"custom_model_data":21},"model":"modelengine:b6f1e999-302d-48b6-ba60-03449723e0f2"},{"predicate":{"custom_model_data":22},"model":"modelengine:ece02e6a-2cdf-44c1-9bfd-fb0771bd1612"},{"predicate":{"custom_model_data":23},"model":"modelengine:56bfa645-7921-4ea4-a49e-8d8b1d00332a"},{"predicate":{"custom_model_data":24},"model":"modelengine:f76ea2ea-2703-4131-9acc-d4588ec19399"},{"predicate":{"custom_model_data":25},"model":"modelengine:f6268f37-57ef-4e51-b1b3-4181eec37a9e"},{"predicate":{"custom_model_data":26},"model":"modelengine:5d209f47-44aa-47a6-9824-e569cb594155"},{"predicate":{"custom_model_data":27},"model":"modelengine:a44aaa8c-48de-4a56-842e-1f2619db8319"},{"predicate":{"custom_model_data":28},"model":"modelengine:ebf69a41-48c7-49c5-a76b-3daa9cd0c523"},{"predicate":{"custom_model_data":29},"model":"modelengine:51f8b5c2-7099-474e-8249-8ee6c29660c7"},{"predicate":{"custom_model_data":30},"model":"modelengine:c2cfb956-c680-4af4-b624-78aefc19c39b"},{"predicate":{"custom_model_data":31},"model":"modelengine:a139dc64-d1cc-435e-b18c-893d83c605d5"},{"predicate":{"custom_model_data":32},"model":"modelengine:84a251e3-5505-4b7d-b55b-8b3dd81dcd8d"},{"predicate":{"custom_model_data":33},"model":"modelengine:d90e3b00-c619-41ef-b0e9-59f4856ad9dd"},{"predicate":{"custom_model_data":34},"model":"modelengine:f748764d-8e36-466d-bcf3-bae68f24c178"},{"predicate":{"custom_model_data":35},"model":"modelengine:26102c7d-acf8-4f24-9ecd-2139113daa80"},{"predicate":{"custom_model_data":36},"model":"modelengine:bd763035-35cd-4e5b-a0ca-88998f3c95bb"},{"predicate":{"custom_model_data":37},"model":"modelengine:152f9424-1c09-4200-9616-6454b2028dbc"},{"predicate":{"custom_model_data":38},"model":"modelengine:119e896d-01eb-4167-a300-3c8bee1e3a65"},{"predicate":{"custom_model_data":39},"model":"modelengine:6d48ed5f-9d90-4f38-bc81-d0da47f28216"},{"predicate":{"custom_model_data":40},"model":"modelengine:5c19c368-64ff-44fc-acdc-f94633d1e709"},{"predicate":{"custom_model_data":41},"model":"modelengine:6fe53934-079c-46a1-bfdb-3e1bda441759"},{"predicate":{"custom_model_data":42},"model":"modelengine:700c2b54-c128-4f4a-bab8-ca01eb9bf0e1"},{"predicate":{"custom_model_data":43},"model":"modelengine:c4abc7b3-7942-4568-841d-f0fc1767838b"},{"predicate":{"custom_model_data":44},"model":"modelengine:7e8c4cea-6150-4cab-8f62-91c69ca3b44a"},{"predicate":{"custom_model_data":45},"model":"modelengine:40ee1833-1836-42dc-95d2-b2d17a2ba7ef"},{"predicate":{"custom_model_data":46},"model":"modelengine:63a86621-c2e2-4478-a8fc-dc9c318718f8"},{"predicate":{"custom_model_data":47},"model":"modelengine:a4dc7a31-ae6d-402f-9a15-4f5ec170f83a"},{"predicate":{"custom_model_data":48},"model":"modelengine:de1b636d-bb09-414b-8ba1-274ff861a120"},{"predicate":{"custom_model_data":49},"model":"modelengine:ab307406-0d91-452e-8c1a-caa374dfd94b"},{"predicate":{"custom_model_data":50},"model":"modelengine:6c415dd4-c379-4cb0-b00e-5d14bd51804b"},{"predicate":{"custom_model_data":51},"model":"modelengine:2671a442-979c-435d-b927-19e8fe4bc404"},{"predicate":{"custom_model_data":52},"model":"modelengine:eb3005d4-de88-48bf-99e4-af5bf3ea5df9"},{"predicate":{"custom_model_data":53},"model":"modelengine:2eca4503-8b32-4560-a605-633aeffdcf2e"},{"predicate":{"custom_model_data":54},"model":"modelengine:3d95b18d-495a-4903-a20b-636d1843c3d2"},{"predicate":{"custom_model_data":55},"model":"modelengine:38c3b5d0-8cb7-4d3d-8f7b-d8cdac3af777"},{"predicate":{"custom_model_data":56},"model":"modelengine:aba3924a-10ef-4ca0-bf88-4ffc35ee10a2"},{"predicate":{"custom_model_data":57},"model":"modelengine:e5452e54-a945-4532-88ba-eb1388e86336"},{"predicate":{"custom_model_data":58},"model":"modelengine:5ccd4d7e-d0d1-4c29-ae18-7c1c7ee0eb84"},{"predicate":{"custom_model_data":59},"model":"modelengine:bc19eb3c-4c96-4e2f-bb75-b804d8f71a18"},{"predicate":{"custom_model_data":60},"model":"modelengine:3f542853-0367-4123-82e8-0b6111b1c1bc"},{"predicate":{"custom_model_data":61},"model":"modelengine:ebc0766c-85d1-4266-b6e4-4e31e20e4b50"},{"predicate":{"custom_model_data":62},"model":"modelengine:90d1da62-db0d-431b-8890-75dd4e0aa5e2"},{"predicate":{"custom_model_data":63},"model":"modelengine:23603b63-6ab5-4ef6-a852-6506912fb3be"},{"predicate":{"custom_model_data":64},"model":"modelengine:e48919c2-e717-4b2f-91c2-8f55aa5b1826"},{"predicate":{"custom_model_data":65},"model":"modelengine:99a62f13-9443-4d99-92bf-74ba1fe560a0"},{"predicate":{"custom_model_data":66},"model":"modelengine:35a4e867-dd3a-46a5-b3be-37abe7abc73c"},{"predicate":{"custom_model_data":67},"model":"modelengine:6e80ff21-fb76-4532-824c-c49a3fd99f47"},{"predicate":{"custom_model_data":68},"model":"modelengine:31718c04-f9d0-40f8-9e22-c942cde502a2"},{"predicate":{"custom_model_data":69},"model":"modelengine:8511059c-5041-4aae-b586-5d8eab5aa6d4"},{"predicate":{"custom_model_data":70},"model":"modelengine:475e4930-4996-43d7-91b8-24b7997f302f"},{"predicate":{"custom_model_data":71},"model":"modelengine:988254b0-7122-451d-bece-7250b55d38a3"},{"predicate":{"custom_model_data":72},"model":"modelengine:f52daff4-1ebe-4beb-b4b3-f8a4e45608c9"},{"predicate":{"custom_model_data":73},"model":"modelengine:ad6fa5ef-fdd0-459d-98b6-b78242b78c6e"},{"predicate":{"custom_model_data":74},"model":"modelengine:4650b063-ed93-479f-9bf3-6d2c70437122"},{"predicate":{"custom_model_data":75},"model":"modelengine:e3db34d7-9d02-4e1c-8acd-3fe17bcd81b5"},{"predicate":{"custom_model_data":76},"model":"modelengine:779ae3c1-d964-4995-ae27-b2b8659fe9bf"},{"predicate":{"custom_model_data":77},"model":"modelengine:96b4388b-7955-4267-8471-c86409a85480"},{"predicate":{"custom_model_data":78},"model":"modelengine:d2aee808-d1a8-4936-af30-7263a33b9f54"},{"predicate":{"custom_model_data":79},"model":"modelengine:17dd5529-0e37-4087-bc26-e1717a705817"},{"predicate":{"custom_model_data":80},"model":"modelengine:d7adbd60-3f82-43c9-8396-7ecb24ff43c5"},{"predicate":{"custom_model_data":81},"model":"modelengine:5d27c1b6-624c-4b39-8f24-275b46f8e00f"},{"predicate":{"custom_model_data":82},"model":"modelengine:be7734b1-f507-456b-986a-f8f2c59b9f24"},{"predicate":{"custom_model_data":83},"model":"modelengine:98abd37c-c8b7-4512-b56f-0d6886cb8a81"},{"predicate":{"custom_model_data":84},"model":"modelengine:0fc13abd-bc49-4c7c-aa40-eabca0f323f9"},{"predicate":{"custom_model_data":85},"model":"modelengine:f32f01e9-a338-4c23-9cf7-6b7a0e4023d7"},{"predicate":{"custom_model_data":86},"model":"modelengine:369ef50f-bd55-4bb3-a8bc-ecc835d7d728"},{"predicate":{"custom_model_data":87},"model":"modelengine:d6cc4ec0-1488-4fce-9923-d58655035292"},{"predicate":{"custom_model_data":88},"model":"modelengine:a1cc5592-f92d-43d3-a033-7fdd2ee9063c"},{"predicate":{"custom_model_data":89},"model":"modelengine:fe59eeb7-a90b-4ad6-8c5b-2c795a3bef47"},{"predicate":{"custom_model_data":90},"model":"modelengine:76e6728b-3d65-4910-b5a3-32af0b8f5534"},{"predicate":{"custom_model_data":91},"model":"modelengine:0c6f286c-c44b-4458-908d-c62ee000a215"},{"predicate":{"custom_model_data":92},"model":"modelengine:47fea613-478f-40d7-ae32-3e4af947ad87"},{"predicate":{"custom_model_data":93},"model":"modelengine:5b4a7233-ab5b-4202-a073-814d56f36c0d"},{"predicate":{"custom_model_data":94},"model":"modelengine:534af0f4-e3f0-4d1d-a0e8-00b4ed17a5ea"},{"predicate":{"custom_model_data":95},"model":"modelengine:eaeec134-944c-467b-a18e-557b06aa9444"},{"predicate":{"custom_model_data":96},"model":"modelengine:28828470-0073-4806-8208-6170cd7a27bb"},{"predicate":{"custom_model_data":1000},"model":"nexo:3b83078c-ac7d-49d3-a317-6727533b11fa"},{"predicate":{"custom_model_data":1001},"model":"nexo:64f34d74-6b80-457c-b8c5-7e9afe8d843c"},{"predicate":{"custom_model_data":1002},"model":"nexo:899fafb6-6487-488e-9efd-134f0b836b82"},{"predicate":{"custom_model_data":1003},"model":"nexo:bd4fb391-e95d-42df-9161-51938c092098"}]}