{"parent":"item/handheld","textures":{"layer0":"item/netherite_axe"},"overrides":[{"predicate":{"custom_model_data":1000},"model":"nexo:a99b9f96-18cc-4b47-a174-81400748a207"},{"predicate":{"custom_model_data":17004},"model":"73c993e9-553f-47ac-9468-cbf81aaa69cc"},{"predicate":{"custom_model_data":17008},"model":"e354c0a4-7357-4c34-9dc5-eb36645fca24"},{"predicate":{"custom_model_data":17011},"model":"cf866cef-4d26-494d-b673-7f9bb1d747c7"},{"predicate":{"custom_model_data":17015},"model":"184f4d4c-070d-4790-ad61-3f9ef341e729"}]}