{"parent":"item/generated","textures":{"layer0":"item/paper"},"overrides":[{"predicate":{"custom_model_data":1001},"model":"nexo:e4f70538-00a6-44a9-ab89-b88360aafa46"},{"predicate":{"custom_model_data":1009},"model":"nexo:a0e62b94-f156-458c-b07a-1efc143586bb"},{"predicate":{"custom_model_data":1010},"model":"nexo:b8577a6f-1a92-4e82-931a-422829d29ba4"},{"predicate":{"custom_model_data":1011},"model":"nexo:34efa0d8-a7f4-48a6-9edd-f23d684bcfab"},{"predicate":{"custom_model_data":1012},"model":"nexo:a7e18617-091b-4c29-ac0b-8a96bd8e6fca"},{"predicate":{"custom_model_data":1013},"model":"nexo:d831edb5-09aa-4f81-b7d8-e32c442c9fb3"},{"predicate":{"custom_model_data":1014},"model":"9d09a3f5-268a-4887-a64f-c424b642aba0"},{"predicate":{"custom_model_data":1015},"model":"a4fe6aed-2144-47f3-90c3-62d14b4bf976"},{"predicate":{"custom_model_data":1016},"model":"bda651a4-a235-4e49-a92f-75aa6d46dcfd"}]}