{"parent":"item/generated","textures":{"layer0":"item/paper"},"overrides":[{"predicate":{"custom_model_data":1000},"model":"d4477aa3-7de5-4716-aaaf-e6c6fe210c6c"},{"predicate":{"custom_model_data":1001},"model":"nexo:6ae4f169-f69e-42be-b2fc-7823f7951cd8"},{"predicate":{"custom_model_data":1002},"model":"nexo:3973b2cf-2744-40a2-b18c-09c155b619f2"},{"predicate":{"custom_model_data":1003},"model":"nexo:79f7ca77-fafa-4b78-8fa6-a6bbd48ed092"},{"predicate":{"custom_model_data":1004},"model":"nexo:f8a67fc9-fee4-4a04-b8b2-265841145a8e"},{"predicate":{"custom_model_data":1005},"model":"nexo:2acc1713-7001-4598-9306-42cd5d8de18f"},{"predicate":{"custom_model_data":1006},"model":"nexo:42c10568-24a7-43be-8e73-37ee8619783f"},{"predicate":{"custom_model_data":1007},"model":"nexo:20375640-d2b5-4ddb-9265-d9321601f764"},{"predicate":{"custom_model_data":1008},"model":"505178be-d1c4-4c33-9c10-0022932e9ba7"},{"predicate":{"custom_model_data":1009},"model":"e11640a0-ff09-471d-9bfe-ced888c7a64f"},{"predicate":{"custom_model_data":1010},"model":"fef6643c-d68d-4afc-a8d0-5d86af227cd8"},{"predicate":{"custom_model_data":17014},"model":"d6cf576e-c445-459c-b744-c901b9ef3e4d"},{"predicate":{"custom_model_data":17019},"model":"7617aa4c-62be-4f24-903b-47100f518735"}]}