{"parent":"item/generated","textures":{"layer0":"item/paper"},"overrides":[{"predicate":{"custom_model_data":1001},"model":"nexo:19561c52-d83b-4486-b36f-c156cccb0013"},{"predicate":{"custom_model_data":1009},"model":"nexo:87dea539-941a-4162-8c70-8f930651ec5e"},{"predicate":{"custom_model_data":1010},"model":"nexo:ef4e5c0d-a1de-4fc2-bad7-e0bed3b8e2b5"},{"predicate":{"custom_model_data":1011},"model":"nexo:9a19b095-6d6b-47eb-af35-a2c3c3cdc7ca"},{"predicate":{"custom_model_data":1012},"model":"nexo:f3e909b8-4d24-43e0-b5d6-d4cb1a3328dd"},{"predicate":{"custom_model_data":1013},"model":"nexo:54830bb1-739b-4649-9c42-9624c7b9ddf5"},{"predicate":{"custom_model_data":1014},"model":"95c09ce0-ebef-4bed-801a-a01313524cd8"},{"predicate":{"custom_model_data":1015},"model":"bc3e559d-87ff-4469-b298-799b65f7b5b3"},{"predicate":{"custom_model_data":1016},"model":"1956c624-ed6e-4765-8d7b-35a77590b805"}]}