{"parent":"item/generated","textures":{"layer0":"item/paper"},"overrides":[{"predicate":{"custom_model_data":1000},"model":"e70a3b8e-e28a-4904-8811-28c8bd326ace"},{"predicate":{"custom_model_data":1001},"model":"nexo:13a82d37-e4bd-4c80-a457-29d487b0eee2"},{"predicate":{"custom_model_data":1002},"model":"nexo:1e980b98-0292-4fed-a711-d8052a0b2c18"},{"predicate":{"custom_model_data":1003},"model":"nexo:b8957112-a4c6-4647-95f0-15a76b79e62c"},{"predicate":{"custom_model_data":1004},"model":"nexo:330f932d-1156-461e-9eaa-c635b293dc32"},{"predicate":{"custom_model_data":1005},"model":"nexo:a90b144a-598f-4b61-a2fd-704639b4acde"},{"predicate":{"custom_model_data":1006},"model":"nexo:3d5802a3-6cf4-47cc-8ae3-0723d694c033"},{"predicate":{"custom_model_data":1007},"model":"nexo:e11fdb80-edfe-43be-b69e-6e7a1777cf54"},{"predicate":{"custom_model_data":1008},"model":"a317138c-bfbf-4bb9-9b98-b9d0e096d18f"},{"predicate":{"custom_model_data":1009},"model":"e9a8dbbc-77a4-45b6-ae40-ed98d438dc61"},{"predicate":{"custom_model_data":1010},"model":"b8d48f15-9cbe-4dcc-8185-a4367584e60a"},{"predicate":{"custom_model_data":17014},"model":"1605acae-89b3-4a23-923a-696702d332d6"},{"predicate":{"custom_model_data":17019},"model":"04debb9d-1b6c-46ac-ae56-daac9249f044"}]}