{"parent":"item/generated","textures":{"layer0":"item/paper"},"overrides":[{"predicate":{"custom_model_data":1001},"model":"nexo:afac6c70-03a4-43af-b80d-4e7e6eed31d4"},{"predicate":{"custom_model_data":1009},"model":"nexo:e420921d-69a8-4de9-85ff-73b41d11f31a"},{"predicate":{"custom_model_data":1010},"model":"nexo:0738cdc4-abeb-4e32-8f13-ae80fc9f8f36"},{"predicate":{"custom_model_data":1011},"model":"nexo:eec19c80-1aa6-441f-b6de-b2955cb22a2e"},{"predicate":{"custom_model_data":1012},"model":"nexo:b5528cf4-358d-43d6-995a-c055e428262c"},{"predicate":{"custom_model_data":1013},"model":"nexo:0a224cc9-300a-482e-9cbd-169361e8f1a9"},{"predicate":{"custom_model_data":1014},"model":"7de9d374-4c25-499e-a455-e822d53d330d"},{"predicate":{"custom_model_data":1015},"model":"8e831c33-9765-4739-b849-9b0fcf2f01cb"},{"predicate":{"custom_model_data":1016},"model":"1c0cf1a4-f28f-4ea2-8662-e266a3b4650c"}]}