{"parent":"builtin/entity","display":{"thirdperson_righthand":{"rotation":[0.0,90.0,0.0],"translation":[10.0,6.0,-4.0]},"thirdperson_lefthand":{"rotation":[0.0,90.0,0.0],"translation":[10.0,6.0,12.0]},"firstperson_righthand":{"rotation":[0.0,180.0,5.0],"translation":[-10.0,2.0,-10.0],"scale":[1.25,1.25,1.25]},"firstperson_lefthand":{"rotation":[0.0,180.0,5.0],"translation":[10.0,0.0,-10.0],"scale":[1.25,1.25,1.25]},"gui":{"rotation":[15.0,-25.0,-5.0],"translation":[2.0,3.0,0.0],"scale":[0.65,0.65,0.65]},"fixed":{"rotation":[0.0,180.0,0.0],"translation":[-4.5,4.5,-5.0],"scale":[0.55,0.55,0.55]},"ground":{"translation":[2.0,4.0,2.0],"scale":[0.25,0.25,0.25]}},"textures":{"particle":"block/dark_oak_planks"},"gui_light":"front","overrides":[{"predicate":{"custom_model_data":1000},"model":"nexo:1f0d8125-6f75-4e3b-be2f-4458649c6dc8"},{"predicate":{"blocking":1.0,"custom_model_data":1000},"model":"nexo:9e8034f7-94d4-482f-8232-b275e65e82ff"},{"predicate":{"custom_model_data":17009},"model":"df8e97be-fbe2-4f7c-813a-318396314e03"},{"predicate":{"blocking":1.0,"custom_model_data":17009},"model":"df8e97be-fbe2-4f7c-813a-318396314e03"}]}