{"display":{"head":{},"firstperson_righthand":{},"thirdperson_lefthand":{},"firstperson_lefthand":{},"fixed":{},"ground":{},"thirdperson_righthand":{},"gui":{"rotation":[-150.0,-45.0,180.0]}},"elements":[{"from":[5.51,-6.0,8.5],"to":[10.49,9.0,13.5],"faces":{"east":{"uv":[7.875,8.25,8.5,10.125],"texture":"#0","tintindex":0},"south":{"uv":[8.5,8.25,7.875,10.125],"texture":"#0","tintindex":0},"north":{"uv":[8.5,8.25,7.875,10.125],"texture":"#0","tintindex":0},"west":{"uv":[7.875,8.25,8.5,10.125],"texture":"#0","tintindex":0},"up":{"uv":[5.0,12.25,5.625,11.625],"texture":"#0","tintindex":0},"down":{"uv":[5.625,11.625,6.25,12.25],"texture":"#0","tintindex":0}}}],"textures":{"particle":"#0","0":"modelengine:8832c6ac-c0ab-4cec-abc5-ba423514b7c1"}}