{"display":{"head":{},"firstperson_righthand":{},"thirdperson_lefthand":{},"firstperson_lefthand":{},"fixed":{},"ground":{},"thirdperson_righthand":{},"gui":{"rotation":[-150.0,-45.0,180.0]}},"elements":[{"from":[5.5025005,5.2703733,-2.1112251],"to":[5.5025005,8.270373,-0.11122513],"faces":{"east":{"uv":[9.125,10.5,8.875,10.875],"texture":"#0","tintindex":0},"west":{"uv":[9.125,10.125,8.875,10.5],"texture":"#0","tintindex":0}}},{"from":[4.5025005,5.2703733,-0.11122513],"to":[11.4825,8.270373,7.888775],"faces":{"east":{"uv":[12.875,0.875,11.875,1.25],"texture":"#0","tintindex":0},"south":{"uv":[8.0,12.0,7.125,12.375],"texture":"#0","tintindex":0},"north":{"uv":[7.125,12.0,6.25,12.375],"texture":"#0","tintindex":0},"west":{"uv":[1.0,11.75,0.0,12.125],"texture":"#0","tintindex":0},"up":{"uv":[10.625,5.75,11.5,4.75],"texture":"#0","tintindex":0},"down":{"uv":[4.875,10.625,5.75,11.625],"texture":"#0","tintindex":0}}},{"from":[10.502501,5.2703733,-2.1112251],"to":[10.502501,8.270373,-0.11122513],"faces":{"east":{"uv":[0.875,9.875,0.625,10.25],"texture":"#0","tintindex":0},"west":{"uv":[0.875,9.5,0.625,9.875],"texture":"#0","tintindex":0}}},{"from":[8.002501,5.2703733,-3.1112251],"to":[8.002501,9.270373,-0.11122513],"faces":{"east":{"uv":[4.25,12.25,3.875,12.75],"texture":"#0","tintindex":0},"west":{"uv":[3.875,12.25,3.5,12.75],"texture":"#0","tintindex":0}}}],"textures":{"particle":"#0","0":"modelengine:8832c6ac-c0ab-4cec-abc5-ba423514b7c1"}}