{"display":{"head":{},"firstperson_righthand":{},"thirdperson_lefthand":{},"firstperson_lefthand":{},"fixed":{},"ground":{},"thirdperson_righthand":{},"gui":{"rotation":[-150.0,-45.0,180.0]}},"elements":[{"from":[8.5,-1.75,4.25],"to":[13.5,12.25,13.25],"faces":{"east":{"uv":[0.0,5.5,1.125,7.25],"texture":"#0","tintindex":0},"south":{"uv":[9.75,9.25,9.125,11.0],"texture":"#0","tintindex":0},"north":{"uv":[9.875,0.0,9.25,1.75],"texture":"#0","tintindex":0},"west":{"uv":[1.125,5.5,0.0,7.25],"texture":"#0","tintindex":0},"up":{"uv":[0.0,11.75,0.625,10.625],"texture":"#0","tintindex":0},"down":{"uv":[8.875,11.0,9.5,12.125],"texture":"#0","tintindex":0}}}],"textures":{"particle":"#0","0":"modelengine:52ad4db0-8bed-40fc-8d74-ff53fce72714"}}