{"display":{"head":{},"firstperson_righthand":{},"thirdperson_lefthand":{},"firstperson_lefthand":{},"fixed":{},"ground":{},"thirdperson_righthand":{},"gui":{"rotation":[-150.0,-45.0,180.0]}},"elements":[{"from":[7.9974995,5.4784245,0.49365902],"to":[7.9974995,9.478424,3.493659],"faces":{"east":{"uv":[7.5,9.625,7.875,10.125],"texture":"#0","tintindex":0},"west":{"uv":[10.25,4.75,10.625,5.25],"texture":"#0","tintindex":0}}},{"from":[5.4974995,5.4784245,1.493659],"to":[5.4974995,8.478424,3.493659],"faces":{"east":{"uv":[0.875,7.25,1.125,7.625],"texture":"#0","tintindex":0},"west":{"uv":[0.875,7.625,1.125,8.0],"texture":"#0","tintindex":0}}},{"from":[10.497499,5.4784245,1.493659],"to":[10.497499,8.478424,3.493659],"faces":{"east":{"uv":[7.0,7.875,7.25,8.25],"texture":"#0","tintindex":0},"west":{"uv":[0.875,8.0,1.125,8.375],"texture":"#0","tintindex":0}}},{"from":[4.5175,5.4784245,3.493659],"to":[11.497499,8.478424,11.493659],"faces":{"east":{"uv":[11.625,3.875,12.625,4.25],"texture":"#0","tintindex":0},"south":{"uv":[2.25,12.0,3.125,12.375],"texture":"#0","tintindex":0},"north":{"uv":[12.0,2.0,12.875,2.375],"texture":"#0","tintindex":0},"west":{"uv":[12.625,3.875,11.625,4.25],"texture":"#0","tintindex":0},"up":{"uv":[2.0,6.5,1.125,5.5],"texture":"#0","tintindex":0},"down":{"uv":[4.0,10.375,3.125,11.375],"texture":"#0","tintindex":0}}}],"textures":{"particle":"#0","0":"modelengine:52ad4db0-8bed-40fc-8d74-ff53fce72714"}}