{"display":{"head":{},"firstperson_righthand":{},"thirdperson_lefthand":{},"firstperson_lefthand":{},"fixed":{},"ground":{},"thirdperson_righthand":{},"gui":{"rotation":[-150.0,-45.0,180.0]}},"elements":[{"from":[5.5025005,5.4784245,1.493659],"to":[5.5025005,8.478424,3.493659],"faces":{"east":{"uv":[1.125,8.0,0.875,8.375],"texture":"#0","tintindex":0},"west":{"uv":[7.25,7.875,7.0,8.25],"texture":"#0","tintindex":0}}},{"from":[4.5025005,5.4784245,3.493659],"to":[11.4825,8.478424,11.493659],"faces":{"east":{"uv":[11.625,3.875,12.625,4.25],"texture":"#0","tintindex":0},"south":{"uv":[3.125,12.0,2.25,12.375],"texture":"#0","tintindex":0},"north":{"uv":[12.875,2.0,12.0,2.375],"texture":"#0","tintindex":0},"west":{"uv":[12.625,3.875,11.625,4.25],"texture":"#0","tintindex":0},"up":{"uv":[1.125,6.5,2.0,5.5],"texture":"#0","tintindex":0},"down":{"uv":[3.125,10.375,4.0,11.375],"texture":"#0","tintindex":0}}},{"from":[10.502501,5.4784245,1.493659],"to":[10.502501,8.478424,3.493659],"faces":{"east":{"uv":[1.125,7.625,0.875,8.0],"texture":"#0","tintindex":0},"west":{"uv":[1.125,7.25,0.875,7.625],"texture":"#0","tintindex":0}}},{"from":[8.002501,5.4784245,0.49365902],"to":[8.002501,9.478424,3.493659],"faces":{"east":{"uv":[10.625,4.75,10.25,5.25],"texture":"#0","tintindex":0},"west":{"uv":[7.875,9.625,7.5,10.125],"texture":"#0","tintindex":0}}}],"textures":{"particle":"#0","0":"modelengine:8832c6ac-c0ab-4cec-abc5-ba423514b7c1"}}