{"display":{"head":{},"firstperson_righthand":{},"thirdperson_lefthand":{},"firstperson_lefthand":{},"fixed":{},"ground":{},"thirdperson_righthand":{},"gui":{"rotation":[-150.0,-45.0,180.0]}},"elements":[{"from":[4.0,4.003935,-0.48006344],"to":[12.0,12.003935,7.5199366],"faces":{"east":{"uv":[9.625,6.25,10.625,7.25],"texture":"#0","tintindex":0},"south":{"uv":[6.5,9.625,7.5,10.625],"texture":"#0","tintindex":0},"north":{"uv":[9.625,5.25,10.625,6.25],"texture":"#0","tintindex":0},"west":{"uv":[9.75,7.25,10.75,8.25],"texture":"#0","tintindex":0},"up":{"uv":[10.75,9.25,9.75,8.25],"texture":"#0","tintindex":0},"down":{"uv":[10.75,9.25,9.75,10.25],"texture":"#0","tintindex":0}}},{"from":[4.0,12.003935,2.5199366],"to":[4.0,17.003935,9.519937],"rotation":{"origin":[4.0,12.003935,7.5199366],"axis":"y","angle":-22.5},"faces":{"east":{"uv":[7.875,1.75,8.75,2.375],"texture":"#0","tintindex":0},"west":{"uv":[11.5,0.0,12.375,0.625],"texture":"#0","tintindex":0}}},{"from":[-2.0,4.003935,1.5199366],"to":[4.0,12.003935,1.5199366],"rotation":{"origin":[4.0,8.003935,1.5199366],"axis":"y","angle":45.0},"faces":{"south":{"uv":[11.5,6.75,10.75,7.75],"texture":"#0","tintindex":0},"north":{"uv":[10.75,6.75,11.5,7.75],"texture":"#0","tintindex":0}}},{"from":[6.0,5.003935,-6.4800634],"to":[10.0,9.003935,-0.48006344],"faces":{"east":{"uv":[1.0,11.75,1.75,12.25],"texture":"#0","tintindex":0},"south":{"uv":[8.25,3.125,8.75,3.625],"texture":"#0","tintindex":0},"north":{"uv":[7.625,5.375,8.125,5.875],"texture":"#0","tintindex":0},"west":{"uv":[10.875,11.75,11.625,12.25],"texture":"#0","tintindex":0},"up":{"uv":[7.0,9.5,6.5,8.75],"texture":"#0","tintindex":0},"down":{"uv":[2.25,12.0,1.75,12.75],"texture":"#0","tintindex":0}}},{"from":[12.0,12.003935,2.5199366],"to":[12.0,17.003935,9.519937],"rotation":{"origin":[12.0,12.003935,7.5199366],"axis":"y","angle":22.5},"faces":{"east":{"uv":[11.5,4.75,12.375,5.375],"texture":"#0","tintindex":0},"west":{"uv":[11.5,5.375,12.375,6.0],"texture":"#0","tintindex":0}}},{"from":[12.0,4.003935,1.5199366],"to":[18.0,12.003935,1.5199366],"rotation":{"origin":[12.0,8.003935,1.5199366],"axis":"y","angle":-45.0},"faces":{"south":{"uv":[11.5,8.75,10.75,9.75],"texture":"#0","tintindex":0},"north":{"uv":[10.75,8.75,11.5,9.75],"texture":"#0","tintindex":0}}},{"from":[6.0,3.0039349,-6.4800634],"to":[10.0,5.003935,-6.4800634],"faces":{"south":{"uv":[5.75,12.25,6.25,12.5],"texture":"#0","tintindex":0},"north":{"uv":[10.625,1.0,11.125,1.25],"texture":"#0","tintindex":0}}},{"from":[3.0,12.003935,1.5199366],"to":[13.0,12.003935,6.5199366],"rotation":{"origin":[8.0,12.003935,1.5199366],"axis":"x","angle":-22.5},"faces":{"up":{"uv":[12.0,2.625,10.75,2.0],"texture":"#0","tintindex":0},"down":{"uv":[12.0,2.625,10.75,3.25],"texture":"#0","tintindex":0}}},{"from":[6.5,2.0039349,-0.48006344],"to":[9.5,4.003935,7.5199366],"faces":{"east":{"uv":[11.5,0.625,12.5,0.875],"texture":"#0","tintindex":0},"south":{"uv":[11.25,12.25,11.625,12.5],"texture":"#0","tintindex":0},"north":{"uv":[10.875,12.25,11.25,12.5],"texture":"#0","tintindex":0},"west":{"uv":[11.5,9.0,12.5,9.25],"texture":"#0","tintindex":0},"up":{"uv":[10.5,12.0,10.125,11.0],"texture":"#0","tintindex":0},"down":{"uv":[10.875,11.0,10.5,12.0],"texture":"#0","tintindex":0}}},{"from":[10.0,3.0039349,-6.4800634],"to":[10.0,5.003935,-0.48006344],"faces":{"east":{"uv":[8.0,12.25,8.75,12.5],"texture":"#0","tintindex":0},"west":{"uv":[12.25,9.25,13.0,9.5],"texture":"#0","tintindex":0}}},{"from":[6.0,3.0039349,-6.4800634],"to":[6.0,5.003935,-0.48006344],"faces":{"east":{"uv":[12.25,3.625,13.0,3.875],"texture":"#0","tintindex":0},"west":{"uv":[5.0,12.25,5.75,12.5],"texture":"#0","tintindex":0}}}],"textures":{"particle":"#0","0":"modelengine:52ad4db0-8bed-40fc-8d74-ff53fce72714"}}