{"display":{"head":{},"firstperson_righthand":{},"thirdperson_lefthand":{},"firstperson_lefthand":{},"fixed":{},"ground":{},"thirdperson_righthand":{},"gui":{"rotation":[-150.0,-45.0,180.0]}},"elements":[{"from":[4.5,4.5,8.5],"to":[11.5,11.5,19.5],"faces":{"east":{"uv":[4.25,7.875,5.625,8.75],"texture":"#0","tintindex":0},"south":{"uv":[6.625,10.625,7.5,11.5],"texture":"#0","tintindex":0},"north":{"uv":[2.0,4.375,2.875,5.25],"texture":"#0","tintindex":0},"west":{"uv":[5.625,7.875,4.25,8.75],"texture":"#0","tintindex":0},"up":{"uv":[9.0,6.75,8.125,5.375],"texture":"#0","tintindex":0},"down":{"uv":[9.0,5.375,8.125,6.75],"texture":"#0","tintindex":0}}}],"textures":{"particle":"#0","0":"modelengine:52ad4db0-8bed-40fc-8d74-ff53fce72714"}}