{"display":{"head":{},"firstperson_righthand":{},"thirdperson_lefthand":{},"firstperson_lefthand":{},"fixed":{},"ground":{},"thirdperson_righthand":{},"gui":{"rotation":[-150.0,-45.0,180.0]}},"elements":[{"from":[5.0,5.0,7.0],"to":[11.0,11.0,16.999998],"faces":{"east":{"uv":[8.0,0.0,9.25,0.75],"texture":"#0","tintindex":0},"south":{"uv":[8.125,7.5,8.875,6.75],"texture":"#0","tintindex":0},"north":{"uv":[8.125,6.75,8.875,7.5],"texture":"#0","tintindex":0},"west":{"uv":[9.25,0.0,8.0,0.75],"texture":"#0","tintindex":0},"up":{"uv":[10.75,3.25,10.0,2.0],"texture":"#0","tintindex":0},"down":{"uv":[10.75,2.0,10.0,3.25],"texture":"#0","tintindex":0}}}],"textures":{"particle":"#0","0":"modelengine:52ad4db0-8bed-40fc-8d74-ff53fce72714"}}