{
  "textures": {
    "0": "modelengine:entity/timberwolf"
  },
  "elements": [
    {
      "from": [
        0,
        19,
        7
      ],
      "to": [
        16,
        19,
        16
      ],
      "faces": {
        "up": {
          "uv": [
            7,
            2.5,
            5,
            1.375
          ],
          "tintindex": 0,
          "rotation": 0,
          "texture": "#0"
        },
        "down": {
          "uv": [
            7,
            1.375,
            5,
            2.5
          ],
          "tintindex": 0,
          "rotation": 0,
          "texture": "#0"
        }
      },
      "rotation": {
        "origin": [
          8,
          19,
          7
        ],
        "angle": -22.5,
        "axis": "x"
      }
    },
    {
      "from": [
        2,
        8,
        -11.25
      ],
      "to": [
        14,
        19,
        12.75
      ],
      "faces": {
        "east": {
          "uv": [
            0,
            3,
            3,
            4.375
          ],
          "tintindex": 0,
          "rotation": 0,
          "texture": "#0"
        },
        "south": {
          "uv": [
            3.5,
            5.25,
            5,
            6.625
          ],
          "tintindex": 0,
          "rotation": 0,
          "texture": "#0"
        },
        "north": {
          "uv": [
            2,
            5.25,
            3.5,
            6.625
          ],
          "tintindex": 0,
          "rotation": 0,
          "texture": "#0"
        },
        "west": {
          "uv": [
            3,
            3,
            0,
            4.375
          ],
          "tintindex": 0,
          "rotation": 0,
          "texture": "#0"
        },
        "up": {
          "uv": [
            1.5,
            3,
            0,
            0
          ],
          "tintindex": 0,
          "rotation": 0,
          "texture": "#0"
        },
        "down": {
          "uv": [
            3,
            0,
            1.5,
            3
          ],
          "tintindex": 0,
          "rotation": 0,
          "texture": "#0"
        }
      }
    }
  ],
  "display": {
    "gui": {
      "rotation": [
        30,
        225,
        0
      ]
    }
  }
}