{
  "textures": {
    "0": "modelengine:entity/nm_raccoon_texture"
  },
  "elements": [
    {
      "from": [
        4.5,
        5,
        4.7000003
      ],
      "to": [
        4.5,
        8,
        6.7000003
      ],
      "faces": {
        "east": {
          "uv": [
            1,
            14.5,
            0,
            16
          ],
          "tintindex": 0,
          "rotation": 0,
          "texture": "#0"
        },
        "west": {
          "uv": [
            0,
            14.5,
            1,
            16
          ],
          "tintindex": 0,
          "rotation": 0,
          "texture": "#0"
        }
      },
      "rotation": {
        "origin": [
          4.5,
          6.5,
          4.7000003
        ],
        "angle": -45,
        "axis": "y"
      }
    },
    {
      "from": [
        6,
        5,
        1.7500005
      ],
      "to": [
        10,
        7,
        3.7500005
      ],
      "faces": {
        "east": {
          "uv": [
            4,
            14.5,
            3,
            15.5
          ],
          "tintindex": 0,
          "rotation": 0,
          "texture": "#0"
        },
        "north": {
          "uv": [
            12.5,
            12,
            14.5,
            13
          ],
          "tintindex": 0,
          "rotation": 0,
          "texture": "#0"
        },
        "west": {
          "uv": [
            3,
            14.5,
            4,
            15.5
          ],
          "tintindex": 0,
          "rotation": 0,
          "texture": "#0"
        },
        "up": {
          "uv": [
            2,
            14,
            0,
            13
          ],
          "tintindex": 0,
          "rotation": 0,
          "texture": "#0"
        },
        "down": {
          "uv": [
            4.5,
            13,
            2.5,
            14
          ],
          "tintindex": 0,
          "rotation": 0,
          "texture": "#0"
        }
      }
    },
    {
      "from": [
        4.5,
        5,
        3.7000003
      ],
      "to": [
        11.5,
        11,
        7.7000003
      ],
      "faces": {
        "east": {
          "uv": [
            13,
            0,
            11,
            3
          ],
          "tintindex": 0,
          "rotation": 0,
          "texture": "#0"
        },
        "south": {
          "uv": [
            7,
            0,
            10.5,
            3
          ],
          "tintindex": 0,
          "rotation": 0,
          "texture": "#0"
        },
        "north": {
          "uv": [
            5,
            5,
            8.5,
            8
          ],
          "tintindex": 0,
          "rotation": 0,
          "texture": "#0"
        },
        "west": {
          "uv": [
            11,
            0,
            13,
            3
          ],
          "tintindex": 0,
          "rotation": 0,
          "texture": "#0"
        },
        "up": {
          "uv": [
            13.5,
            11.5,
            10,
            9.5
          ],
          "tintindex": 0,
          "rotation": 0,
          "texture": "#0"
        },
        "down": {
          "uv": [
            3.5,
            10.5,
            0,
            12.5
          ],
          "tintindex": 0,
          "rotation": 0,
          "texture": "#0"
        }
      }
    },
    {
      "from": [
        11.5,
        5,
        4.7000003
      ],
      "to": [
        11.5,
        8,
        6.7000003
      ],
      "faces": {
        "east": {
          "uv": [
            1,
            14.5,
            0,
            16
          ],
          "tintindex": 0,
          "rotation": 0,
          "texture": "#0"
        },
        "west": {
          "uv": [
            0,
            14.5,
            1,
            16
          ],
          "tintindex": 0,
          "rotation": 0,
          "texture": "#0"
        }
      },
      "rotation": {
        "origin": [
          11.5,
          6.5,
          4.7000003
        ],
        "angle": 45,
        "axis": "y"
      }
    }
  ],
  "display": {
    "gui": {
      "rotation": [
        30,
        225,
        0
      ]
    }
  }
}