{
  "textures": {
    "0": "modelengine:entity/nm_raccoon_texture"
  },
  "elements": [
    {
      "from": [
        7,
        4,
        7
      ],
      "to": [
        9,
        8,
        9
      ],
      "faces": {
        "east": {
          "uv": [
            12.5,
            13.5,
            13.5,
            15.5
          ],
          "tintindex": 0,
          "rotation": 0,
          "texture": "#0"
        },
        "south": {
          "uv": [
            14,
            8.5,
            15,
            10.5
          ],
          "tintindex": 0,
          "rotation": 0,
          "texture": "#0"
        },
        "north": {
          "uv": [
            8,
            13.5,
            9,
            15.5
          ],
          "tintindex": 0,
          "rotation": 0,
          "texture": "#0"
        },
        "west": {
          "uv": [
            14,
            13.5,
            15,
            15.5
          ],
          "tintindex": 0,
          "rotation": 0,
          "texture": "#0"
        },
        "up": {
          "uv": [
            16,
            1,
            15,
            0
          ],
          "tintindex": 0,
          "rotation": 0,
          "texture": "#0"
        },
        "down": {
          "uv": [
            16,
            1.5,
            15,
            2.5
          ],
          "tintindex": 0,
          "rotation": 0,
          "texture": "#0"
        }
      }
    }
  ],
  "display": {
    "gui": {
      "rotation": [
        30,
        225,
        0
      ]
    }
  }
}