{
  "textures": {
    "0": "modelengine:entity/nm_raccoon_texture"
  },
  "elements": [
    {
      "from": [
        7,
        4,
        7
      ],
      "to": [
        9,
        8,
        9
      ],
      "faces": {
        "east": {
          "uv": [
            5,
            13.5,
            6,
            15.5
          ],
          "tintindex": 0,
          "rotation": 0,
          "texture": "#0"
        },
        "south": {
          "uv": [
            13.5,
            6,
            14.5,
            8
          ],
          "tintindex": 0,
          "rotation": 0,
          "texture": "#0"
        },
        "north": {
          "uv": [
            13.5,
            0,
            14.5,
            2
          ],
          "tintindex": 0,
          "rotation": 0,
          "texture": "#0"
        },
        "west": {
          "uv": [
            6.5,
            13.5,
            7.5,
            15.5
          ],
          "tintindex": 0,
          "rotation": 0,
          "texture": "#0"
        },
        "up": {
          "uv": [
            10.5,
            15.5,
            9.5,
            14.5
          ],
          "tintindex": 0,
          "rotation": 0,
          "texture": "#0"
        },
        "down": {
          "uv": [
            12,
            14.5,
            11,
            15.5
          ],
          "tintindex": 0,
          "rotation": 0,
          "texture": "#0"
        }
      }
    }
  ],
  "display": {
    "gui": {
      "rotation": [
        30,
        225,
        0
      ]
    }
  }
}