{
  "textures": {
    "0": "modelengine:entity/nm_raccoon_texture"
  },
  "elements": [
    {
      "from": [
        7,
        8,
        7.5
      ],
      "to": [
        9,
        10,
        8.5
      ],
      "faces": {
        "east": {
          "uv": [
            4.5,
            10.5,
            4,
            11.5
          ],
          "tintindex": 0,
          "rotation": 0,
          "texture": "#0"
        },
        "south": {
          "uv": [
            2.5,
            14.5,
            1.5,
            15.5
          ],
          "tintindex": 0,
          "rotation": 0,
          "texture": "#0"
        },
        "north": {
          "uv": [
            8,
            3.5,
            7,
            4.5
          ],
          "tintindex": 0,
          "rotation": 0,
          "texture": "#0"
        },
        "west": {
          "uv": [
            9.5,
            6.5,
            9,
            7.5
          ],
          "tintindex": 0,
          "rotation": 0,
          "texture": "#0"
        },
        "up": {
          "uv": [
            13.5,
            3,
            14.5,
            2.5
          ],
          "tintindex": 0,
          "rotation": 0,
          "texture": "#0"
        },
        "down": {
          "uv": [
            14,
            11,
            15,
            11.5
          ],
          "tintindex": 0,
          "rotation": 0,
          "texture": "#0"
        }
      }
    }
  ],
  "display": {
    "gui": {
      "rotation": [
        30,
        225,
        0
      ]
    }
  }
}