{"display":{"head":{},"firstperson_righthand":{},"thirdperson_lefthand":{},"firstperson_lefthand":{},"fixed":{},"ground":{},"thirdperson_righthand":{},"gui":{"rotation":[-150.0,-45.0,180.0]}},"elements":[{"from":[7.0,4.0,7.0],"to":[9.0,8.0,9.0],"faces":{"east":{"uv":[7.5,13.5,6.5,15.5],"texture":"#0","tintindex":0},"south":{"uv":[14.5,6.0,13.5,8.0],"texture":"#0","tintindex":0},"north":{"uv":[14.5,0.0,13.5,2.0],"texture":"#0","tintindex":0},"west":{"uv":[6.0,13.5,5.0,15.5],"texture":"#0","tintindex":0},"up":{"uv":[9.5,15.5,10.5,14.5],"texture":"#0","tintindex":0},"down":{"uv":[11.0,14.5,12.0,15.5],"texture":"#0","tintindex":0}}}],"textures":{"particle":"#0","0":"modelengine:6c562dd8-73ca-4e05-8b82-70aed52c2701"}}