{"display":{"head":{},"firstperson_righthand":{},"thirdperson_lefthand":{},"firstperson_lefthand":{},"fixed":{},"ground":{},"thirdperson_righthand":{},"gui":{"rotation":[-150.0,-45.0,180.0]}},"elements":[{"from":[7.0,4.0,7.0],"to":[9.0,8.0,9.0],"faces":{"east":{"uv":[15.0,13.5,14.0,15.5],"texture":"#0","tintindex":0},"south":{"uv":[15.0,8.5,14.0,10.5],"texture":"#0","tintindex":0},"north":{"uv":[9.0,13.5,8.0,15.5],"texture":"#0","tintindex":0},"west":{"uv":[13.5,13.5,12.5,15.5],"texture":"#0","tintindex":0},"up":{"uv":[15.0,1.0,16.0,0.0],"texture":"#0","tintindex":0},"down":{"uv":[15.0,1.5,16.0,2.5],"texture":"#0","tintindex":0}}}],"textures":{"particle":"#0","0":"modelengine:0851ad0e-8952-4ff1-9d08-4e33faccdc60"}}