{
  "textures": {
    "0": "modelengine:entity/nm_raccoon_texture"
  },
  "elements": [
    {
      "from": [
        6,
        6,
        8
      ],
      "to": [
        10,
        10,
        17
      ],
      "faces": {
        "east": {
          "uv": [
            4.5,
            8,
            0,
            10
          ],
          "tintindex": 0,
          "rotation": 0,
          "texture": "#0"
        },
        "south": {
          "uv": [
            12.5,
            3.5,
            14.5,
            5.5
          ],
          "tintindex": 0,
          "rotation": 0,
          "texture": "#0"
        },
        "north": {
          "uv": [
            10,
            12,
            12,
            14
          ],
          "tintindex": 0,
          "rotation": 0,
          "texture": "#0"
        },
        "west": {
          "uv": [
            0,
            8,
            4.5,
            10
          ],
          "tintindex": 0,
          "rotation": 0,
          "texture": "#0"
        },
        "up": {
          "uv": [
            7,
            13,
            5,
            8.5
          ],
          "tintindex": 0,
          "rotation": 0,
          "texture": "#0"
        },
        "down": {
          "uv": [
            9.5,
            8.5,
            7.5,
            13
          ],
          "tintindex": 0,
          "rotation": 0,
          "texture": "#0"
        }
      }
    }
  ],
  "display": {
    "gui": {
      "rotation": [
        30,
        225,
        0
      ]
    }
  }
}