{"display":{"head":{},"firstperson_righthand":{},"thirdperson_lefthand":{},"firstperson_lefthand":{},"fixed":{},"ground":{},"thirdperson_righthand":{},"gui":{"rotation":[-150.0,-45.0,180.0]}},"elements":[{"from":[6.0,6.0,8.0],"to":[10.0,10.0,17.0],"faces":{"east":{"uv":[4.5,8.0,0.0,10.0],"texture":"#0","tintindex":0},"south":{"uv":[12.5,3.5,14.5,5.5],"texture":"#0","tintindex":0},"north":{"uv":[10.0,12.0,12.0,14.0],"texture":"#0","tintindex":0},"west":{"uv":[0.0,8.0,4.5,10.0],"texture":"#0","tintindex":0},"up":{"uv":[7.0,13.0,5.0,8.5],"texture":"#0","tintindex":0},"down":{"uv":[9.5,8.5,7.5,13.0],"texture":"#0","tintindex":0}}}],"textures":{"particle":"#0","0":"modelengine:0851ad0e-8952-4ff1-9d08-4e33faccdc60"}}