{
  "credit": "Made by samus2002",
  "texture_size": [
    256,
    256
  ],
  "textures": {
    "0": "dragon_mount_texture/flarewing_dragon"
  },
  "elements": [
    {
      "from": [
        3.17348,
        2.78648,
        7.54031
      ],
      "to": [
        12.82652,
        13.51208,
        15.04823
      ],
      "rotation": {
        "angle": 22.5,
        "axis": "x",
        "origin": [
          8,
          8,
          8
        ]
      },
      "faces": {
        "north": {
          "uv": [
            2.53125,
            4.8125,
            2.8125,
            5.125
          ],
          "texture": "#0"
        },
        "east": {
          "uv": [
            5.375,
            2.75,
            5.15625,
            3.0625
          ],
          "texture": "#0"
        },
        "south": {
          "uv": [
            3.90625,
            4.8125,
            4.1875,
            5.125
          ],
          "texture": "#0"
        },
        "west": {
          "uv": [
            5.15625,
            2.75,
            5.375,
            3.0625
          ],
          "texture": "#0"
        },
        "up": {
          "uv": [
            3.0625,
            5.53125,
            2.78125,
            5.3125
          ],
          "texture": "#0"
        },
        "down": {
          "uv": [
            5.59375,
            4.375,
            5.3125,
            4.59375
          ],
          "texture": "#0"
        }
      }
    },
    {
      "from": [
        4.25826,
        11.1713,
        10.23555
      ],
      "to": [
        8.5485,
        17.60666,
        14.52579
      ],
      "rotation": {
        "angle": 22.5,
        "axis": "z",
        "origin": [
          8,
          8,
          8
        ]
      },
      "faces": {
        "north": {
          "uv": [
            0.71875,
            6.03125,
            0.84375,
            6.21875
          ],
          "texture": "#0"
        },
        "east": {
          "uv": [
            1.78125,
            6.03125,
            1.90625,
            6.21875
          ],
          "texture": "#0"
        },
        "south": {
          "uv": [
            0.71875,
            6.03125,
            0.84375,
            6.21875
          ],
          "texture": "#0"
        },
        "west": {
          "uv": [
            1.78125,
            6.03125,
            1.90625,
            6.21875
          ],
          "texture": "#0"
        },
        "up": {
          "uv": [
            6.25,
            5,
            6.125,
            4.875
          ],
          "texture": "#0"
        },
        "down": {
          "uv": [
            6.25,
            5,
            6.125,
            4.875
          ],
          "texture": "#0"
        }
      }
    },
    {
      "from": [
        6.52017,
        14.60913,
        14.0662
      ],
      "to": [
        10.81041,
        17.82681,
        22.64668
      ],
      "rotation": {
        "angle": -45,
        "axis": "y",
        "origin": [
          8,
          8,
          8
        ]
      },
      "faces": {
        "north": {
          "uv": [
            3.03125,
            6.25,
            3.15625,
            6.34375
          ],
          "texture": "#0"
        },
        "east": {
          "uv": [
            6,
            5.0625,
            6.25,
            5.15625
          ],
          "texture": "#0"
        },
        "south": {
          "uv": [
            3.03125,
            6.25,
            3.15625,
            6.34375
          ],
          "texture": "#0"
        },
        "west": {
          "uv": [
            6,
            5.0625,
            6.25,
            5.15625
          ],
          "texture": "#0"
        },
        "up": {
          "uv": [
            5.03125,
            6.09375,
            4.90625,
            5.84375
          ],
          "texture": "#0"
        },
        "down": {
          "uv": [
            5.03125,
            6.09375,
            4.90625,
            5.84375
          ],
          "texture": "#0"
        }
      }
    },
    {
      "from": [
        -2.35756,
        19.51016,
        12.70159
      ],
      "to": [
        -0.21244,
        27.01808,
        14.84671
      ],
      "rotation": {
        "angle": 22.5,
        "axis": "x",
        "origin": [
          8,
          8,
          8
        ]
      },
      "faces": {
        "north": {
          "uv": [
            3.90625,
            4.21875,
            3.96875,
            4.4375
          ],
          "texture": "#0"
        },
        "east": {
          "uv": [
            1.09375,
            5.90625,
            1.15625,
            6.125
          ],
          "texture": "#0"
        },
        "south": {
          "uv": [
            3.90625,
            4.21875,
            3.96875,
            4.4375
          ],
          "texture": "#0"
        },
        "west": {
          "uv": [
            1.09375,
            5.90625,
            1.15625,
            6.125
          ],
          "texture": "#0"
        },
        "up": {
          "uv": [
            2,
            6.46875,
            1.9375,
            6.40625
          ],
          "texture": "#0"
        },
        "down": {
          "uv": [
            2,
            6.46875,
            1.9375,
            6.40625
          ],
          "texture": "#0"
        }
      }
    },
    {
      "from": [
        7.4515,
        11.1713,
        10.23555
      ],
      "to": [
        11.74174,
        17.60666,
        14.52579
      ],
      "rotation": {
        "angle": -22.5,
        "axis": "z",
        "origin": [
          8,
          8,
          8
        ]
      },
      "faces": {
        "north": {
          "uv": [
            0.84375,
            6.03125,
            0.71875,
            6.21875
          ],
          "texture": "#0"
        },
        "east": {
          "uv": [
            1.90625,
            6.03125,
            1.78125,
            6.21875
          ],
          "texture": "#0"
        },
        "south": {
          "uv": [
            0.84375,
            6.03125,
            0.71875,
            6.21875
          ],
          "texture": "#0"
        },
        "west": {
          "uv": [
            1.90625,
            6.03125,
            1.78125,
            6.21875
          ],
          "texture": "#0"
        },
        "up": {
          "uv": [
            6.125,
            5,
            6.25,
            4.875
          ],
          "texture": "#0"
        },
        "down": {
          "uv": [
            6.125,
            5,
            6.25,
            4.875
          ],
          "texture": "#0"
        }
      }
    },
    {
      "from": [
        5.18959,
        14.60913,
        14.0662
      ],
      "to": [
        9.47983,
        17.82681,
        22.64668
      ],
      "rotation": {
        "angle": 45,
        "axis": "y",
        "origin": [
          8,
          8,
          8
        ]
      },
      "faces": {
        "north": {
          "uv": [
            3.15625,
            6.25,
            3.03125,
            6.34375
          ],
          "texture": "#0"
        },
        "east": {
          "uv": [
            6.25,
            5.0625,
            6,
            5.15625
          ],
          "texture": "#0"
        },
        "south": {
          "uv": [
            3.15625,
            6.25,
            3.03125,
            6.34375
          ],
          "texture": "#0"
        },
        "west": {
          "uv": [
            6.25,
            5.0625,
            6,
            5.15625
          ],
          "texture": "#0"
        },
        "up": {
          "uv": [
            4.90625,
            6.09375,
            5.03125,
            5.84375
          ],
          "texture": "#0"
        },
        "down": {
          "uv": [
            4.90625,
            6.09375,
            5.03125,
            5.84375
          ],
          "texture": "#0"
        }
      }
    },
    {
      "from": [
        16.21244,
        19.51016,
        12.70159
      ],
      "to": [
        18.35756,
        27.01808,
        14.84671
      ],
      "rotation": {
        "angle": 22.5,
        "axis": "x",
        "origin": [
          8,
          8,
          8
        ]
      },
      "faces": {
        "north": {
          "uv": [
            3.96875,
            4.21875,
            3.90625,
            4.4375
          ],
          "texture": "#0"
        },
        "east": {
          "uv": [
            1.15625,
            5.90625,
            1.09375,
            6.125
          ],
          "texture": "#0"
        },
        "south": {
          "uv": [
            3.96875,
            4.21875,
            3.90625,
            4.4375
          ],
          "texture": "#0"
        },
        "west": {
          "uv": [
            1.15625,
            5.90625,
            1.09375,
            6.125
          ],
          "texture": "#0"
        },
        "up": {
          "uv": [
            1.9375,
            6.46875,
            2,
            6.40625
          ],
          "texture": "#0"
        },
        "down": {
          "uv": [
            1.9375,
            6.46875,
            2,
            6.40625
          ],
          "texture": "#0"
        }
      }
    },
    {
      "from": [
        5.3186,
        4.15167,
        -6.38913
      ],
      "to": [
        5.3186,
        6.29679,
        4.33647
      ],
      "rotation": {
        "angle": 0,
        "axis": "y",
        "origin": [
          8,
          8,
          8
        ]
      },
      "faces": {
        "north": {
          "uv": [
            4.46875,
            3.53125,
            4.46875,
            3.59375
          ],
          "texture": "#0"
        },
        "east": {
          "uv": [
            6.34375,
            3.59375,
            6.03125,
            3.65625
          ],
          "texture": "#0"
        },
        "south": {
          "uv": [
            4.15625,
            5.40625,
            4.15625,
            5.46875
          ],
          "texture": "#0"
        },
        "west": {
          "uv": [
            6.03125,
            3.59375,
            6.34375,
            3.65625
          ],
          "texture": "#0"
        },
        "up": {
          "uv": [
            6.21875,
            6.6875,
            6.21875,
            6.375
          ],
          "texture": "#0"
        },
        "down": {
          "uv": [
            0.28125,
            6.40625,
            0.28125,
            6.71875
          ],
          "texture": "#0"
        }
      }
    },
    {
      "from": [
        10.6814,
        4.15167,
        -6.38913
      ],
      "to": [
        10.6814,
        6.29679,
        4.33647
      ],
      "rotation": {
        "angle": 0,
        "axis": "y",
        "origin": [
          8,
          8,
          8
        ]
      },
      "faces": {
        "north": {
          "uv": [
            4.46875,
            3.53125,
            4.46875,
            3.59375
          ],
          "texture": "#0"
        },
        "east": {
          "uv": [
            6.34375,
            3.59375,
            6.03125,
            3.65625
          ],
          "texture": "#0"
        },
        "south": {
          "uv": [
            4.15625,
            5.40625,
            4.15625,
            5.46875
          ],
          "texture": "#0"
        },
        "west": {
          "uv": [
            6.03125,
            3.59375,
            6.34375,
            3.65625
          ],
          "texture": "#0"
        },
        "up": {
          "uv": [
            6.21875,
            6.6875,
            6.21875,
            6.375
          ],
          "texture": "#0"
        },
        "down": {
          "uv": [
            0.28125,
            6.40625,
            0.28125,
            6.71875
          ],
          "texture": "#0"
        }
      }
    },
    {
      "from": [
        5.3186,
        -0.13857,
        -6.38913
      ],
      "to": [
        10.6814,
        4.15167,
        5.40903
      ],
      "rotation": {
        "angle": 0,
        "axis": "y",
        "origin": [
          8,
          8,
          8
        ]
      },
      "faces": {
        "north": {
          "uv": [
            3.40625,
            6.0625,
            3.5625,
            6.1875
          ],
          "texture": "#0"
        },
        "east": {
          "uv": [
            5.625,
            4.46875,
            5.96875,
            4.59375
          ],
          "texture": "#0"
        },
        "south": {
          "uv": [
            3.59375,
            6.0625,
            3.75,
            6.1875
          ],
          "texture": "#0"
        },
        "west": {
          "uv": [
            5.625,
            5.09375,
            5.96875,
            5.21875
          ],
          "texture": "#0"
        },
        "up": {
          "uv": [
            5.5625,
            2.96875,
            5.40625,
            2.625
          ],
          "texture": "#0"
        },
        "down": {
          "uv": [
            5.5625,
            3.75,
            5.40625,
            4.09375
          ],
          "texture": "#0"
        }
      }
    },
    {
      "from": [
        8,
        -7.64649,
        -6.38913
      ],
      "to": [
        8,
        -0.13857,
        5.40903
      ],
      "rotation": {
        "angle": 0,
        "axis": "y",
        "origin": [
          8,
          8,
          8
        ]
      },
      "faces": {
        "north": {
          "uv": [
            1.9375,
            5.34375,
            1.9375,
            5.5625
          ],
          "texture": "#0"
        },
        "east": {
          "uv": [
            4.9375,
            3.09375,
            5.28125,
            3.3125
          ],
          "texture": "#0"
        },
        "south": {
          "uv": [
            4.53125,
            5.46875,
            4.53125,
            5.6875
          ],
          "texture": "#0"
        },
        "west": {
          "uv": [
            5.0625,
            4.65625,
            5.40625,
            4.875
          ],
          "texture": "#0"
        },
        "up": {
          "uv": [
            3.15625,
            6.71875,
            3.15625,
            6.375
          ],
          "texture": "#0"
        },
        "down": {
          "uv": [
            3.9375,
            6.375,
            3.9375,
            6.71875
          ],
          "texture": "#0"
        }
      }
    },
    {
      "from": [
        4.78232,
        4.15167,
        -6.38913
      ],
      "to": [
        11.21768,
        10.58703,
        4.33647
      ],
      "rotation": {
        "angle": 0,
        "axis": "y",
        "origin": [
          8,
          8,
          8
        ]
      },
      "faces": {
        "north": {
          "uv": [
            5.8125,
            2.5625,
            6,
            2.75
          ],
          "texture": "#0"
        },
        "east": {
          "uv": [
            0.625,
            5.34375,
            0.9375,
            5.53125
          ],
          "texture": "#0"
        },
        "south": {
          "uv": [
            5.8125,
            2.78125,
            6,
            2.96875
          ],
          "texture": "#0"
        },
        "west": {
          "uv": [
            0.96875,
            5.34375,
            1.28125,
            5.53125
          ],
          "texture": "#0"
        },
        "up": {
          "uv": [
            1.5,
            5.65625,
            1.3125,
            5.34375
          ],
          "texture": "#0"
        },
        "down": {
          "uv": [
            1.71875,
            5.34375,
            1.53125,
            5.65625
          ],
          "texture": "#0"
        }
      }
    },
    {
      "from": [
        6.39116,
        4.88362,
        -6.28384
      ],
      "to": [
        9.60884,
        11.31898,
        -1.9936
      ],
      "rotation": {
        "angle": 22.5,
        "axis": "x",
        "origin": [
          8,
          8,
          8
        ]
      },
      "faces": {
        "north": {
          "uv": [
            3.59375,
            5.375,
            3.6875,
            5.5625
          ],
          "texture": "#0"
        },
        "east": {
          "uv": [
            6,
            5.8125,
            6.125,
            6
          ],
          "texture": "#0"
        },
        "south": {
          "uv": [
            3.0625,
            6.03125,
            3.15625,
            6.21875
          ],
          "texture": "#0"
        },
        "west": {
          "uv": [
            0.5625,
            6.03125,
            0.6875,
            6.21875
          ],
          "texture": "#0"
        },
        "up": {
          "uv": [
            1.8125,
            6.375,
            1.71875,
            6.25
          ],
          "texture": "#0"
        },
        "down": {
          "uv": [
            2.65625,
            6.25,
            2.5625,
            6.375
          ],
          "texture": "#0"
        }
      }
    },
    {
      "from": [
        6.92744,
        5.60015,
        -6.46666
      ],
      "to": [
        9.07256,
        12.03551,
        -4.32154
      ],
      "rotation": {
        "angle": 45,
        "axis": "x",
        "origin": [
          8,
          8,
          8
        ]
      },
      "faces": {
        "north": {
          "uv": [
            0.3125,
            6.25,
            0.375,
            6.4375
          ],
          "texture": "#0"
        },
        "east": {
          "uv": [
            1.84375,
            6.25,
            1.90625,
            6.4375
          ],
          "texture": "#0"
        },
        "south": {
          "uv": [
            2.6875,
            6.25,
            2.75,
            6.4375
          ],
          "texture": "#0"
        },
        "west": {
          "uv": [
            2.78125,
            6.25,
            2.84375,
            6.4375
          ],
          "texture": "#0"
        },
        "up": {
          "uv": [
            1.78125,
            6.46875,
            1.71875,
            6.40625
          ],
          "texture": "#0"
        },
        "down": {
          "uv": [
            6.46875,
            1.90625,
            6.40625,
            1.96875
          ],
          "texture": "#0"
        }
      }
    },
    {
      "from": [
        6.92744,
        7.58536,
        0.34491
      ],
      "to": [
        9.07256,
        10.80304,
        3.56259
      ],
      "rotation": {
        "angle": 22.5,
        "axis": "x",
        "origin": [
          8,
          8,
          8
        ]
      },
      "faces": {
        "north": {
          "uv": [
            5.3125,
            6.375,
            5.375,
            6.46875
          ],
          "texture": "#0"
        },
        "east": {
          "uv": [
            1.1875,
            5.5625,
            1.28125,
            5.65625
          ],
          "texture": "#0"
        },
        "south": {
          "uv": [
            5.40625,
            6.375,
            5.46875,
            6.46875
          ],
          "texture": "#0"
        },
        "west": {
          "uv": [
            2.9375,
            5.90625,
            3.03125,
            6
          ],
          "texture": "#0"
        },
        "up": {
          "uv": [
            5.5625,
            6.46875,
            5.5,
            6.375
          ],
          "texture": "#0"
        },
        "down": {
          "uv": [
            5.65625,
            6.375,
            5.59375,
            6.46875
          ],
          "texture": "#0"
        }
      }
    },
    {
      "from": [
        7.46372,
        7.57855,
        -0.01923
      ],
      "to": [
        8.53628,
        11.86879,
        2.12589
      ],
      "rotation": {
        "angle": 45,
        "axis": "x",
        "origin": [
          8,
          8,
          8
        ]
      },
      "faces": {
        "north": {
          "uv": [
            3,
            4.03125,
            3.03125,
            4.15625
          ],
          "texture": "#0"
        },
        "east": {
          "uv": [
            4.09375,
            6.28125,
            4.15625,
            6.40625
          ],
          "texture": "#0"
        },
        "south": {
          "uv": [
            2.78125,
            5.15625,
            2.8125,
            5.28125
          ],
          "texture": "#0"
        },
        "west": {
          "uv": [
            6.28125,
            4.125,
            6.34375,
            4.25
          ],
          "texture": "#0"
        },
        "up": {
          "uv": [
            4.1875,
            5.21875,
            4.15625,
            5.15625
          ],
          "texture": "#0"
        },
        "down": {
          "uv": [
            5.28125,
            2,
            5.25,
            2.0625
          ],
          "texture": "#0"
        }
      }
    },
    {
      "from": [
        3.70976,
        1.27844,
        1.9023
      ],
      "to": [
        12.29024,
        6.64124,
        11.55534
      ],
      "rotation": {
        "angle": -22.5,
        "axis": "x",
        "origin": [
          8,
          8,
          8
        ]
      },
      "faces": {
        "north": {
          "uv": [
            4.78125,
            5.65625,
            5.03125,
            5.8125
          ],
          "texture": "#0"
        },
        "east": {
          "uv": [
            3.59375,
            5.59375,
            3.875,
            5.75
          ],
          "texture": "#0"
        },
        "south": {
          "uv": [
            1.1875,
            5.6875,
            1.4375,
            5.84375
          ],
          "texture": "#0"
        },
        "west": {
          "uv": [
            5.59375,
            3.75,
            5.875,
            3.90625
          ],
          "texture": "#0"
        },
        "up": {
          "uv": [
            4.84375,
            5.375,
            4.59375,
            5.09375
          ],
          "texture": "#0"
        },
        "down": {
          "uv": [
            5.375,
            0,
            5.125,
            0.28125
          ],
          "texture": "#0"
        }
      }
    },
    {
      "from": [
        5.85488,
        -6.22948,
        1.9023
      ],
      "to": [
        5.85488,
        1.27844,
        11.55534
      ],
      "rotation": {
        "angle": -22.5,
        "axis": "x",
        "origin": [
          8,
          8,
          8
        ]
      },
      "faces": {
        "north": {
          "uv": [
            6.25,
            6.4375,
            6.25,
            6.65625
          ],
          "texture": "#0"
        },
        "east": {
          "uv": [
            5.59375,
            5.15625,
            5.3125,
            5.375
          ],
          "texture": "#0"
        },
        "south": {
          "uv": [
            6.28125,
            6.4375,
            6.28125,
            6.65625
          ],
          "texture": "#0"
        },
        "west": {
          "uv": [
            5.3125,
            5.15625,
            5.59375,
            5.375
          ],
          "texture": "#0"
        },
        "up": {
          "uv": [
            6.3125,
            6.71875,
            6.3125,
            6.4375
          ],
          "texture": "#0"
        },
        "down": {
          "uv": [
            6.4375,
            6.40625,
            6.4375,
            6.6875
          ],
          "texture": "#0"
        }
      }
    },
    {
      "from": [
        10.14512,
        -6.22948,
        1.9023
      ],
      "to": [
        10.14512,
        1.27844,
        11.55534
      ],
      "rotation": {
        "angle": -22.5,
        "axis": "x",
        "origin": [
          8,
          8,
          8
        ]
      },
      "faces": {
        "north": {
          "uv": [
            6.25,
            6.4375,
            6.25,
            6.65625
          ],
          "texture": "#0"
        },
        "east": {
          "uv": [
            5.59375,
            5.15625,
            5.3125,
            5.375
          ],
          "texture": "#0"
        },
        "south": {
          "uv": [
            6.28125,
            6.4375,
            6.28125,
            6.65625
          ],
          "texture": "#0"
        },
        "west": {
          "uv": [
            5.3125,
            5.15625,
            5.59375,
            5.375
          ],
          "texture": "#0"
        },
        "up": {
          "uv": [
            6.3125,
            6.71875,
            6.3125,
            6.4375
          ],
          "texture": "#0"
        },
        "down": {
          "uv": [
            6.4375,
            6.40625,
            6.4375,
            6.6875
          ],
          "texture": "#0"
        }
      }
    },
    {
      "from": [
        3.70976,
        6.64124,
        1.9023
      ],
      "to": [
        12.29024,
        12.00404,
        11.55534
      ],
      "rotation": {
        "angle": -22.5,
        "axis": "x",
        "origin": [
          8,
          8,
          8
        ]
      },
      "faces": {
        "north": {
          "uv": [
            5.71875,
            0.25,
            5.96875,
            0.40625
          ],
          "texture": "#0"
        },
        "east": {
          "uv": [
            5.625,
            4.28125,
            5.90625,
            4.4375
          ],
          "texture": "#0"
        },
        "south": {
          "uv": [
            5.75,
            3.5,
            6,
            3.65625
          ],
          "texture": "#0"
        },
        "west": {
          "uv": [
            5.625,
            4.90625,
            5.90625,
            5.0625
          ],
          "texture": "#0"
        },
        "up": {
          "uv": [
            5.375,
            2.71875,
            5.125,
            2.4375
          ],
          "texture": "#0"
        },
        "down": {
          "uv": [
            5.375,
            3.8125,
            5.125,
            4.09375
          ],
          "texture": "#0"
        }
      }
    },
    {
      "from": [
        4.78232,
        0.93399,
        -6.38913
      ],
      "to": [
        4.78232,
        4.15167,
        4.33647
      ],
      "rotation": {
        "angle": 0,
        "axis": "y",
        "origin": [
          8,
          8,
          8
        ]
      },
      "faces": {
        "north": {
          "uv": [
            2.5,
            5.34375,
            2.5,
            5.4375
          ],
          "texture": "#0"
        },
        "east": {
          "uv": [
            0.875,
            5.90625,
            0.5625,
            6
          ],
          "texture": "#0"
        },
        "south": {
          "uv": [
            4.5625,
            5.46875,
            4.5625,
            5.5625
          ],
          "texture": "#0"
        },
        "west": {
          "uv": [
            0.5625,
            5.90625,
            0.875,
            6
          ],
          "texture": "#0"
        },
        "up": {
          "uv": [
            3.96875,
            6.6875,
            3.96875,
            6.375
          ],
          "texture": "#0"
        },
        "down": {
          "uv": [
            5.96875,
            6.375,
            5.96875,
            6.6875
          ],
          "texture": "#0"
        }
      }
    },
    {
      "from": [
        11.21768,
        0.93399,
        -6.38913
      ],
      "to": [
        11.21768,
        4.15167,
        4.33647
      ],
      "rotation": {
        "angle": 0,
        "axis": "y",
        "origin": [
          8,
          8,
          8
        ]
      },
      "faces": {
        "north": {
          "uv": [
            2.5,
            5.34375,
            2.5,
            5.4375
          ],
          "texture": "#0"
        },
        "east": {
          "uv": [
            0.875,
            5.90625,
            0.5625,
            6
          ],
          "texture": "#0"
        },
        "south": {
          "uv": [
            4.5625,
            5.46875,
            4.5625,
            5.5625
          ],
          "texture": "#0"
        },
        "west": {
          "uv": [
            0.5625,
            5.90625,
            0.875,
            6
          ],
          "texture": "#0"
        },
        "up": {
          "uv": [
            3.96875,
            6.6875,
            3.96875,
            6.375
          ],
          "texture": "#0"
        },
        "down": {
          "uv": [
            5.96875,
            6.375,
            5.96875,
            6.6875
          ],
          "texture": "#0"
        }
      }
    }
  ],
  "gui_light": "front",
  "display": {
    "gui": {
      "rotation": [
        0,
        90,
        0
      ],
      "translation": [
        0.75,
        -0.5,
        0
      ],
      "scale": [
        0.5,
        0.5,
        0.5
      ]
    }
  },
  "groups": [
    {
      "name": "h_head",
      "origin": [
        7.99749,
        6.55667,
        13.76622
      ],
      "color": 0,
      "children": [
        0,
        1,
        2,
        3,
        4,
        5,
        6,
        {
          "name": "h_jaw",
          "origin": [
            8.00168,
            1.50557,
            0.73137
          ],
          "color": 0,
          "children": [
            7,
            8,
            9,
            10
          ]
        },
        11,
        12,
        13,
        14,
        15,
        16,
        17,
        18,
        19,
        20,
        21,
        {
          "name": "ob_head",
          "origin": [
            8.00168,
            6.23223,
            -2.78098
          ],
          "color": 0,
          "children": []
        }
      ]
    }
  ]
}