{"display":{"head":{},"firstperson_righthand":{},"thirdperson_lefthand":{},"firstperson_lefthand":{},"fixed":{},"ground":{},"thirdperson_righthand":{},"gui":{"rotation":[-150.0,-45.0,180.0]}},"elements":[{"from":[2.7675362,-5.726738,2.4760208],"to":[13.232465,8.924164,12.940952],"faces":{"east":{"uv":[7.75,2.0,8.0625,2.4375],"texture":"#0","tintindex":0},"south":{"uv":[5.8125,7.75,6.125,8.1875],"texture":"#0","tintindex":0},"north":{"uv":[0.6875,6.0,1.0,6.4375],"texture":"#0","tintindex":0},"west":{"uv":[7.75,7.1875,8.0625,7.625],"texture":"#0","tintindex":0},"up":{"uv":[6.25,3.75,5.9375,3.4375],"texture":"#0","tintindex":0},"down":{"uv":[8.4375,2.0625,8.125,2.375],"texture":"#0","tintindex":0}}}],"textures":{"particle":"#0","0":"modelengine:11e2b46f-91db-4dba-8556-32364c98904b"}}