{"display":{"head":{},"firstperson_righthand":{},"thirdperson_lefthand":{},"firstperson_lefthand":{},"fixed":{},"ground":{},"thirdperson_righthand":{},"gui":{"rotation":[-150.0,-45.0,180.0]}},"elements":[{"from":[2.7675343,-15.600693,7.009716],"to":[13.232465,1.1431952,19.56763],"rotation":{"origin":[25.301504,17.297722,30.671074],"axis":"x","angle":22.5},"faces":{"east":{"uv":[5.375,7.125,5.75,7.625],"texture":"#0","tintindex":0},"south":{"uv":[3.25,7.625,3.5625,8.125],"texture":"#0","tintindex":0},"north":{"uv":[0.4375,7.625,0.75,8.125],"texture":"#0","tintindex":0},"west":{"uv":[7.25,3.3125,7.625,3.8125],"texture":"#0","tintindex":0},"up":{"uv":[8.25,0.375,7.9375,0.0],"texture":"#0","tintindex":0},"down":{"uv":[7.625,7.9375,7.3125,8.3125],"texture":"#0","tintindex":0}}}],"textures":{"particle":"#0","0":"modelengine:11e2b46f-91db-4dba-8556-32364c98904b"}}