{"display":{"head":{},"firstperson_righthand":{},"thirdperson_lefthand":{},"firstperson_lefthand":{},"fixed":{},"ground":{},"thirdperson_righthand":{},"gui":{"rotation":[-150.0,-45.0,180.0]}},"elements":[{"from":[4.0243998,-4.0201473,3.9288883],"to":[10.303358,7.491276,12.300832],"rotation":{"origin":[12.646181,4.9107084,19.017006],"axis":"z","angle":-22.5},"faces":{"east":{"uv":[4.5625,4.3125,5.0625,5.0],"texture":"#0","tintindex":0},"south":{"uv":[5.4375,6.375,5.8125,7.0625],"texture":"#0","tintindex":0},"north":{"uv":[5.0,6.375,5.375,7.0625],"texture":"#0","tintindex":0},"west":{"uv":[4.6875,1.875,5.1875,2.5625],"texture":"#0","tintindex":0},"up":{"uv":[2.75,7.9375,2.375,7.4375],"texture":"#0","tintindex":0},"down":{"uv":[3.1875,7.4375,2.8125,7.9375],"texture":"#0","tintindex":0}}},{"from":[4.5476465,-4.543393,4.452134],"to":[9.780111,6.96803,11.777586],"rotation":{"origin":[12.646181,4.9107084,19.017006],"axis":"z","angle":-22.5},"faces":{"east":{"uv":[5.6875,0.0,6.125,0.6875],"texture":"#0","tintindex":0},"south":{"uv":[0.5,6.875,0.8125,7.5625],"texture":"#0","tintindex":0},"north":{"uv":[2.875,6.625,3.1875,7.3125],"texture":"#0","tintindex":0},"west":{"uv":[1.0625,5.75,1.5,6.4375],"texture":"#0","tintindex":0},"up":{"uv":[2.4375,4.25,2.125,3.8125],"texture":"#0","tintindex":0},"down":{"uv":[3.1875,4.3125,2.875,4.75],"texture":"#0","tintindex":0}}}],"textures":{"particle":"#0","0":"modelengine:8c7f7960-2a2b-4dbe-ab31-333d6bd8522b"}}