{"display":{"head":{},"firstperson_righthand":{},"thirdperson_lefthand":{},"firstperson_lefthand":{},"fixed":{},"ground":{},"thirdperson_righthand":{},"gui":{"rotation":[-150.0,-45.0,180.0]}},"elements":[{"from":[2.6628857,7.9195347,8.2939205],"to":[13.337114,20.47745,25.037807],"rotation":{"origin":[-8.027592,14.426285,-7.9752254],"axis":"x","angle":22.5},"faces":{"east":{"uv":[7.375,7.25,6.875,7.625],"texture":"#0","tintindex":0},"south":{"uv":[2.25,8.0,1.9375,8.375],"texture":"#0","tintindex":0},"north":{"uv":[0.3125,8.0,0.0,8.375],"texture":"#0","tintindex":0},"west":{"uv":[7.75,6.1875,7.25,6.5625],"texture":"#0","tintindex":0},"up":{"uv":[3.625,8.125,3.9375,7.625],"texture":"#0","tintindex":0},"down":{"uv":[7.6875,2.8125,8.0,3.3125],"texture":"#0","tintindex":0}}}],"textures":{"particle":"#0","0":"modelengine:11e2b46f-91db-4dba-8556-32364c98904b"}}