{"display":{"head":{},"firstperson_righthand":{},"thirdperson_lefthand":{},"firstperson_lefthand":{},"fixed":{},"ground":{},"thirdperson_righthand":{},"gui":{"rotation":[-150.0,-45.0,180.0]}},"elements":[{"from":[10.705257,2.8779626,5.8953342],"to":[16.984217,9.15692,18.45325],"rotation":{"origin":[-9.301504,29.346085,35.04207],"axis":"y","angle":22.5},"faces":{"east":{"uv":[8.6875,0.25,8.3125,0.4375],"texture":"#0","tintindex":0},"south":{"uv":[9.0625,4.1875,8.875,4.375],"texture":"#0","tintindex":0},"north":{"uv":[3.8125,8.875,3.625,9.0625],"texture":"#0","tintindex":0},"west":{"uv":[8.6875,0.0,8.3125,0.1875],"texture":"#0","tintindex":0},"up":{"uv":[0.75,8.6875,0.9375,8.3125],"texture":"#0","tintindex":0},"down":{"uv":[1.0,8.3125,1.1875,8.6875],"texture":"#0","tintindex":0}}},{"from":[-0.47873306,2.8779626,-13.625622],"to":[-0.47873306,9.15692,-7.3466644],"rotation":{"origin":[-9.301504,29.346085,35.04207],"axis":"y","angle":-22.5},"faces":{"east":{"uv":[7.5625,8.8125,7.375,9.0],"texture":"#0","tintindex":0},"west":{"uv":[7.3125,8.8125,7.125,9.0],"texture":"#0","tintindex":0}}},{"from":[4.8605213,2.8256378,-2.9828644],"to":[11.139479,9.104595,9.57505],"faces":{"east":{"uv":[5.875,8.25,5.5,8.4375],"texture":"#0","tintindex":0},"south":{"uv":[0.1875,8.875,0.0,9.0625],"texture":"#0","tintindex":0},"north":{"uv":[8.9375,8.8125,8.75,9.0],"texture":"#0","tintindex":0},"west":{"uv":[5.4375,8.25,5.0625,8.4375],"texture":"#0","tintindex":0},"up":{"uv":[1.5625,8.625,1.75,8.25],"texture":"#0","tintindex":0},"down":{"uv":[5.9375,8.25,6.125,8.625],"texture":"#0","tintindex":0}}},{"from":[13.844736,2.8779626,-0.38362503],"to":[13.844736,9.15692,5.8953342],"rotation":{"origin":[-9.301504,29.346085,35.04207],"axis":"y","angle":22.5},"faces":{"east":{"uv":[3.125,8.875,2.9375,9.0625],"texture":"#0","tintindex":0},"west":{"uv":[2.875,8.875,2.6875,9.0625],"texture":"#0","tintindex":0}}},{"from":[8.0,2.8256378,-9.261822],"to":[8.0,9.104595,-2.9828644],"faces":{"east":{"uv":[9.0625,2.5625,8.875,2.75],"texture":"#0","tintindex":0},"west":{"uv":[9.0625,2.3125,8.875,2.5],"texture":"#0","tintindex":0}}},{"from":[-3.6182117,2.8779626,-7.3466644],"to":[2.6607456,9.15692,5.2112503],"rotation":{"origin":[-9.301504,29.346085,35.04207],"axis":"y","angle":-22.5},"faces":{"east":{"uv":[8.625,1.5,8.25,1.6875],"texture":"#0","tintindex":0},"south":{"uv":[6.125,2.125,5.9375,2.3125],"texture":"#0","tintindex":0},"north":{"uv":[5.4375,2.375,5.25,2.5625],"texture":"#0","tintindex":0},"west":{"uv":[5.5,4.8125,5.125,5.0],"texture":"#0","tintindex":0},"up":{"uv":[1.75,2.875,1.9375,2.5],"texture":"#0","tintindex":0},"down":{"uv":[1.875,4.4375,2.0625,4.8125],"texture":"#0","tintindex":0}}}],"textures":{"particle":"#0","0":"modelengine:8c7f7960-2a2b-4dbe-ab31-333d6bd8522b"}}