{"textures":{"0":"modelengine:entity/terravore_drake"},"elements":[{"from":[6.0510454,12.516142,4.631648],"to":[6.0510454,17.748608,16.14307],"faces":{"east":{"uv":[6.625,5.25,7.3125,5.5625],"tintindex":0,"rotation":0,"texture":"#0"},"west":{"uv":[6.875,0.5625,7.5625,0.875],"tintindex":0,"rotation":0,"texture":"#0"}},"rotation":{"origin":[8.144032,9.775521,2.390499],"angle":-22.5,"axis":"x"}},{"from":[12.330004,15.5707,-8.554571],"to":[12.330004,20.803165,8.189317],"faces":{"east":{"uv":[5.5625,5.375,6.5625,5.6875],"tintindex":0,"rotation":0,"texture":"#0"},"west":{"uv":[0.0,5.625,1.0,5.9375],"tintindex":0,"rotation":0,"texture":"#0"}},"rotation":{"origin":[8.144032,9.775521,2.390499],"angle":22.5,"axis":"x"}},{"from":[3.9580593,15.5707,-8.554571],"to":[3.9580593,20.803165,8.189317],"faces":{"east":{"uv":[5.25,3.8125,6.25,4.125],"tintindex":0,"rotation":0,"texture":"#0"},"west":{"uv":[1.75,5.375,2.75,5.6875],"tintindex":0,"rotation":0,"texture":"#0"}},"rotation":{"origin":[8.144032,9.775521,2.390499],"angle":22.5,"axis":"x"}},{"from":[2.9115667,5.10577,-10.647556],"to":[13.376496,15.5707,8.189317],"faces":{"east":{"uv":[0.0,1.5,1.125,2.125],"tintindex":0,"rotation":0,"texture":"#0"},"south":{"uv":[3.5625,1.25,4.1875,1.875],"tintindex":0,"rotation":0,"texture":"#0"},"north":{"uv":[3.5625,0.5625,4.1875,1.1875],"tintindex":0,"rotation":0,"texture":"#0"},"west":{"uv":[2.0,0.0,3.125,0.625],"tintindex":0,"rotation":0,"texture":"#0"},"up":{"uv":[2.625,1.8125,2.0,0.6875],"tintindex":0,"rotation":0,"texture":"#0"},"down":{"uv":[2.625,1.875,2.0,3.0],"tintindex":0,"rotation":0,"texture":"#0"}},"rotation":{"origin":[8.144032,9.775521,2.390499],"angle":22.5,"axis":"x"}},{"from":[10.237018,12.516142,4.631648],"to":[10.237018,17.748608,16.14307],"faces":{"east":{"uv":[7.0,4.5625,7.6875,4.875],"tintindex":0,"rotation":0,"texture":"#0"},"west":{"uv":[7.125,0.9375,7.8125,1.25],"tintindex":0,"rotation":0,"texture":"#0"}},"rotation":{"origin":[8.144032,9.775521,2.390499],"angle":-22.5,"axis":"x"}},{"from":[2.38832,4.582524,-11.170803],"to":[13.899743,16.093946,8.712563],"faces":{"east":{"uv":[0.0,0.0,1.1875,0.6875],"tintindex":0,"rotation":0,"texture":"#0"},"south":{"uv":[1.75,3.0625,2.4375,3.75],"tintindex":0,"rotation":0,"texture":"#0"},"north":{"uv":[2.6875,2.9375,3.375,3.625],"tintindex":0,"rotation":0,"texture":"#0"},"west":{"uv":[0.0,0.75,1.1875,1.4375],"tintindex":0,"rotation":0,"texture":"#0"},"up":{"uv":[1.9375,1.1875,1.25,0.0],"tintindex":0,"rotation":0,"texture":"#0"},"down":{"uv":[1.9375,1.25,1.25,2.4375],"tintindex":0,"rotation":0,"texture":"#0"}},"rotation":{"origin":[8.667278,9.775521,2.390499],"angle":22.5,"axis":"x"}}],"display":{"gui":{"rotation":[30,225,0]}}}