{"display":{"head":{},"firstperson_righthand":{},"thirdperson_lefthand":{},"firstperson_lefthand":{},"fixed":{},"ground":{},"thirdperson_righthand":{},"gui":{"rotation":[-150.0,-45.0,180.0]}},"elements":[{"from":[0.092672825,11.161137,-5.282955],"to":[16.836561,29.998013,13.553921],"rotation":{"origin":[7.418124,-0.6209583,40.46206],"axis":"x","angle":-22.5},"faces":{"east":{"uv":[4.875,2.625,5.4375,3.1875],"texture":"#0","tintindex":0},"south":{"uv":[5.25,5.75,5.75,6.3125],"texture":"#0","tintindex":0},"north":{"uv":[4.6875,5.75,5.1875,6.3125],"texture":"#0","tintindex":0},"west":{"uv":[5.0625,0.5,5.625,1.0625],"texture":"#0","tintindex":0},"up":{"uv":[6.3125,4.75,5.8125,4.1875],"texture":"#0","tintindex":0},"down":{"uv":[6.3125,5.75,5.8125,6.3125],"texture":"#0","tintindex":0}}},{"from":[1.1391664,12.20763,-2.1434746],"to":[15.790068,28.951519,14.600414],"rotation":{"origin":[8.464617,-0.6209583,40.46206],"axis":"x","angle":-22.5},"faces":{"east":{"uv":[0.875,6.5,1.375,7.0],"texture":"#0","tintindex":0},"south":{"uv":[6.75,6.125,7.1875,6.625],"texture":"#0","tintindex":0},"north":{"uv":[5.875,6.75,6.3125,7.25],"texture":"#0","tintindex":0},"west":{"uv":[1.4375,6.5,1.9375,7.0],"texture":"#0","tintindex":0},"up":{"uv":[6.8125,7.25,6.375,6.75],"texture":"#0","tintindex":0},"down":{"uv":[0.4375,6.875,0.0,7.375],"texture":"#0","tintindex":0}}}],"textures":{"particle":"#0","0":"modelengine:11e2b46f-91db-4dba-8556-32364c98904b"}}